[2026-07-16 20:08:29] local.ERROR: SQLSTATE[HY000] [2002] php_network_getaddresses: getaddrinfo for db failed: Temporary failure in name resolution (Connection: mysql, Host: db, Port: 3306, Database: gorge, SQL: delete from `cache`) {"exception":"[object] (Illuminate\\Database\\QueryException(code: 2002): SQLSTATE[HY000] [2002] php_network_getaddresses: getaddrinfo for db failed: Temporary failure in name resolution (Connection: mysql, Host: db, Port: 3306, Database: gorge, SQL: delete from `cache`) at /mnt/Felo/Courses/learing/PHP/Laravel/Gorge/vendor/laravel/framework/src/Illuminate/Database/Connection.php:843)
[stacktrace]
#0 /mnt/Felo/Courses/learing/PHP/Laravel/Gorge/vendor/laravel/framework/src/Illuminate/Database/Connection.php(1023): Illuminate\\Database\\Connection->runQueryCallback()
#1 /mnt/Felo/Courses/learing/PHP/Laravel/Gorge/vendor/laravel/framework/src/Illuminate/Database/Connection.php(1002): Illuminate\\Database\\Connection->tryAgainIfCausedByLostConnection()
#2 /mnt/Felo/Courses/learing/PHP/Laravel/Gorge/vendor/laravel/framework/src/Illuminate/Database/Connection.php(801): Illuminate\\Database\\Connection->handleQueryException()
#3 /mnt/Felo/Courses/learing/PHP/Laravel/Gorge/vendor/laravel/framework/src/Illuminate/Database/Connection.php(600): Illuminate\\Database\\Connection->run()
#4 /mnt/Felo/Courses/learing/PHP/Laravel/Gorge/vendor/laravel/framework/src/Illuminate/Database/Connection.php(564): Illuminate\\Database\\Connection->affectingStatement()
#5 /mnt/Felo/Courses/learing/PHP/Laravel/Gorge/vendor/laravel/framework/src/Illuminate/Database/Query/Builder.php(4520): Illuminate\\Database\\Connection->delete()
#6 /mnt/Felo/Courses/learing/PHP/Laravel/Gorge/vendor/laravel/framework/src/Illuminate/Cache/DatabaseStore.php(450): Illuminate\\Database\\Query\\Builder->delete()
#7 /mnt/Felo/Courses/learing/PHP/Laravel/Gorge/vendor/laravel/framework/src/Illuminate/Cache/Repository.php(1071): Illuminate\\Cache\\DatabaseStore->flush()
#8 /mnt/Felo/Courses/learing/PHP/Laravel/Gorge/vendor/laravel/framework/src/Illuminate/Cache/Console/ClearCommand.php(80): Illuminate\\Cache\\Repository->__call()
#9 /mnt/Felo/Courses/learing/PHP/Laravel/Gorge/vendor/laravel/framework/src/Illuminate/Container/BoundMethod.php(36): Illuminate\\Cache\\Console\\ClearCommand->handle()
#10 /mnt/Felo/Courses/learing/PHP/Laravel/Gorge/vendor/laravel/framework/src/Illuminate/Container/Util.php(43): Illuminate\\Container\\BoundMethod::{closure:Illuminate\\Container\\BoundMethod::call():35}()
#11 /mnt/Felo/Courses/learing/PHP/Laravel/Gorge/vendor/laravel/framework/src/Illuminate/Container/BoundMethod.php(96): Illuminate\\Container\\Util::unwrapIfClosure()
#12 /mnt/Felo/Courses/learing/PHP/Laravel/Gorge/vendor/laravel/framework/src/Illuminate/Container/BoundMethod.php(35): Illuminate\\Container\\BoundMethod::callBoundMethod()
#13 /mnt/Felo/Courses/learing/PHP/Laravel/Gorge/vendor/laravel/framework/src/Illuminate/Container/Container.php(799): Illuminate\\Container\\BoundMethod::call()
#14 /mnt/Felo/Courses/learing/PHP/Laravel/Gorge/vendor/laravel/framework/src/Illuminate/Console/Command.php(280): Illuminate\\Container\\Container->call()
#15 /mnt/Felo/Courses/learing/PHP/Laravel/Gorge/vendor/symfony/console/Command/Command.php(284): Illuminate\\Console\\Command->execute()
#16 /mnt/Felo/Courses/learing/PHP/Laravel/Gorge/vendor/laravel/framework/src/Illuminate/Console/Command.php(249): Symfony\\Component\\Console\\Command\\Command->run()
#17 /mnt/Felo/Courses/learing/PHP/Laravel/Gorge/vendor/symfony/console/Application.php(1144): Illuminate\\Console\\Command->run()
#18 /mnt/Felo/Courses/learing/PHP/Laravel/Gorge/vendor/symfony/console/Application.php(379): Symfony\\Component\\Console\\Application->doRunCommand()
#19 /mnt/Felo/Courses/learing/PHP/Laravel/Gorge/vendor/symfony/console/Application.php(218): Symfony\\Component\\Console\\Application->doRun()
#20 /mnt/Felo/Courses/learing/PHP/Laravel/Gorge/vendor/laravel/framework/src/Illuminate/Foundation/Console/Kernel.php(198): Symfony\\Component\\Console\\Application->run()
#21 /mnt/Felo/Courses/learing/PHP/Laravel/Gorge/vendor/laravel/framework/src/Illuminate/Foundation/Application.php(1235): Illuminate\\Foundation\\Console\\Kernel->handle()
#22 /mnt/Felo/Courses/learing/PHP/Laravel/Gorge/artisan(16): Illuminate\\Foundation\\Application->handleCommand()
#23 {main}

[previous exception] [object] (PDOException(code: 2002): SQLSTATE[HY000] [2002] php_network_getaddresses: getaddrinfo for db failed: Temporary failure in name resolution at /mnt/Felo/Courses/learing/PHP/Laravel/Gorge/vendor/laravel/framework/src/Illuminate/Database/Connectors/Connector.php:67)
[stacktrace]
#0 /mnt/Felo/Courses/learing/PHP/Laravel/Gorge/vendor/laravel/framework/src/Illuminate/Database/Connectors/Connector.php(67): PDO::connect()
#1 /mnt/Felo/Courses/learing/PHP/Laravel/Gorge/vendor/laravel/framework/src/Illuminate/Database/Connectors/Connector.php(85): Illuminate\\Database\\Connectors\\Connector->createPdoConnection()
#2 /mnt/Felo/Courses/learing/PHP/Laravel/Gorge/vendor/laravel/framework/src/Illuminate/Database/Connectors/Connector.php(48): Illuminate\\Database\\Connectors\\Connector->tryAgainIfCausedByLostConnection()
#3 /mnt/Felo/Courses/learing/PHP/Laravel/Gorge/vendor/laravel/framework/src/Illuminate/Database/Connectors/MySqlConnector.php(24): Illuminate\\Database\\Connectors\\Connector->createConnection()
#4 /mnt/Felo/Courses/learing/PHP/Laravel/Gorge/vendor/laravel/framework/src/Illuminate/Database/Connectors/ConnectionFactory.php(188): Illuminate\\Database\\Connectors\\MySqlConnector->connect()
#5 [internal function]: Illuminate\\Database\\Connectors\\ConnectionFactory->{closure:Illuminate\\Database\\Connectors\\ConnectionFactory::createPdoResolverWithHosts():181}()
#6 /mnt/Felo/Courses/learing/PHP/Laravel/Gorge/vendor/laravel/framework/src/Illuminate/Database/Connection.php(1281): call_user_func()
#7 /mnt/Felo/Courses/learing/PHP/Laravel/Gorge/vendor/laravel/framework/src/Illuminate/Database/Connection.php(608): Illuminate\\Database\\Connection->getPdo()
#8 /mnt/Felo/Courses/learing/PHP/Laravel/Gorge/vendor/laravel/framework/src/Illuminate/Database/Connection.php(832): Illuminate\\Database\\Connection->{closure:Illuminate\\Database\\Connection::affectingStatement():600}()
#9 /mnt/Felo/Courses/learing/PHP/Laravel/Gorge/vendor/laravel/framework/src/Illuminate/Database/Connection.php(1023): Illuminate\\Database\\Connection->runQueryCallback()
#10 /mnt/Felo/Courses/learing/PHP/Laravel/Gorge/vendor/laravel/framework/src/Illuminate/Database/Connection.php(1002): Illuminate\\Database\\Connection->tryAgainIfCausedByLostConnection()
#11 /mnt/Felo/Courses/learing/PHP/Laravel/Gorge/vendor/laravel/framework/src/Illuminate/Database/Connection.php(801): Illuminate\\Database\\Connection->handleQueryException()
#12 /mnt/Felo/Courses/learing/PHP/Laravel/Gorge/vendor/laravel/framework/src/Illuminate/Database/Connection.php(600): Illuminate\\Database\\Connection->run()
#13 /mnt/Felo/Courses/learing/PHP/Laravel/Gorge/vendor/laravel/framework/src/Illuminate/Database/Connection.php(564): Illuminate\\Database\\Connection->affectingStatement()
#14 /mnt/Felo/Courses/learing/PHP/Laravel/Gorge/vendor/laravel/framework/src/Illuminate/Database/Query/Builder.php(4520): Illuminate\\Database\\Connection->delete()
#15 /mnt/Felo/Courses/learing/PHP/Laravel/Gorge/vendor/laravel/framework/src/Illuminate/Cache/DatabaseStore.php(450): Illuminate\\Database\\Query\\Builder->delete()
#16 /mnt/Felo/Courses/learing/PHP/Laravel/Gorge/vendor/laravel/framework/src/Illuminate/Cache/Repository.php(1071): Illuminate\\Cache\\DatabaseStore->flush()
#17 /mnt/Felo/Courses/learing/PHP/Laravel/Gorge/vendor/laravel/framework/src/Illuminate/Cache/Console/ClearCommand.php(80): Illuminate\\Cache\\Repository->__call()
#18 /mnt/Felo/Courses/learing/PHP/Laravel/Gorge/vendor/laravel/framework/src/Illuminate/Container/BoundMethod.php(36): Illuminate\\Cache\\Console\\ClearCommand->handle()
#19 /mnt/Felo/Courses/learing/PHP/Laravel/Gorge/vendor/laravel/framework/src/Illuminate/Container/Util.php(43): Illuminate\\Container\\BoundMethod::{closure:Illuminate\\Container\\BoundMethod::call():35}()
#20 /mnt/Felo/Courses/learing/PHP/Laravel/Gorge/vendor/laravel/framework/src/Illuminate/Container/BoundMethod.php(96): Illuminate\\Container\\Util::unwrapIfClosure()
#21 /mnt/Felo/Courses/learing/PHP/Laravel/Gorge/vendor/laravel/framework/src/Illuminate/Container/BoundMethod.php(35): Illuminate\\Container\\BoundMethod::callBoundMethod()
#22 /mnt/Felo/Courses/learing/PHP/Laravel/Gorge/vendor/laravel/framework/src/Illuminate/Container/Container.php(799): Illuminate\\Container\\BoundMethod::call()
#23 /mnt/Felo/Courses/learing/PHP/Laravel/Gorge/vendor/laravel/framework/src/Illuminate/Console/Command.php(280): Illuminate\\Container\\Container->call()
#24 /mnt/Felo/Courses/learing/PHP/Laravel/Gorge/vendor/symfony/console/Command/Command.php(284): Illuminate\\Console\\Command->execute()
#25 /mnt/Felo/Courses/learing/PHP/Laravel/Gorge/vendor/laravel/framework/src/Illuminate/Console/Command.php(249): Symfony\\Component\\Console\\Command\\Command->run()
#26 /mnt/Felo/Courses/learing/PHP/Laravel/Gorge/vendor/symfony/console/Application.php(1144): Illuminate\\Console\\Command->run()
#27 /mnt/Felo/Courses/learing/PHP/Laravel/Gorge/vendor/symfony/console/Application.php(379): Symfony\\Component\\Console\\Application->doRunCommand()
#28 /mnt/Felo/Courses/learing/PHP/Laravel/Gorge/vendor/symfony/console/Application.php(218): Symfony\\Component\\Console\\Application->doRun()
#29 /mnt/Felo/Courses/learing/PHP/Laravel/Gorge/vendor/laravel/framework/src/Illuminate/Foundation/Console/Kernel.php(198): Symfony\\Component\\Console\\Application->run()
#30 /mnt/Felo/Courses/learing/PHP/Laravel/Gorge/vendor/laravel/framework/src/Illuminate/Foundation/Application.php(1235): Illuminate\\Foundation\\Console\\Kernel->handle()
#31 /mnt/Felo/Courses/learing/PHP/Laravel/Gorge/artisan(16): Illuminate\\Foundation\\Application->handleCommand()
#32 {main}

[previous exception] [object] (PDOException(code: 0): PDO::connect(): php_network_getaddresses: getaddrinfo for db failed: Temporary failure in name resolution at /mnt/Felo/Courses/learing/PHP/Laravel/Gorge/vendor/laravel/framework/src/Illuminate/Database/Connectors/Connector.php:67)
[stacktrace]
#0 /mnt/Felo/Courses/learing/PHP/Laravel/Gorge/vendor/laravel/framework/src/Illuminate/Database/Connectors/Connector.php(67): PDO::connect()
#1 /mnt/Felo/Courses/learing/PHP/Laravel/Gorge/vendor/laravel/framework/src/Illuminate/Database/Connectors/Connector.php(85): Illuminate\\Database\\Connectors\\Connector->createPdoConnection()
#2 /mnt/Felo/Courses/learing/PHP/Laravel/Gorge/vendor/laravel/framework/src/Illuminate/Database/Connectors/Connector.php(48): Illuminate\\Database\\Connectors\\Connector->tryAgainIfCausedByLostConnection()
#3 /mnt/Felo/Courses/learing/PHP/Laravel/Gorge/vendor/laravel/framework/src/Illuminate/Database/Connectors/MySqlConnector.php(24): Illuminate\\Database\\Connectors\\Connector->createConnection()
#4 /mnt/Felo/Courses/learing/PHP/Laravel/Gorge/vendor/laravel/framework/src/Illuminate/Database/Connectors/ConnectionFactory.php(188): Illuminate\\Database\\Connectors\\MySqlConnector->connect()
#5 [internal function]: Illuminate\\Database\\Connectors\\ConnectionFactory->{closure:Illuminate\\Database\\Connectors\\ConnectionFactory::createPdoResolverWithHosts():181}()
#6 /mnt/Felo/Courses/learing/PHP/Laravel/Gorge/vendor/laravel/framework/src/Illuminate/Database/Connection.php(1281): call_user_func()
#7 /mnt/Felo/Courses/learing/PHP/Laravel/Gorge/vendor/laravel/framework/src/Illuminate/Database/Connection.php(608): Illuminate\\Database\\Connection->getPdo()
#8 /mnt/Felo/Courses/learing/PHP/Laravel/Gorge/vendor/laravel/framework/src/Illuminate/Database/Connection.php(832): Illuminate\\Database\\Connection->{closure:Illuminate\\Database\\Connection::affectingStatement():600}()
#9 /mnt/Felo/Courses/learing/PHP/Laravel/Gorge/vendor/laravel/framework/src/Illuminate/Database/Connection.php(1023): Illuminate\\Database\\Connection->runQueryCallback()
#10 /mnt/Felo/Courses/learing/PHP/Laravel/Gorge/vendor/laravel/framework/src/Illuminate/Database/Connection.php(1002): Illuminate\\Database\\Connection->tryAgainIfCausedByLostConnection()
#11 /mnt/Felo/Courses/learing/PHP/Laravel/Gorge/vendor/laravel/framework/src/Illuminate/Database/Connection.php(801): Illuminate\\Database\\Connection->handleQueryException()
#12 /mnt/Felo/Courses/learing/PHP/Laravel/Gorge/vendor/laravel/framework/src/Illuminate/Database/Connection.php(600): Illuminate\\Database\\Connection->run()
#13 /mnt/Felo/Courses/learing/PHP/Laravel/Gorge/vendor/laravel/framework/src/Illuminate/Database/Connection.php(564): Illuminate\\Database\\Connection->affectingStatement()
#14 /mnt/Felo/Courses/learing/PHP/Laravel/Gorge/vendor/laravel/framework/src/Illuminate/Database/Query/Builder.php(4520): Illuminate\\Database\\Connection->delete()
#15 /mnt/Felo/Courses/learing/PHP/Laravel/Gorge/vendor/laravel/framework/src/Illuminate/Cache/DatabaseStore.php(450): Illuminate\\Database\\Query\\Builder->delete()
#16 /mnt/Felo/Courses/learing/PHP/Laravel/Gorge/vendor/laravel/framework/src/Illuminate/Cache/Repository.php(1071): Illuminate\\Cache\\DatabaseStore->flush()
#17 /mnt/Felo/Courses/learing/PHP/Laravel/Gorge/vendor/laravel/framework/src/Illuminate/Cache/Console/ClearCommand.php(80): Illuminate\\Cache\\Repository->__call()
#18 /mnt/Felo/Courses/learing/PHP/Laravel/Gorge/vendor/laravel/framework/src/Illuminate/Container/BoundMethod.php(36): Illuminate\\Cache\\Console\\ClearCommand->handle()
#19 /mnt/Felo/Courses/learing/PHP/Laravel/Gorge/vendor/laravel/framework/src/Illuminate/Container/Util.php(43): Illuminate\\Container\\BoundMethod::{closure:Illuminate\\Container\\BoundMethod::call():35}()
#20 /mnt/Felo/Courses/learing/PHP/Laravel/Gorge/vendor/laravel/framework/src/Illuminate/Container/BoundMethod.php(96): Illuminate\\Container\\Util::unwrapIfClosure()
#21 /mnt/Felo/Courses/learing/PHP/Laravel/Gorge/vendor/laravel/framework/src/Illuminate/Container/BoundMethod.php(35): Illuminate\\Container\\BoundMethod::callBoundMethod()
#22 /mnt/Felo/Courses/learing/PHP/Laravel/Gorge/vendor/laravel/framework/src/Illuminate/Container/Container.php(799): Illuminate\\Container\\BoundMethod::call()
#23 /mnt/Felo/Courses/learing/PHP/Laravel/Gorge/vendor/laravel/framework/src/Illuminate/Console/Command.php(280): Illuminate\\Container\\Container->call()
#24 /mnt/Felo/Courses/learing/PHP/Laravel/Gorge/vendor/symfony/console/Command/Command.php(284): Illuminate\\Console\\Command->execute()
#25 /mnt/Felo/Courses/learing/PHP/Laravel/Gorge/vendor/laravel/framework/src/Illuminate/Console/Command.php(249): Symfony\\Component\\Console\\Command\\Command->run()
#26 /mnt/Felo/Courses/learing/PHP/Laravel/Gorge/vendor/symfony/console/Application.php(1144): Illuminate\\Console\\Command->run()
#27 /mnt/Felo/Courses/learing/PHP/Laravel/Gorge/vendor/symfony/console/Application.php(379): Symfony\\Component\\Console\\Application->doRunCommand()
#28 /mnt/Felo/Courses/learing/PHP/Laravel/Gorge/vendor/symfony/console/Application.php(218): Symfony\\Component\\Console\\Application->doRun()
#29 /mnt/Felo/Courses/learing/PHP/Laravel/Gorge/vendor/laravel/framework/src/Illuminate/Foundation/Console/Kernel.php(198): Symfony\\Component\\Console\\Application->run()
#30 /mnt/Felo/Courses/learing/PHP/Laravel/Gorge/vendor/laravel/framework/src/Illuminate/Foundation/Application.php(1235): Illuminate\\Foundation\\Console\\Kernel->handle()
#31 /mnt/Felo/Courses/learing/PHP/Laravel/Gorge/artisan(16): Illuminate\\Foundation\\Application->handleCommand()
#32 {main}
"} 
[2026-07-16 20:20:30] local.ERROR: SQLSTATE[HY000] [2002] php_network_getaddresses: getaddrinfo for db failed: Temporary failure in name resolution (Connection: mysql, Host: db, Port: 3306, Database: gorge, SQL: select * from `sessions` where `id` = 9ler5562kRp6dgcmqDI6FEZ0MBstbugfdlKLBFvs limit 1) {"exception":"[object] (Illuminate\\Database\\QueryException(code: 2002): SQLSTATE[HY000] [2002] php_network_getaddresses: getaddrinfo for db failed: Temporary failure in name resolution (Connection: mysql, Host: db, Port: 3306, Database: gorge, SQL: select * from `sessions` where `id` = 9ler5562kRp6dgcmqDI6FEZ0MBstbugfdlKLBFvs limit 1) at /mnt/Felo/Courses/learing/PHP/Laravel/Gorge/vendor/laravel/framework/src/Illuminate/Database/Connection.php:843)
[stacktrace]
#0 /mnt/Felo/Courses/learing/PHP/Laravel/Gorge/vendor/laravel/framework/src/Illuminate/Database/Connection.php(1023): Illuminate\\Database\\Connection->runQueryCallback()
#1 /mnt/Felo/Courses/learing/PHP/Laravel/Gorge/vendor/laravel/framework/src/Illuminate/Database/Connection.php(1002): Illuminate\\Database\\Connection->tryAgainIfCausedByLostConnection()
#2 /mnt/Felo/Courses/learing/PHP/Laravel/Gorge/vendor/laravel/framework/src/Illuminate/Database/Connection.php(801): Illuminate\\Database\\Connection->handleQueryException()
#3 /mnt/Felo/Courses/learing/PHP/Laravel/Gorge/vendor/laravel/framework/src/Illuminate/Database/Connection.php(412): Illuminate\\Database\\Connection->run()
#4 /mnt/Felo/Courses/learing/PHP/Laravel/Gorge/vendor/laravel/framework/src/Illuminate/Database/Query/Builder.php(3573): Illuminate\\Database\\Connection->select()
#5 /mnt/Felo/Courses/learing/PHP/Laravel/Gorge/vendor/laravel/framework/src/Illuminate/Database/Query/Builder.php(3557): Illuminate\\Database\\Query\\Builder->runSelect()
#6 /mnt/Felo/Courses/learing/PHP/Laravel/Gorge/vendor/laravel/framework/src/Illuminate/Database/Concerns/BuildsQueries.php(366): Illuminate\\Database\\Query\\Builder->get()
#7 /mnt/Felo/Courses/learing/PHP/Laravel/Gorge/vendor/laravel/framework/src/Illuminate/Database/Query/Builder.php(3475): Illuminate\\Database\\Query\\Builder->first()
#8 /mnt/Felo/Courses/learing/PHP/Laravel/Gorge/vendor/laravel/framework/src/Illuminate/Session/DatabaseSessionHandler.php(96): Illuminate\\Database\\Query\\Builder->find()
#9 /mnt/Felo/Courses/learing/PHP/Laravel/Gorge/vendor/laravel/framework/src/Illuminate/Session/Store.php(128): Illuminate\\Session\\DatabaseSessionHandler->read()
#10 /mnt/Felo/Courses/learing/PHP/Laravel/Gorge/vendor/laravel/framework/src/Illuminate/Session/Store.php(116): Illuminate\\Session\\Store->readFromHandler()
#11 /mnt/Felo/Courses/learing/PHP/Laravel/Gorge/vendor/laravel/framework/src/Illuminate/Session/Store.php(100): Illuminate\\Session\\Store->loadSession()
#12 /mnt/Felo/Courses/learing/PHP/Laravel/Gorge/vendor/laravel/framework/src/Illuminate/Session/Middleware/StartSession.php(146): Illuminate\\Session\\Store->start()
#13 /mnt/Felo/Courses/learing/PHP/Laravel/Gorge/vendor/laravel/framework/src/Illuminate/Support/helpers.php(393): Illuminate\\Session\\Middleware\\StartSession->{closure:Illuminate\\Session\\Middleware\\StartSession::startSession():143}()
#14 /mnt/Felo/Courses/learing/PHP/Laravel/Gorge/vendor/laravel/framework/src/Illuminate/Session/Middleware/StartSession.php(143): tap()
#15 /mnt/Felo/Courses/learing/PHP/Laravel/Gorge/vendor/laravel/framework/src/Illuminate/Session/Middleware/StartSession.php(115): Illuminate\\Session\\Middleware\\StartSession->startSession()
#16 /mnt/Felo/Courses/learing/PHP/Laravel/Gorge/vendor/laravel/framework/src/Illuminate/Session/Middleware/StartSession.php(63): Illuminate\\Session\\Middleware\\StartSession->handleStatefulRequest()
#17 /mnt/Felo/Courses/learing/PHP/Laravel/Gorge/vendor/laravel/framework/src/Illuminate/Pipeline/Pipeline.php(219): Illuminate\\Session\\Middleware\\StartSession->handle()
#18 /mnt/Felo/Courses/learing/PHP/Laravel/Gorge/vendor/laravel/framework/src/Illuminate/Cookie/Middleware/AddQueuedCookiesToResponse.php(36): Illuminate\\Pipeline\\Pipeline->{closure:{closure:Illuminate\\Pipeline\\Pipeline::carry():194}:195}()
#19 /mnt/Felo/Courses/learing/PHP/Laravel/Gorge/vendor/laravel/framework/src/Illuminate/Pipeline/Pipeline.php(219): Illuminate\\Cookie\\Middleware\\AddQueuedCookiesToResponse->handle()
#20 /mnt/Felo/Courses/learing/PHP/Laravel/Gorge/vendor/laravel/framework/src/Illuminate/Cookie/Middleware/EncryptCookies.php(74): Illuminate\\Pipeline\\Pipeline->{closure:{closure:Illuminate\\Pipeline\\Pipeline::carry():194}:195}()
#21 /mnt/Felo/Courses/learing/PHP/Laravel/Gorge/vendor/laravel/framework/src/Illuminate/Pipeline/Pipeline.php(219): Illuminate\\Cookie\\Middleware\\EncryptCookies->handle()
#22 /mnt/Felo/Courses/learing/PHP/Laravel/Gorge/vendor/laravel/framework/src/Illuminate/Pipeline/Pipeline.php(137): Illuminate\\Pipeline\\Pipeline->{closure:{closure:Illuminate\\Pipeline\\Pipeline::carry():194}:195}()
#23 /mnt/Felo/Courses/learing/PHP/Laravel/Gorge/vendor/laravel/framework/src/Illuminate/Routing/Router.php(821): Illuminate\\Pipeline\\Pipeline->then()
#24 /mnt/Felo/Courses/learing/PHP/Laravel/Gorge/vendor/laravel/framework/src/Illuminate/Routing/Router.php(800): Illuminate\\Routing\\Router->runRouteWithinStack()
#25 /mnt/Felo/Courses/learing/PHP/Laravel/Gorge/vendor/laravel/framework/src/Illuminate/Routing/Router.php(764): Illuminate\\Routing\\Router->runRoute()
#26 /mnt/Felo/Courses/learing/PHP/Laravel/Gorge/vendor/laravel/framework/src/Illuminate/Routing/Router.php(753): Illuminate\\Routing\\Router->dispatchToRoute()
#27 /mnt/Felo/Courses/learing/PHP/Laravel/Gorge/vendor/laravel/framework/src/Illuminate/Foundation/Http/Kernel.php(200): Illuminate\\Routing\\Router->dispatch()
#28 /mnt/Felo/Courses/learing/PHP/Laravel/Gorge/vendor/laravel/framework/src/Illuminate/Pipeline/Pipeline.php(180): Illuminate\\Foundation\\Http\\Kernel->{closure:Illuminate\\Foundation\\Http\\Kernel::dispatchToRouter():197}()
#29 /mnt/Felo/Courses/learing/PHP/Laravel/Gorge/vendor/laravel/framework/src/Illuminate/Foundation/Http/Middleware/TransformsRequest.php(21): Illuminate\\Pipeline\\Pipeline->{closure:Illuminate\\Pipeline\\Pipeline::prepareDestination():178}()
#30 /mnt/Felo/Courses/learing/PHP/Laravel/Gorge/vendor/laravel/framework/src/Illuminate/Foundation/Http/Middleware/ConvertEmptyStringsToNull.php(31): Illuminate\\Foundation\\Http\\Middleware\\TransformsRequest->handle()
#31 /mnt/Felo/Courses/learing/PHP/Laravel/Gorge/vendor/laravel/framework/src/Illuminate/Pipeline/Pipeline.php(219): Illuminate\\Foundation\\Http\\Middleware\\ConvertEmptyStringsToNull->handle()
#32 /mnt/Felo/Courses/learing/PHP/Laravel/Gorge/vendor/laravel/framework/src/Illuminate/Foundation/Http/Middleware/TransformsRequest.php(21): Illuminate\\Pipeline\\Pipeline->{closure:{closure:Illuminate\\Pipeline\\Pipeline::carry():194}:195}()
#33 /mnt/Felo/Courses/learing/PHP/Laravel/Gorge/vendor/laravel/framework/src/Illuminate/Foundation/Http/Middleware/TrimStrings.php(51): Illuminate\\Foundation\\Http\\Middleware\\TransformsRequest->handle()
#34 /mnt/Felo/Courses/learing/PHP/Laravel/Gorge/vendor/laravel/framework/src/Illuminate/Pipeline/Pipeline.php(219): Illuminate\\Foundation\\Http\\Middleware\\TrimStrings->handle()
#35 /mnt/Felo/Courses/learing/PHP/Laravel/Gorge/vendor/laravel/framework/src/Illuminate/Http/Middleware/ValidatePostSize.php(27): Illuminate\\Pipeline\\Pipeline->{closure:{closure:Illuminate\\Pipeline\\Pipeline::carry():194}:195}()
#36 /mnt/Felo/Courses/learing/PHP/Laravel/Gorge/vendor/laravel/framework/src/Illuminate/Pipeline/Pipeline.php(219): Illuminate\\Http\\Middleware\\ValidatePostSize->handle()
#37 /mnt/Felo/Courses/learing/PHP/Laravel/Gorge/vendor/laravel/framework/src/Illuminate/Foundation/Http/Middleware/PreventRequestsDuringMaintenance.php(109): Illuminate\\Pipeline\\Pipeline->{closure:{closure:Illuminate\\Pipeline\\Pipeline::carry():194}:195}()
#38 /mnt/Felo/Courses/learing/PHP/Laravel/Gorge/vendor/laravel/framework/src/Illuminate/Pipeline/Pipeline.php(219): Illuminate\\Foundation\\Http\\Middleware\\PreventRequestsDuringMaintenance->handle()
#39 /mnt/Felo/Courses/learing/PHP/Laravel/Gorge/vendor/laravel/framework/src/Illuminate/Http/Middleware/HandleCors.php(61): Illuminate\\Pipeline\\Pipeline->{closure:{closure:Illuminate\\Pipeline\\Pipeline::carry():194}:195}()
#40 /mnt/Felo/Courses/learing/PHP/Laravel/Gorge/vendor/laravel/framework/src/Illuminate/Pipeline/Pipeline.php(219): Illuminate\\Http\\Middleware\\HandleCors->handle()
#41 /mnt/Felo/Courses/learing/PHP/Laravel/Gorge/vendor/laravel/framework/src/Illuminate/Http/Middleware/TrustProxies.php(58): Illuminate\\Pipeline\\Pipeline->{closure:{closure:Illuminate\\Pipeline\\Pipeline::carry():194}:195}()
#42 /mnt/Felo/Courses/learing/PHP/Laravel/Gorge/vendor/laravel/framework/src/Illuminate/Pipeline/Pipeline.php(219): Illuminate\\Http\\Middleware\\TrustProxies->handle()
#43 /mnt/Felo/Courses/learing/PHP/Laravel/Gorge/vendor/laravel/framework/src/Illuminate/Foundation/Http/Middleware/InvokeDeferredCallbacks.php(22): Illuminate\\Pipeline\\Pipeline->{closure:{closure:Illuminate\\Pipeline\\Pipeline::carry():194}:195}()
#44 /mnt/Felo/Courses/learing/PHP/Laravel/Gorge/vendor/laravel/framework/src/Illuminate/Pipeline/Pipeline.php(219): Illuminate\\Foundation\\Http\\Middleware\\InvokeDeferredCallbacks->handle()
#45 /mnt/Felo/Courses/learing/PHP/Laravel/Gorge/vendor/laravel/framework/src/Illuminate/Http/Middleware/ValidatePathEncoding.php(28): Illuminate\\Pipeline\\Pipeline->{closure:{closure:Illuminate\\Pipeline\\Pipeline::carry():194}:195}()
#46 /mnt/Felo/Courses/learing/PHP/Laravel/Gorge/vendor/laravel/framework/src/Illuminate/Pipeline/Pipeline.php(219): Illuminate\\Http\\Middleware\\ValidatePathEncoding->handle()
#47 /mnt/Felo/Courses/learing/PHP/Laravel/Gorge/vendor/laravel/framework/src/Illuminate/Pipeline/Pipeline.php(137): Illuminate\\Pipeline\\Pipeline->{closure:{closure:Illuminate\\Pipeline\\Pipeline::carry():194}:195}()
#48 /mnt/Felo/Courses/learing/PHP/Laravel/Gorge/vendor/laravel/framework/src/Illuminate/Foundation/Http/Kernel.php(175): Illuminate\\Pipeline\\Pipeline->then()
#49 /mnt/Felo/Courses/learing/PHP/Laravel/Gorge/vendor/laravel/framework/src/Illuminate/Foundation/Http/Kernel.php(144): Illuminate\\Foundation\\Http\\Kernel->sendRequestThroughRouter()
#50 /mnt/Felo/Courses/learing/PHP/Laravel/Gorge/vendor/laravel/framework/src/Illuminate/Foundation/Application.php(1220): Illuminate\\Foundation\\Http\\Kernel->handle()
#51 /mnt/Felo/Courses/learing/PHP/Laravel/Gorge/public/index.php(20): Illuminate\\Foundation\\Application->handleRequest()
#52 /mnt/Felo/Courses/learing/PHP/Laravel/Gorge/vendor/laravel/framework/src/Illuminate/Foundation/resources/server.php(23): require_once('...')
#53 {main}

[previous exception] [object] (PDOException(code: 2002): SQLSTATE[HY000] [2002] php_network_getaddresses: getaddrinfo for db failed: Temporary failure in name resolution at /mnt/Felo/Courses/learing/PHP/Laravel/Gorge/vendor/laravel/framework/src/Illuminate/Database/Connectors/Connector.php:67)
[stacktrace]
#0 /mnt/Felo/Courses/learing/PHP/Laravel/Gorge/vendor/laravel/framework/src/Illuminate/Database/Connectors/Connector.php(67): PDO::connect()
#1 /mnt/Felo/Courses/learing/PHP/Laravel/Gorge/vendor/laravel/framework/src/Illuminate/Database/Connectors/Connector.php(85): Illuminate\\Database\\Connectors\\Connector->createPdoConnection()
#2 /mnt/Felo/Courses/learing/PHP/Laravel/Gorge/vendor/laravel/framework/src/Illuminate/Database/Connectors/Connector.php(48): Illuminate\\Database\\Connectors\\Connector->tryAgainIfCausedByLostConnection()
#3 /mnt/Felo/Courses/learing/PHP/Laravel/Gorge/vendor/laravel/framework/src/Illuminate/Database/Connectors/MySqlConnector.php(24): Illuminate\\Database\\Connectors\\Connector->createConnection()
#4 /mnt/Felo/Courses/learing/PHP/Laravel/Gorge/vendor/laravel/framework/src/Illuminate/Database/Connectors/ConnectionFactory.php(188): Illuminate\\Database\\Connectors\\MySqlConnector->connect()
#5 [internal function]: Illuminate\\Database\\Connectors\\ConnectionFactory->{closure:Illuminate\\Database\\Connectors\\ConnectionFactory::createPdoResolverWithHosts():181}()
#6 /mnt/Felo/Courses/learing/PHP/Laravel/Gorge/vendor/laravel/framework/src/Illuminate/Database/Connection.php(1281): call_user_func()
#7 /mnt/Felo/Courses/learing/PHP/Laravel/Gorge/vendor/laravel/framework/src/Illuminate/Database/Connection.php(528): Illuminate\\Database\\Connection->getPdo()
#8 /mnt/Felo/Courses/learing/PHP/Laravel/Gorge/vendor/laravel/framework/src/Illuminate/Database/Connection.php(421): Illuminate\\Database\\Connection->getPdoForSelect()
#9 /mnt/Felo/Courses/learing/PHP/Laravel/Gorge/vendor/laravel/framework/src/Illuminate/Database/Connection.php(832): Illuminate\\Database\\Connection->{closure:Illuminate\\Database\\Connection::select():412}()
#10 /mnt/Felo/Courses/learing/PHP/Laravel/Gorge/vendor/laravel/framework/src/Illuminate/Database/Connection.php(1023): Illuminate\\Database\\Connection->runQueryCallback()
#11 /mnt/Felo/Courses/learing/PHP/Laravel/Gorge/vendor/laravel/framework/src/Illuminate/Database/Connection.php(1002): Illuminate\\Database\\Connection->tryAgainIfCausedByLostConnection()
#12 /mnt/Felo/Courses/learing/PHP/Laravel/Gorge/vendor/laravel/framework/src/Illuminate/Database/Connection.php(801): Illuminate\\Database\\Connection->handleQueryException()
#13 /mnt/Felo/Courses/learing/PHP/Laravel/Gorge/vendor/laravel/framework/src/Illuminate/Database/Connection.php(412): Illuminate\\Database\\Connection->run()
#14 /mnt/Felo/Courses/learing/PHP/Laravel/Gorge/vendor/laravel/framework/src/Illuminate/Database/Query/Builder.php(3573): Illuminate\\Database\\Connection->select()
#15 /mnt/Felo/Courses/learing/PHP/Laravel/Gorge/vendor/laravel/framework/src/Illuminate/Database/Query/Builder.php(3557): Illuminate\\Database\\Query\\Builder->runSelect()
#16 /mnt/Felo/Courses/learing/PHP/Laravel/Gorge/vendor/laravel/framework/src/Illuminate/Database/Concerns/BuildsQueries.php(366): Illuminate\\Database\\Query\\Builder->get()
#17 /mnt/Felo/Courses/learing/PHP/Laravel/Gorge/vendor/laravel/framework/src/Illuminate/Database/Query/Builder.php(3475): Illuminate\\Database\\Query\\Builder->first()
#18 /mnt/Felo/Courses/learing/PHP/Laravel/Gorge/vendor/laravel/framework/src/Illuminate/Session/DatabaseSessionHandler.php(96): Illuminate\\Database\\Query\\Builder->find()
#19 /mnt/Felo/Courses/learing/PHP/Laravel/Gorge/vendor/laravel/framework/src/Illuminate/Session/Store.php(128): Illuminate\\Session\\DatabaseSessionHandler->read()
#20 /mnt/Felo/Courses/learing/PHP/Laravel/Gorge/vendor/laravel/framework/src/Illuminate/Session/Store.php(116): Illuminate\\Session\\Store->readFromHandler()
#21 /mnt/Felo/Courses/learing/PHP/Laravel/Gorge/vendor/laravel/framework/src/Illuminate/Session/Store.php(100): Illuminate\\Session\\Store->loadSession()
#22 /mnt/Felo/Courses/learing/PHP/Laravel/Gorge/vendor/laravel/framework/src/Illuminate/Session/Middleware/StartSession.php(146): Illuminate\\Session\\Store->start()
#23 /mnt/Felo/Courses/learing/PHP/Laravel/Gorge/vendor/laravel/framework/src/Illuminate/Support/helpers.php(393): Illuminate\\Session\\Middleware\\StartSession->{closure:Illuminate\\Session\\Middleware\\StartSession::startSession():143}()
#24 /mnt/Felo/Courses/learing/PHP/Laravel/Gorge/vendor/laravel/framework/src/Illuminate/Session/Middleware/StartSession.php(143): tap()
#25 /mnt/Felo/Courses/learing/PHP/Laravel/Gorge/vendor/laravel/framework/src/Illuminate/Session/Middleware/StartSession.php(115): Illuminate\\Session\\Middleware\\StartSession->startSession()
#26 /mnt/Felo/Courses/learing/PHP/Laravel/Gorge/vendor/laravel/framework/src/Illuminate/Session/Middleware/StartSession.php(63): Illuminate\\Session\\Middleware\\StartSession->handleStatefulRequest()
#27 /mnt/Felo/Courses/learing/PHP/Laravel/Gorge/vendor/laravel/framework/src/Illuminate/Pipeline/Pipeline.php(219): Illuminate\\Session\\Middleware\\StartSession->handle()
#28 /mnt/Felo/Courses/learing/PHP/Laravel/Gorge/vendor/laravel/framework/src/Illuminate/Cookie/Middleware/AddQueuedCookiesToResponse.php(36): Illuminate\\Pipeline\\Pipeline->{closure:{closure:Illuminate\\Pipeline\\Pipeline::carry():194}:195}()
#29 /mnt/Felo/Courses/learing/PHP/Laravel/Gorge/vendor/laravel/framework/src/Illuminate/Pipeline/Pipeline.php(219): Illuminate\\Cookie\\Middleware\\AddQueuedCookiesToResponse->handle()
#30 /mnt/Felo/Courses/learing/PHP/Laravel/Gorge/vendor/laravel/framework/src/Illuminate/Cookie/Middleware/EncryptCookies.php(74): Illuminate\\Pipeline\\Pipeline->{closure:{closure:Illuminate\\Pipeline\\Pipeline::carry():194}:195}()
#31 /mnt/Felo/Courses/learing/PHP/Laravel/Gorge/vendor/laravel/framework/src/Illuminate/Pipeline/Pipeline.php(219): Illuminate\\Cookie\\Middleware\\EncryptCookies->handle()
#32 /mnt/Felo/Courses/learing/PHP/Laravel/Gorge/vendor/laravel/framework/src/Illuminate/Pipeline/Pipeline.php(137): Illuminate\\Pipeline\\Pipeline->{closure:{closure:Illuminate\\Pipeline\\Pipeline::carry():194}:195}()
#33 /mnt/Felo/Courses/learing/PHP/Laravel/Gorge/vendor/laravel/framework/src/Illuminate/Routing/Router.php(821): Illuminate\\Pipeline\\Pipeline->then()
#34 /mnt/Felo/Courses/learing/PHP/Laravel/Gorge/vendor/laravel/framework/src/Illuminate/Routing/Router.php(800): Illuminate\\Routing\\Router->runRouteWithinStack()
#35 /mnt/Felo/Courses/learing/PHP/Laravel/Gorge/vendor/laravel/framework/src/Illuminate/Routing/Router.php(764): Illuminate\\Routing\\Router->runRoute()
#36 /mnt/Felo/Courses/learing/PHP/Laravel/Gorge/vendor/laravel/framework/src/Illuminate/Routing/Router.php(753): Illuminate\\Routing\\Router->dispatchToRoute()
#37 /mnt/Felo/Courses/learing/PHP/Laravel/Gorge/vendor/laravel/framework/src/Illuminate/Foundation/Http/Kernel.php(200): Illuminate\\Routing\\Router->dispatch()
#38 /mnt/Felo/Courses/learing/PHP/Laravel/Gorge/vendor/laravel/framework/src/Illuminate/Pipeline/Pipeline.php(180): Illuminate\\Foundation\\Http\\Kernel->{closure:Illuminate\\Foundation\\Http\\Kernel::dispatchToRouter():197}()
#39 /mnt/Felo/Courses/learing/PHP/Laravel/Gorge/vendor/laravel/framework/src/Illuminate/Foundation/Http/Middleware/TransformsRequest.php(21): Illuminate\\Pipeline\\Pipeline->{closure:Illuminate\\Pipeline\\Pipeline::prepareDestination():178}()
#40 /mnt/Felo/Courses/learing/PHP/Laravel/Gorge/vendor/laravel/framework/src/Illuminate/Foundation/Http/Middleware/ConvertEmptyStringsToNull.php(31): Illuminate\\Foundation\\Http\\Middleware\\TransformsRequest->handle()
#41 /mnt/Felo/Courses/learing/PHP/Laravel/Gorge/vendor/laravel/framework/src/Illuminate/Pipeline/Pipeline.php(219): Illuminate\\Foundation\\Http\\Middleware\\ConvertEmptyStringsToNull->handle()
#42 /mnt/Felo/Courses/learing/PHP/Laravel/Gorge/vendor/laravel/framework/src/Illuminate/Foundation/Http/Middleware/TransformsRequest.php(21): Illuminate\\Pipeline\\Pipeline->{closure:{closure:Illuminate\\Pipeline\\Pipeline::carry():194}:195}()
#43 /mnt/Felo/Courses/learing/PHP/Laravel/Gorge/vendor/laravel/framework/src/Illuminate/Foundation/Http/Middleware/TrimStrings.php(51): Illuminate\\Foundation\\Http\\Middleware\\TransformsRequest->handle()
#44 /mnt/Felo/Courses/learing/PHP/Laravel/Gorge/vendor/laravel/framework/src/Illuminate/Pipeline/Pipeline.php(219): Illuminate\\Foundation\\Http\\Middleware\\TrimStrings->handle()
#45 /mnt/Felo/Courses/learing/PHP/Laravel/Gorge/vendor/laravel/framework/src/Illuminate/Http/Middleware/ValidatePostSize.php(27): Illuminate\\Pipeline\\Pipeline->{closure:{closure:Illuminate\\Pipeline\\Pipeline::carry():194}:195}()
#46 /mnt/Felo/Courses/learing/PHP/Laravel/Gorge/vendor/laravel/framework/src/Illuminate/Pipeline/Pipeline.php(219): Illuminate\\Http\\Middleware\\ValidatePostSize->handle()
#47 /mnt/Felo/Courses/learing/PHP/Laravel/Gorge/vendor/laravel/framework/src/Illuminate/Foundation/Http/Middleware/PreventRequestsDuringMaintenance.php(109): Illuminate\\Pipeline\\Pipeline->{closure:{closure:Illuminate\\Pipeline\\Pipeline::carry():194}:195}()
#48 /mnt/Felo/Courses/learing/PHP/Laravel/Gorge/vendor/laravel/framework/src/Illuminate/Pipeline/Pipeline.php(219): Illuminate\\Foundation\\Http\\Middleware\\PreventRequestsDuringMaintenance->handle()
#49 /mnt/Felo/Courses/learing/PHP/Laravel/Gorge/vendor/laravel/framework/src/Illuminate/Http/Middleware/HandleCors.php(61): Illuminate\\Pipeline\\Pipeline->{closure:{closure:Illuminate\\Pipeline\\Pipeline::carry():194}:195}()
#50 /mnt/Felo/Courses/learing/PHP/Laravel/Gorge/vendor/laravel/framework/src/Illuminate/Pipeline/Pipeline.php(219): Illuminate\\Http\\Middleware\\HandleCors->handle()
#51 /mnt/Felo/Courses/learing/PHP/Laravel/Gorge/vendor/laravel/framework/src/Illuminate/Http/Middleware/TrustProxies.php(58): Illuminate\\Pipeline\\Pipeline->{closure:{closure:Illuminate\\Pipeline\\Pipeline::carry():194}:195}()
#52 /mnt/Felo/Courses/learing/PHP/Laravel/Gorge/vendor/laravel/framework/src/Illuminate/Pipeline/Pipeline.php(219): Illuminate\\Http\\Middleware\\TrustProxies->handle()
#53 /mnt/Felo/Courses/learing/PHP/Laravel/Gorge/vendor/laravel/framework/src/Illuminate/Foundation/Http/Middleware/InvokeDeferredCallbacks.php(22): Illuminate\\Pipeline\\Pipeline->{closure:{closure:Illuminate\\Pipeline\\Pipeline::carry():194}:195}()
#54 /mnt/Felo/Courses/learing/PHP/Laravel/Gorge/vendor/laravel/framework/src/Illuminate/Pipeline/Pipeline.php(219): Illuminate\\Foundation\\Http\\Middleware\\InvokeDeferredCallbacks->handle()
#55 /mnt/Felo/Courses/learing/PHP/Laravel/Gorge/vendor/laravel/framework/src/Illuminate/Http/Middleware/ValidatePathEncoding.php(28): Illuminate\\Pipeline\\Pipeline->{closure:{closure:Illuminate\\Pipeline\\Pipeline::carry():194}:195}()
#56 /mnt/Felo/Courses/learing/PHP/Laravel/Gorge/vendor/laravel/framework/src/Illuminate/Pipeline/Pipeline.php(219): Illuminate\\Http\\Middleware\\ValidatePathEncoding->handle()
#57 /mnt/Felo/Courses/learing/PHP/Laravel/Gorge/vendor/laravel/framework/src/Illuminate/Pipeline/Pipeline.php(137): Illuminate\\Pipeline\\Pipeline->{closure:{closure:Illuminate\\Pipeline\\Pipeline::carry():194}:195}()
#58 /mnt/Felo/Courses/learing/PHP/Laravel/Gorge/vendor/laravel/framework/src/Illuminate/Foundation/Http/Kernel.php(175): Illuminate\\Pipeline\\Pipeline->then()
#59 /mnt/Felo/Courses/learing/PHP/Laravel/Gorge/vendor/laravel/framework/src/Illuminate/Foundation/Http/Kernel.php(144): Illuminate\\Foundation\\Http\\Kernel->sendRequestThroughRouter()
#60 /mnt/Felo/Courses/learing/PHP/Laravel/Gorge/vendor/laravel/framework/src/Illuminate/Foundation/Application.php(1220): Illuminate\\Foundation\\Http\\Kernel->handle()
#61 /mnt/Felo/Courses/learing/PHP/Laravel/Gorge/public/index.php(20): Illuminate\\Foundation\\Application->handleRequest()
#62 /mnt/Felo/Courses/learing/PHP/Laravel/Gorge/vendor/laravel/framework/src/Illuminate/Foundation/resources/server.php(23): require_once('...')
#63 {main}

[previous exception] [object] (PDOException(code: 0): PDO::connect(): php_network_getaddresses: getaddrinfo for db failed: Temporary failure in name resolution at /mnt/Felo/Courses/learing/PHP/Laravel/Gorge/vendor/laravel/framework/src/Illuminate/Database/Connectors/Connector.php:67)
[stacktrace]
#0 /mnt/Felo/Courses/learing/PHP/Laravel/Gorge/vendor/laravel/framework/src/Illuminate/Database/Connectors/Connector.php(67): PDO::connect()
#1 /mnt/Felo/Courses/learing/PHP/Laravel/Gorge/vendor/laravel/framework/src/Illuminate/Database/Connectors/Connector.php(85): Illuminate\\Database\\Connectors\\Connector->createPdoConnection()
#2 /mnt/Felo/Courses/learing/PHP/Laravel/Gorge/vendor/laravel/framework/src/Illuminate/Database/Connectors/Connector.php(48): Illuminate\\Database\\Connectors\\Connector->tryAgainIfCausedByLostConnection()
#3 /mnt/Felo/Courses/learing/PHP/Laravel/Gorge/vendor/laravel/framework/src/Illuminate/Database/Connectors/MySqlConnector.php(24): Illuminate\\Database\\Connectors\\Connector->createConnection()
#4 /mnt/Felo/Courses/learing/PHP/Laravel/Gorge/vendor/laravel/framework/src/Illuminate/Database/Connectors/ConnectionFactory.php(188): Illuminate\\Database\\Connectors\\MySqlConnector->connect()
#5 [internal function]: Illuminate\\Database\\Connectors\\ConnectionFactory->{closure:Illuminate\\Database\\Connectors\\ConnectionFactory::createPdoResolverWithHosts():181}()
#6 /mnt/Felo/Courses/learing/PHP/Laravel/Gorge/vendor/laravel/framework/src/Illuminate/Database/Connection.php(1281): call_user_func()
#7 /mnt/Felo/Courses/learing/PHP/Laravel/Gorge/vendor/laravel/framework/src/Illuminate/Database/Connection.php(528): Illuminate\\Database\\Connection->getPdo()
#8 /mnt/Felo/Courses/learing/PHP/Laravel/Gorge/vendor/laravel/framework/src/Illuminate/Database/Connection.php(421): Illuminate\\Database\\Connection->getPdoForSelect()
#9 /mnt/Felo/Courses/learing/PHP/Laravel/Gorge/vendor/laravel/framework/src/Illuminate/Database/Connection.php(832): Illuminate\\Database\\Connection->{closure:Illuminate\\Database\\Connection::select():412}()
#10 /mnt/Felo/Courses/learing/PHP/Laravel/Gorge/vendor/laravel/framework/src/Illuminate/Database/Connection.php(1023): Illuminate\\Database\\Connection->runQueryCallback()
#11 /mnt/Felo/Courses/learing/PHP/Laravel/Gorge/vendor/laravel/framework/src/Illuminate/Database/Connection.php(1002): Illuminate\\Database\\Connection->tryAgainIfCausedByLostConnection()
#12 /mnt/Felo/Courses/learing/PHP/Laravel/Gorge/vendor/laravel/framework/src/Illuminate/Database/Connection.php(801): Illuminate\\Database\\Connection->handleQueryException()
#13 /mnt/Felo/Courses/learing/PHP/Laravel/Gorge/vendor/laravel/framework/src/Illuminate/Database/Connection.php(412): Illuminate\\Database\\Connection->run()
#14 /mnt/Felo/Courses/learing/PHP/Laravel/Gorge/vendor/laravel/framework/src/Illuminate/Database/Query/Builder.php(3573): Illuminate\\Database\\Connection->select()
#15 /mnt/Felo/Courses/learing/PHP/Laravel/Gorge/vendor/laravel/framework/src/Illuminate/Database/Query/Builder.php(3557): Illuminate\\Database\\Query\\Builder->runSelect()
#16 /mnt/Felo/Courses/learing/PHP/Laravel/Gorge/vendor/laravel/framework/src/Illuminate/Database/Concerns/BuildsQueries.php(366): Illuminate\\Database\\Query\\Builder->get()
#17 /mnt/Felo/Courses/learing/PHP/Laravel/Gorge/vendor/laravel/framework/src/Illuminate/Database/Query/Builder.php(3475): Illuminate\\Database\\Query\\Builder->first()
#18 /mnt/Felo/Courses/learing/PHP/Laravel/Gorge/vendor/laravel/framework/src/Illuminate/Session/DatabaseSessionHandler.php(96): Illuminate\\Database\\Query\\Builder->find()
#19 /mnt/Felo/Courses/learing/PHP/Laravel/Gorge/vendor/laravel/framework/src/Illuminate/Session/Store.php(128): Illuminate\\Session\\DatabaseSessionHandler->read()
#20 /mnt/Felo/Courses/learing/PHP/Laravel/Gorge/vendor/laravel/framework/src/Illuminate/Session/Store.php(116): Illuminate\\Session\\Store->readFromHandler()
#21 /mnt/Felo/Courses/learing/PHP/Laravel/Gorge/vendor/laravel/framework/src/Illuminate/Session/Store.php(100): Illuminate\\Session\\Store->loadSession()
#22 /mnt/Felo/Courses/learing/PHP/Laravel/Gorge/vendor/laravel/framework/src/Illuminate/Session/Middleware/StartSession.php(146): Illuminate\\Session\\Store->start()
#23 /mnt/Felo/Courses/learing/PHP/Laravel/Gorge/vendor/laravel/framework/src/Illuminate/Support/helpers.php(393): Illuminate\\Session\\Middleware\\StartSession->{closure:Illuminate\\Session\\Middleware\\StartSession::startSession():143}()
#24 /mnt/Felo/Courses/learing/PHP/Laravel/Gorge/vendor/laravel/framework/src/Illuminate/Session/Middleware/StartSession.php(143): tap()
#25 /mnt/Felo/Courses/learing/PHP/Laravel/Gorge/vendor/laravel/framework/src/Illuminate/Session/Middleware/StartSession.php(115): Illuminate\\Session\\Middleware\\StartSession->startSession()
#26 /mnt/Felo/Courses/learing/PHP/Laravel/Gorge/vendor/laravel/framework/src/Illuminate/Session/Middleware/StartSession.php(63): Illuminate\\Session\\Middleware\\StartSession->handleStatefulRequest()
#27 /mnt/Felo/Courses/learing/PHP/Laravel/Gorge/vendor/laravel/framework/src/Illuminate/Pipeline/Pipeline.php(219): Illuminate\\Session\\Middleware\\StartSession->handle()
#28 /mnt/Felo/Courses/learing/PHP/Laravel/Gorge/vendor/laravel/framework/src/Illuminate/Cookie/Middleware/AddQueuedCookiesToResponse.php(36): Illuminate\\Pipeline\\Pipeline->{closure:{closure:Illuminate\\Pipeline\\Pipeline::carry():194}:195}()
#29 /mnt/Felo/Courses/learing/PHP/Laravel/Gorge/vendor/laravel/framework/src/Illuminate/Pipeline/Pipeline.php(219): Illuminate\\Cookie\\Middleware\\AddQueuedCookiesToResponse->handle()
#30 /mnt/Felo/Courses/learing/PHP/Laravel/Gorge/vendor/laravel/framework/src/Illuminate/Cookie/Middleware/EncryptCookies.php(74): Illuminate\\Pipeline\\Pipeline->{closure:{closure:Illuminate\\Pipeline\\Pipeline::carry():194}:195}()
#31 /mnt/Felo/Courses/learing/PHP/Laravel/Gorge/vendor/laravel/framework/src/Illuminate/Pipeline/Pipeline.php(219): Illuminate\\Cookie\\Middleware\\EncryptCookies->handle()
#32 /mnt/Felo/Courses/learing/PHP/Laravel/Gorge/vendor/laravel/framework/src/Illuminate/Pipeline/Pipeline.php(137): Illuminate\\Pipeline\\Pipeline->{closure:{closure:Illuminate\\Pipeline\\Pipeline::carry():194}:195}()
#33 /mnt/Felo/Courses/learing/PHP/Laravel/Gorge/vendor/laravel/framework/src/Illuminate/Routing/Router.php(821): Illuminate\\Pipeline\\Pipeline->then()
#34 /mnt/Felo/Courses/learing/PHP/Laravel/Gorge/vendor/laravel/framework/src/Illuminate/Routing/Router.php(800): Illuminate\\Routing\\Router->runRouteWithinStack()
#35 /mnt/Felo/Courses/learing/PHP/Laravel/Gorge/vendor/laravel/framework/src/Illuminate/Routing/Router.php(764): Illuminate\\Routing\\Router->runRoute()
#36 /mnt/Felo/Courses/learing/PHP/Laravel/Gorge/vendor/laravel/framework/src/Illuminate/Routing/Router.php(753): Illuminate\\Routing\\Router->dispatchToRoute()
#37 /mnt/Felo/Courses/learing/PHP/Laravel/Gorge/vendor/laravel/framework/src/Illuminate/Foundation/Http/Kernel.php(200): Illuminate\\Routing\\Router->dispatch()
#38 /mnt/Felo/Courses/learing/PHP/Laravel/Gorge/vendor/laravel/framework/src/Illuminate/Pipeline/Pipeline.php(180): Illuminate\\Foundation\\Http\\Kernel->{closure:Illuminate\\Foundation\\Http\\Kernel::dispatchToRouter():197}()
#39 /mnt/Felo/Courses/learing/PHP/Laravel/Gorge/vendor/laravel/framework/src/Illuminate/Foundation/Http/Middleware/TransformsRequest.php(21): Illuminate\\Pipeline\\Pipeline->{closure:Illuminate\\Pipeline\\Pipeline::prepareDestination():178}()
#40 /mnt/Felo/Courses/learing/PHP/Laravel/Gorge/vendor/laravel/framework/src/Illuminate/Foundation/Http/Middleware/ConvertEmptyStringsToNull.php(31): Illuminate\\Foundation\\Http\\Middleware\\TransformsRequest->handle()
#41 /mnt/Felo/Courses/learing/PHP/Laravel/Gorge/vendor/laravel/framework/src/Illuminate/Pipeline/Pipeline.php(219): Illuminate\\Foundation\\Http\\Middleware\\ConvertEmptyStringsToNull->handle()
#42 /mnt/Felo/Courses/learing/PHP/Laravel/Gorge/vendor/laravel/framework/src/Illuminate/Foundation/Http/Middleware/TransformsRequest.php(21): Illuminate\\Pipeline\\Pipeline->{closure:{closure:Illuminate\\Pipeline\\Pipeline::carry():194}:195}()
#43 /mnt/Felo/Courses/learing/PHP/Laravel/Gorge/vendor/laravel/framework/src/Illuminate/Foundation/Http/Middleware/TrimStrings.php(51): Illuminate\\Foundation\\Http\\Middleware\\TransformsRequest->handle()
#44 /mnt/Felo/Courses/learing/PHP/Laravel/Gorge/vendor/laravel/framework/src/Illuminate/Pipeline/Pipeline.php(219): Illuminate\\Foundation\\Http\\Middleware\\TrimStrings->handle()
#45 /mnt/Felo/Courses/learing/PHP/Laravel/Gorge/vendor/laravel/framework/src/Illuminate/Http/Middleware/ValidatePostSize.php(27): Illuminate\\Pipeline\\Pipeline->{closure:{closure:Illuminate\\Pipeline\\Pipeline::carry():194}:195}()
#46 /mnt/Felo/Courses/learing/PHP/Laravel/Gorge/vendor/laravel/framework/src/Illuminate/Pipeline/Pipeline.php(219): Illuminate\\Http\\Middleware\\ValidatePostSize->handle()
#47 /mnt/Felo/Courses/learing/PHP/Laravel/Gorge/vendor/laravel/framework/src/Illuminate/Foundation/Http/Middleware/PreventRequestsDuringMaintenance.php(109): Illuminate\\Pipeline\\Pipeline->{closure:{closure:Illuminate\\Pipeline\\Pipeline::carry():194}:195}()
#48 /mnt/Felo/Courses/learing/PHP/Laravel/Gorge/vendor/laravel/framework/src/Illuminate/Pipeline/Pipeline.php(219): Illuminate\\Foundation\\Http\\Middleware\\PreventRequestsDuringMaintenance->handle()
#49 /mnt/Felo/Courses/learing/PHP/Laravel/Gorge/vendor/laravel/framework/src/Illuminate/Http/Middleware/HandleCors.php(61): Illuminate\\Pipeline\\Pipeline->{closure:{closure:Illuminate\\Pipeline\\Pipeline::carry():194}:195}()
#50 /mnt/Felo/Courses/learing/PHP/Laravel/Gorge/vendor/laravel/framework/src/Illuminate/Pipeline/Pipeline.php(219): Illuminate\\Http\\Middleware\\HandleCors->handle()
#51 /mnt/Felo/Courses/learing/PHP/Laravel/Gorge/vendor/laravel/framework/src/Illuminate/Http/Middleware/TrustProxies.php(58): Illuminate\\Pipeline\\Pipeline->{closure:{closure:Illuminate\\Pipeline\\Pipeline::carry():194}:195}()
#52 /mnt/Felo/Courses/learing/PHP/Laravel/Gorge/vendor/laravel/framework/src/Illuminate/Pipeline/Pipeline.php(219): Illuminate\\Http\\Middleware\\TrustProxies->handle()
#53 /mnt/Felo/Courses/learing/PHP/Laravel/Gorge/vendor/laravel/framework/src/Illuminate/Foundation/Http/Middleware/InvokeDeferredCallbacks.php(22): Illuminate\\Pipeline\\Pipeline->{closure:{closure:Illuminate\\Pipeline\\Pipeline::carry():194}:195}()
#54 /mnt/Felo/Courses/learing/PHP/Laravel/Gorge/vendor/laravel/framework/src/Illuminate/Pipeline/Pipeline.php(219): Illuminate\\Foundation\\Http\\Middleware\\InvokeDeferredCallbacks->handle()
#55 /mnt/Felo/Courses/learing/PHP/Laravel/Gorge/vendor/laravel/framework/src/Illuminate/Http/Middleware/ValidatePathEncoding.php(28): Illuminate\\Pipeline\\Pipeline->{closure:{closure:Illuminate\\Pipeline\\Pipeline::carry():194}:195}()
#56 /mnt/Felo/Courses/learing/PHP/Laravel/Gorge/vendor/laravel/framework/src/Illuminate/Pipeline/Pipeline.php(219): Illuminate\\Http\\Middleware\\ValidatePathEncoding->handle()
#57 /mnt/Felo/Courses/learing/PHP/Laravel/Gorge/vendor/laravel/framework/src/Illuminate/Pipeline/Pipeline.php(137): Illuminate\\Pipeline\\Pipeline->{closure:{closure:Illuminate\\Pipeline\\Pipeline::carry():194}:195}()
#58 /mnt/Felo/Courses/learing/PHP/Laravel/Gorge/vendor/laravel/framework/src/Illuminate/Foundation/Http/Kernel.php(175): Illuminate\\Pipeline\\Pipeline->then()
#59 /mnt/Felo/Courses/learing/PHP/Laravel/Gorge/vendor/laravel/framework/src/Illuminate/Foundation/Http/Kernel.php(144): Illuminate\\Foundation\\Http\\Kernel->sendRequestThroughRouter()
#60 /mnt/Felo/Courses/learing/PHP/Laravel/Gorge/vendor/laravel/framework/src/Illuminate/Foundation/Application.php(1220): Illuminate\\Foundation\\Http\\Kernel->handle()
#61 /mnt/Felo/Courses/learing/PHP/Laravel/Gorge/public/index.php(20): Illuminate\\Foundation\\Application->handleRequest()
#62 /mnt/Felo/Courses/learing/PHP/Laravel/Gorge/vendor/laravel/framework/src/Illuminate/Foundation/resources/server.php(23): require_once('...')
#63 {main}
"} 
[2026-07-16 20:20:37] local.ERROR: SQLSTATE[HY000] [2002] php_network_getaddresses: getaddrinfo for db failed: Temporary failure in name resolution (Connection: mysql, Host: db, Port: 3306, Database: gorge, SQL: select * from `sessions` where `id` = rekxjHh7GEbFxoWzQcAHz5315kx4oHLala5vyx29 limit 1) {"exception":"[object] (Illuminate\\Database\\QueryException(code: 2002): SQLSTATE[HY000] [2002] php_network_getaddresses: getaddrinfo for db failed: Temporary failure in name resolution (Connection: mysql, Host: db, Port: 3306, Database: gorge, SQL: select * from `sessions` where `id` = rekxjHh7GEbFxoWzQcAHz5315kx4oHLala5vyx29 limit 1) at /mnt/Felo/Courses/learing/PHP/Laravel/Gorge/vendor/laravel/framework/src/Illuminate/Database/Connection.php:843)
[stacktrace]
#0 /mnt/Felo/Courses/learing/PHP/Laravel/Gorge/vendor/laravel/framework/src/Illuminate/Database/Connection.php(1023): Illuminate\\Database\\Connection->runQueryCallback()
#1 /mnt/Felo/Courses/learing/PHP/Laravel/Gorge/vendor/laravel/framework/src/Illuminate/Database/Connection.php(1002): Illuminate\\Database\\Connection->tryAgainIfCausedByLostConnection()
#2 /mnt/Felo/Courses/learing/PHP/Laravel/Gorge/vendor/laravel/framework/src/Illuminate/Database/Connection.php(801): Illuminate\\Database\\Connection->handleQueryException()
#3 /mnt/Felo/Courses/learing/PHP/Laravel/Gorge/vendor/laravel/framework/src/Illuminate/Database/Connection.php(412): Illuminate\\Database\\Connection->run()
#4 /mnt/Felo/Courses/learing/PHP/Laravel/Gorge/vendor/laravel/framework/src/Illuminate/Database/Query/Builder.php(3573): Illuminate\\Database\\Connection->select()
#5 /mnt/Felo/Courses/learing/PHP/Laravel/Gorge/vendor/laravel/framework/src/Illuminate/Database/Query/Builder.php(3557): Illuminate\\Database\\Query\\Builder->runSelect()
#6 /mnt/Felo/Courses/learing/PHP/Laravel/Gorge/vendor/laravel/framework/src/Illuminate/Database/Concerns/BuildsQueries.php(366): Illuminate\\Database\\Query\\Builder->get()
#7 /mnt/Felo/Courses/learing/PHP/Laravel/Gorge/vendor/laravel/framework/src/Illuminate/Database/Query/Builder.php(3475): Illuminate\\Database\\Query\\Builder->first()
#8 /mnt/Felo/Courses/learing/PHP/Laravel/Gorge/vendor/laravel/framework/src/Illuminate/Session/DatabaseSessionHandler.php(96): Illuminate\\Database\\Query\\Builder->find()
#9 /mnt/Felo/Courses/learing/PHP/Laravel/Gorge/vendor/laravel/framework/src/Illuminate/Session/Store.php(128): Illuminate\\Session\\DatabaseSessionHandler->read()
#10 /mnt/Felo/Courses/learing/PHP/Laravel/Gorge/vendor/laravel/framework/src/Illuminate/Session/Store.php(116): Illuminate\\Session\\Store->readFromHandler()
#11 /mnt/Felo/Courses/learing/PHP/Laravel/Gorge/vendor/laravel/framework/src/Illuminate/Session/Store.php(100): Illuminate\\Session\\Store->loadSession()
#12 /mnt/Felo/Courses/learing/PHP/Laravel/Gorge/vendor/laravel/framework/src/Illuminate/Session/Middleware/StartSession.php(146): Illuminate\\Session\\Store->start()
#13 /mnt/Felo/Courses/learing/PHP/Laravel/Gorge/vendor/laravel/framework/src/Illuminate/Support/helpers.php(393): Illuminate\\Session\\Middleware\\StartSession->{closure:Illuminate\\Session\\Middleware\\StartSession::startSession():143}()
#14 /mnt/Felo/Courses/learing/PHP/Laravel/Gorge/vendor/laravel/framework/src/Illuminate/Session/Middleware/StartSession.php(143): tap()
#15 /mnt/Felo/Courses/learing/PHP/Laravel/Gorge/vendor/laravel/framework/src/Illuminate/Session/Middleware/StartSession.php(115): Illuminate\\Session\\Middleware\\StartSession->startSession()
#16 /mnt/Felo/Courses/learing/PHP/Laravel/Gorge/vendor/laravel/framework/src/Illuminate/Session/Middleware/StartSession.php(63): Illuminate\\Session\\Middleware\\StartSession->handleStatefulRequest()
#17 /mnt/Felo/Courses/learing/PHP/Laravel/Gorge/vendor/laravel/framework/src/Illuminate/Pipeline/Pipeline.php(219): Illuminate\\Session\\Middleware\\StartSession->handle()
#18 /mnt/Felo/Courses/learing/PHP/Laravel/Gorge/vendor/laravel/framework/src/Illuminate/Cookie/Middleware/AddQueuedCookiesToResponse.php(36): Illuminate\\Pipeline\\Pipeline->{closure:{closure:Illuminate\\Pipeline\\Pipeline::carry():194}:195}()
#19 /mnt/Felo/Courses/learing/PHP/Laravel/Gorge/vendor/laravel/framework/src/Illuminate/Pipeline/Pipeline.php(219): Illuminate\\Cookie\\Middleware\\AddQueuedCookiesToResponse->handle()
#20 /mnt/Felo/Courses/learing/PHP/Laravel/Gorge/vendor/laravel/framework/src/Illuminate/Cookie/Middleware/EncryptCookies.php(74): Illuminate\\Pipeline\\Pipeline->{closure:{closure:Illuminate\\Pipeline\\Pipeline::carry():194}:195}()
#21 /mnt/Felo/Courses/learing/PHP/Laravel/Gorge/vendor/laravel/framework/src/Illuminate/Pipeline/Pipeline.php(219): Illuminate\\Cookie\\Middleware\\EncryptCookies->handle()
#22 /mnt/Felo/Courses/learing/PHP/Laravel/Gorge/vendor/laravel/framework/src/Illuminate/Pipeline/Pipeline.php(137): Illuminate\\Pipeline\\Pipeline->{closure:{closure:Illuminate\\Pipeline\\Pipeline::carry():194}:195}()
#23 /mnt/Felo/Courses/learing/PHP/Laravel/Gorge/vendor/laravel/framework/src/Illuminate/Routing/Router.php(821): Illuminate\\Pipeline\\Pipeline->then()
#24 /mnt/Felo/Courses/learing/PHP/Laravel/Gorge/vendor/laravel/framework/src/Illuminate/Routing/Router.php(800): Illuminate\\Routing\\Router->runRouteWithinStack()
#25 /mnt/Felo/Courses/learing/PHP/Laravel/Gorge/vendor/laravel/framework/src/Illuminate/Routing/Router.php(764): Illuminate\\Routing\\Router->runRoute()
#26 /mnt/Felo/Courses/learing/PHP/Laravel/Gorge/vendor/laravel/framework/src/Illuminate/Routing/Router.php(753): Illuminate\\Routing\\Router->dispatchToRoute()
#27 /mnt/Felo/Courses/learing/PHP/Laravel/Gorge/vendor/laravel/framework/src/Illuminate/Foundation/Http/Kernel.php(200): Illuminate\\Routing\\Router->dispatch()
#28 /mnt/Felo/Courses/learing/PHP/Laravel/Gorge/vendor/laravel/framework/src/Illuminate/Pipeline/Pipeline.php(180): Illuminate\\Foundation\\Http\\Kernel->{closure:Illuminate\\Foundation\\Http\\Kernel::dispatchToRouter():197}()
#29 /mnt/Felo/Courses/learing/PHP/Laravel/Gorge/vendor/laravel/framework/src/Illuminate/Foundation/Http/Middleware/TransformsRequest.php(21): Illuminate\\Pipeline\\Pipeline->{closure:Illuminate\\Pipeline\\Pipeline::prepareDestination():178}()
#30 /mnt/Felo/Courses/learing/PHP/Laravel/Gorge/vendor/laravel/framework/src/Illuminate/Foundation/Http/Middleware/ConvertEmptyStringsToNull.php(31): Illuminate\\Foundation\\Http\\Middleware\\TransformsRequest->handle()
#31 /mnt/Felo/Courses/learing/PHP/Laravel/Gorge/vendor/laravel/framework/src/Illuminate/Pipeline/Pipeline.php(219): Illuminate\\Foundation\\Http\\Middleware\\ConvertEmptyStringsToNull->handle()
#32 /mnt/Felo/Courses/learing/PHP/Laravel/Gorge/vendor/laravel/framework/src/Illuminate/Foundation/Http/Middleware/TransformsRequest.php(21): Illuminate\\Pipeline\\Pipeline->{closure:{closure:Illuminate\\Pipeline\\Pipeline::carry():194}:195}()
#33 /mnt/Felo/Courses/learing/PHP/Laravel/Gorge/vendor/laravel/framework/src/Illuminate/Foundation/Http/Middleware/TrimStrings.php(51): Illuminate\\Foundation\\Http\\Middleware\\TransformsRequest->handle()
#34 /mnt/Felo/Courses/learing/PHP/Laravel/Gorge/vendor/laravel/framework/src/Illuminate/Pipeline/Pipeline.php(219): Illuminate\\Foundation\\Http\\Middleware\\TrimStrings->handle()
#35 /mnt/Felo/Courses/learing/PHP/Laravel/Gorge/vendor/laravel/framework/src/Illuminate/Http/Middleware/ValidatePostSize.php(27): Illuminate\\Pipeline\\Pipeline->{closure:{closure:Illuminate\\Pipeline\\Pipeline::carry():194}:195}()
#36 /mnt/Felo/Courses/learing/PHP/Laravel/Gorge/vendor/laravel/framework/src/Illuminate/Pipeline/Pipeline.php(219): Illuminate\\Http\\Middleware\\ValidatePostSize->handle()
#37 /mnt/Felo/Courses/learing/PHP/Laravel/Gorge/vendor/laravel/framework/src/Illuminate/Foundation/Http/Middleware/PreventRequestsDuringMaintenance.php(109): Illuminate\\Pipeline\\Pipeline->{closure:{closure:Illuminate\\Pipeline\\Pipeline::carry():194}:195}()
#38 /mnt/Felo/Courses/learing/PHP/Laravel/Gorge/vendor/laravel/framework/src/Illuminate/Pipeline/Pipeline.php(219): Illuminate\\Foundation\\Http\\Middleware\\PreventRequestsDuringMaintenance->handle()
#39 /mnt/Felo/Courses/learing/PHP/Laravel/Gorge/vendor/laravel/framework/src/Illuminate/Http/Middleware/HandleCors.php(61): Illuminate\\Pipeline\\Pipeline->{closure:{closure:Illuminate\\Pipeline\\Pipeline::carry():194}:195}()
#40 /mnt/Felo/Courses/learing/PHP/Laravel/Gorge/vendor/laravel/framework/src/Illuminate/Pipeline/Pipeline.php(219): Illuminate\\Http\\Middleware\\HandleCors->handle()
#41 /mnt/Felo/Courses/learing/PHP/Laravel/Gorge/vendor/laravel/framework/src/Illuminate/Http/Middleware/TrustProxies.php(58): Illuminate\\Pipeline\\Pipeline->{closure:{closure:Illuminate\\Pipeline\\Pipeline::carry():194}:195}()
#42 /mnt/Felo/Courses/learing/PHP/Laravel/Gorge/vendor/laravel/framework/src/Illuminate/Pipeline/Pipeline.php(219): Illuminate\\Http\\Middleware\\TrustProxies->handle()
#43 /mnt/Felo/Courses/learing/PHP/Laravel/Gorge/vendor/laravel/framework/src/Illuminate/Foundation/Http/Middleware/InvokeDeferredCallbacks.php(22): Illuminate\\Pipeline\\Pipeline->{closure:{closure:Illuminate\\Pipeline\\Pipeline::carry():194}:195}()
#44 /mnt/Felo/Courses/learing/PHP/Laravel/Gorge/vendor/laravel/framework/src/Illuminate/Pipeline/Pipeline.php(219): Illuminate\\Foundation\\Http\\Middleware\\InvokeDeferredCallbacks->handle()
#45 /mnt/Felo/Courses/learing/PHP/Laravel/Gorge/vendor/laravel/framework/src/Illuminate/Http/Middleware/ValidatePathEncoding.php(28): Illuminate\\Pipeline\\Pipeline->{closure:{closure:Illuminate\\Pipeline\\Pipeline::carry():194}:195}()
#46 /mnt/Felo/Courses/learing/PHP/Laravel/Gorge/vendor/laravel/framework/src/Illuminate/Pipeline/Pipeline.php(219): Illuminate\\Http\\Middleware\\ValidatePathEncoding->handle()
#47 /mnt/Felo/Courses/learing/PHP/Laravel/Gorge/vendor/laravel/framework/src/Illuminate/Pipeline/Pipeline.php(137): Illuminate\\Pipeline\\Pipeline->{closure:{closure:Illuminate\\Pipeline\\Pipeline::carry():194}:195}()
#48 /mnt/Felo/Courses/learing/PHP/Laravel/Gorge/vendor/laravel/framework/src/Illuminate/Foundation/Http/Kernel.php(175): Illuminate\\Pipeline\\Pipeline->then()
#49 /mnt/Felo/Courses/learing/PHP/Laravel/Gorge/vendor/laravel/framework/src/Illuminate/Foundation/Http/Kernel.php(144): Illuminate\\Foundation\\Http\\Kernel->sendRequestThroughRouter()
#50 /mnt/Felo/Courses/learing/PHP/Laravel/Gorge/vendor/laravel/framework/src/Illuminate/Foundation/Application.php(1220): Illuminate\\Foundation\\Http\\Kernel->handle()
#51 /mnt/Felo/Courses/learing/PHP/Laravel/Gorge/public/index.php(20): Illuminate\\Foundation\\Application->handleRequest()
#52 /mnt/Felo/Courses/learing/PHP/Laravel/Gorge/vendor/laravel/framework/src/Illuminate/Foundation/resources/server.php(23): require_once('...')
#53 {main}

[previous exception] [object] (PDOException(code: 2002): SQLSTATE[HY000] [2002] php_network_getaddresses: getaddrinfo for db failed: Temporary failure in name resolution at /mnt/Felo/Courses/learing/PHP/Laravel/Gorge/vendor/laravel/framework/src/Illuminate/Database/Connectors/Connector.php:67)
[stacktrace]
#0 /mnt/Felo/Courses/learing/PHP/Laravel/Gorge/vendor/laravel/framework/src/Illuminate/Database/Connectors/Connector.php(67): PDO::connect()
#1 /mnt/Felo/Courses/learing/PHP/Laravel/Gorge/vendor/laravel/framework/src/Illuminate/Database/Connectors/Connector.php(85): Illuminate\\Database\\Connectors\\Connector->createPdoConnection()
#2 /mnt/Felo/Courses/learing/PHP/Laravel/Gorge/vendor/laravel/framework/src/Illuminate/Database/Connectors/Connector.php(48): Illuminate\\Database\\Connectors\\Connector->tryAgainIfCausedByLostConnection()
#3 /mnt/Felo/Courses/learing/PHP/Laravel/Gorge/vendor/laravel/framework/src/Illuminate/Database/Connectors/MySqlConnector.php(24): Illuminate\\Database\\Connectors\\Connector->createConnection()
#4 /mnt/Felo/Courses/learing/PHP/Laravel/Gorge/vendor/laravel/framework/src/Illuminate/Database/Connectors/ConnectionFactory.php(188): Illuminate\\Database\\Connectors\\MySqlConnector->connect()
#5 [internal function]: Illuminate\\Database\\Connectors\\ConnectionFactory->{closure:Illuminate\\Database\\Connectors\\ConnectionFactory::createPdoResolverWithHosts():181}()
#6 /mnt/Felo/Courses/learing/PHP/Laravel/Gorge/vendor/laravel/framework/src/Illuminate/Database/Connection.php(1281): call_user_func()
#7 /mnt/Felo/Courses/learing/PHP/Laravel/Gorge/vendor/laravel/framework/src/Illuminate/Database/Connection.php(528): Illuminate\\Database\\Connection->getPdo()
#8 /mnt/Felo/Courses/learing/PHP/Laravel/Gorge/vendor/laravel/framework/src/Illuminate/Database/Connection.php(421): Illuminate\\Database\\Connection->getPdoForSelect()
#9 /mnt/Felo/Courses/learing/PHP/Laravel/Gorge/vendor/laravel/framework/src/Illuminate/Database/Connection.php(832): Illuminate\\Database\\Connection->{closure:Illuminate\\Database\\Connection::select():412}()
#10 /mnt/Felo/Courses/learing/PHP/Laravel/Gorge/vendor/laravel/framework/src/Illuminate/Database/Connection.php(1023): Illuminate\\Database\\Connection->runQueryCallback()
#11 /mnt/Felo/Courses/learing/PHP/Laravel/Gorge/vendor/laravel/framework/src/Illuminate/Database/Connection.php(1002): Illuminate\\Database\\Connection->tryAgainIfCausedByLostConnection()
#12 /mnt/Felo/Courses/learing/PHP/Laravel/Gorge/vendor/laravel/framework/src/Illuminate/Database/Connection.php(801): Illuminate\\Database\\Connection->handleQueryException()
#13 /mnt/Felo/Courses/learing/PHP/Laravel/Gorge/vendor/laravel/framework/src/Illuminate/Database/Connection.php(412): Illuminate\\Database\\Connection->run()
#14 /mnt/Felo/Courses/learing/PHP/Laravel/Gorge/vendor/laravel/framework/src/Illuminate/Database/Query/Builder.php(3573): Illuminate\\Database\\Connection->select()
#15 /mnt/Felo/Courses/learing/PHP/Laravel/Gorge/vendor/laravel/framework/src/Illuminate/Database/Query/Builder.php(3557): Illuminate\\Database\\Query\\Builder->runSelect()
#16 /mnt/Felo/Courses/learing/PHP/Laravel/Gorge/vendor/laravel/framework/src/Illuminate/Database/Concerns/BuildsQueries.php(366): Illuminate\\Database\\Query\\Builder->get()
#17 /mnt/Felo/Courses/learing/PHP/Laravel/Gorge/vendor/laravel/framework/src/Illuminate/Database/Query/Builder.php(3475): Illuminate\\Database\\Query\\Builder->first()
#18 /mnt/Felo/Courses/learing/PHP/Laravel/Gorge/vendor/laravel/framework/src/Illuminate/Session/DatabaseSessionHandler.php(96): Illuminate\\Database\\Query\\Builder->find()
#19 /mnt/Felo/Courses/learing/PHP/Laravel/Gorge/vendor/laravel/framework/src/Illuminate/Session/Store.php(128): Illuminate\\Session\\DatabaseSessionHandler->read()
#20 /mnt/Felo/Courses/learing/PHP/Laravel/Gorge/vendor/laravel/framework/src/Illuminate/Session/Store.php(116): Illuminate\\Session\\Store->readFromHandler()
#21 /mnt/Felo/Courses/learing/PHP/Laravel/Gorge/vendor/laravel/framework/src/Illuminate/Session/Store.php(100): Illuminate\\Session\\Store->loadSession()
#22 /mnt/Felo/Courses/learing/PHP/Laravel/Gorge/vendor/laravel/framework/src/Illuminate/Session/Middleware/StartSession.php(146): Illuminate\\Session\\Store->start()
#23 /mnt/Felo/Courses/learing/PHP/Laravel/Gorge/vendor/laravel/framework/src/Illuminate/Support/helpers.php(393): Illuminate\\Session\\Middleware\\StartSession->{closure:Illuminate\\Session\\Middleware\\StartSession::startSession():143}()
#24 /mnt/Felo/Courses/learing/PHP/Laravel/Gorge/vendor/laravel/framework/src/Illuminate/Session/Middleware/StartSession.php(143): tap()
#25 /mnt/Felo/Courses/learing/PHP/Laravel/Gorge/vendor/laravel/framework/src/Illuminate/Session/Middleware/StartSession.php(115): Illuminate\\Session\\Middleware\\StartSession->startSession()
#26 /mnt/Felo/Courses/learing/PHP/Laravel/Gorge/vendor/laravel/framework/src/Illuminate/Session/Middleware/StartSession.php(63): Illuminate\\Session\\Middleware\\StartSession->handleStatefulRequest()
#27 /mnt/Felo/Courses/learing/PHP/Laravel/Gorge/vendor/laravel/framework/src/Illuminate/Pipeline/Pipeline.php(219): Illuminate\\Session\\Middleware\\StartSession->handle()
#28 /mnt/Felo/Courses/learing/PHP/Laravel/Gorge/vendor/laravel/framework/src/Illuminate/Cookie/Middleware/AddQueuedCookiesToResponse.php(36): Illuminate\\Pipeline\\Pipeline->{closure:{closure:Illuminate\\Pipeline\\Pipeline::carry():194}:195}()
#29 /mnt/Felo/Courses/learing/PHP/Laravel/Gorge/vendor/laravel/framework/src/Illuminate/Pipeline/Pipeline.php(219): Illuminate\\Cookie\\Middleware\\AddQueuedCookiesToResponse->handle()
#30 /mnt/Felo/Courses/learing/PHP/Laravel/Gorge/vendor/laravel/framework/src/Illuminate/Cookie/Middleware/EncryptCookies.php(74): Illuminate\\Pipeline\\Pipeline->{closure:{closure:Illuminate\\Pipeline\\Pipeline::carry():194}:195}()
#31 /mnt/Felo/Courses/learing/PHP/Laravel/Gorge/vendor/laravel/framework/src/Illuminate/Pipeline/Pipeline.php(219): Illuminate\\Cookie\\Middleware\\EncryptCookies->handle()
#32 /mnt/Felo/Courses/learing/PHP/Laravel/Gorge/vendor/laravel/framework/src/Illuminate/Pipeline/Pipeline.php(137): Illuminate\\Pipeline\\Pipeline->{closure:{closure:Illuminate\\Pipeline\\Pipeline::carry():194}:195}()
#33 /mnt/Felo/Courses/learing/PHP/Laravel/Gorge/vendor/laravel/framework/src/Illuminate/Routing/Router.php(821): Illuminate\\Pipeline\\Pipeline->then()
#34 /mnt/Felo/Courses/learing/PHP/Laravel/Gorge/vendor/laravel/framework/src/Illuminate/Routing/Router.php(800): Illuminate\\Routing\\Router->runRouteWithinStack()
#35 /mnt/Felo/Courses/learing/PHP/Laravel/Gorge/vendor/laravel/framework/src/Illuminate/Routing/Router.php(764): Illuminate\\Routing\\Router->runRoute()
#36 /mnt/Felo/Courses/learing/PHP/Laravel/Gorge/vendor/laravel/framework/src/Illuminate/Routing/Router.php(753): Illuminate\\Routing\\Router->dispatchToRoute()
#37 /mnt/Felo/Courses/learing/PHP/Laravel/Gorge/vendor/laravel/framework/src/Illuminate/Foundation/Http/Kernel.php(200): Illuminate\\Routing\\Router->dispatch()
#38 /mnt/Felo/Courses/learing/PHP/Laravel/Gorge/vendor/laravel/framework/src/Illuminate/Pipeline/Pipeline.php(180): Illuminate\\Foundation\\Http\\Kernel->{closure:Illuminate\\Foundation\\Http\\Kernel::dispatchToRouter():197}()
#39 /mnt/Felo/Courses/learing/PHP/Laravel/Gorge/vendor/laravel/framework/src/Illuminate/Foundation/Http/Middleware/TransformsRequest.php(21): Illuminate\\Pipeline\\Pipeline->{closure:Illuminate\\Pipeline\\Pipeline::prepareDestination():178}()
#40 /mnt/Felo/Courses/learing/PHP/Laravel/Gorge/vendor/laravel/framework/src/Illuminate/Foundation/Http/Middleware/ConvertEmptyStringsToNull.php(31): Illuminate\\Foundation\\Http\\Middleware\\TransformsRequest->handle()
#41 /mnt/Felo/Courses/learing/PHP/Laravel/Gorge/vendor/laravel/framework/src/Illuminate/Pipeline/Pipeline.php(219): Illuminate\\Foundation\\Http\\Middleware\\ConvertEmptyStringsToNull->handle()
#42 /mnt/Felo/Courses/learing/PHP/Laravel/Gorge/vendor/laravel/framework/src/Illuminate/Foundation/Http/Middleware/TransformsRequest.php(21): Illuminate\\Pipeline\\Pipeline->{closure:{closure:Illuminate\\Pipeline\\Pipeline::carry():194}:195}()
#43 /mnt/Felo/Courses/learing/PHP/Laravel/Gorge/vendor/laravel/framework/src/Illuminate/Foundation/Http/Middleware/TrimStrings.php(51): Illuminate\\Foundation\\Http\\Middleware\\TransformsRequest->handle()
#44 /mnt/Felo/Courses/learing/PHP/Laravel/Gorge/vendor/laravel/framework/src/Illuminate/Pipeline/Pipeline.php(219): Illuminate\\Foundation\\Http\\Middleware\\TrimStrings->handle()
#45 /mnt/Felo/Courses/learing/PHP/Laravel/Gorge/vendor/laravel/framework/src/Illuminate/Http/Middleware/ValidatePostSize.php(27): Illuminate\\Pipeline\\Pipeline->{closure:{closure:Illuminate\\Pipeline\\Pipeline::carry():194}:195}()
#46 /mnt/Felo/Courses/learing/PHP/Laravel/Gorge/vendor/laravel/framework/src/Illuminate/Pipeline/Pipeline.php(219): Illuminate\\Http\\Middleware\\ValidatePostSize->handle()
#47 /mnt/Felo/Courses/learing/PHP/Laravel/Gorge/vendor/laravel/framework/src/Illuminate/Foundation/Http/Middleware/PreventRequestsDuringMaintenance.php(109): Illuminate\\Pipeline\\Pipeline->{closure:{closure:Illuminate\\Pipeline\\Pipeline::carry():194}:195}()
#48 /mnt/Felo/Courses/learing/PHP/Laravel/Gorge/vendor/laravel/framework/src/Illuminate/Pipeline/Pipeline.php(219): Illuminate\\Foundation\\Http\\Middleware\\PreventRequestsDuringMaintenance->handle()
#49 /mnt/Felo/Courses/learing/PHP/Laravel/Gorge/vendor/laravel/framework/src/Illuminate/Http/Middleware/HandleCors.php(61): Illuminate\\Pipeline\\Pipeline->{closure:{closure:Illuminate\\Pipeline\\Pipeline::carry():194}:195}()
#50 /mnt/Felo/Courses/learing/PHP/Laravel/Gorge/vendor/laravel/framework/src/Illuminate/Pipeline/Pipeline.php(219): Illuminate\\Http\\Middleware\\HandleCors->handle()
#51 /mnt/Felo/Courses/learing/PHP/Laravel/Gorge/vendor/laravel/framework/src/Illuminate/Http/Middleware/TrustProxies.php(58): Illuminate\\Pipeline\\Pipeline->{closure:{closure:Illuminate\\Pipeline\\Pipeline::carry():194}:195}()
#52 /mnt/Felo/Courses/learing/PHP/Laravel/Gorge/vendor/laravel/framework/src/Illuminate/Pipeline/Pipeline.php(219): Illuminate\\Http\\Middleware\\TrustProxies->handle()
#53 /mnt/Felo/Courses/learing/PHP/Laravel/Gorge/vendor/laravel/framework/src/Illuminate/Foundation/Http/Middleware/InvokeDeferredCallbacks.php(22): Illuminate\\Pipeline\\Pipeline->{closure:{closure:Illuminate\\Pipeline\\Pipeline::carry():194}:195}()
#54 /mnt/Felo/Courses/learing/PHP/Laravel/Gorge/vendor/laravel/framework/src/Illuminate/Pipeline/Pipeline.php(219): Illuminate\\Foundation\\Http\\Middleware\\InvokeDeferredCallbacks->handle()
#55 /mnt/Felo/Courses/learing/PHP/Laravel/Gorge/vendor/laravel/framework/src/Illuminate/Http/Middleware/ValidatePathEncoding.php(28): Illuminate\\Pipeline\\Pipeline->{closure:{closure:Illuminate\\Pipeline\\Pipeline::carry():194}:195}()
#56 /mnt/Felo/Courses/learing/PHP/Laravel/Gorge/vendor/laravel/framework/src/Illuminate/Pipeline/Pipeline.php(219): Illuminate\\Http\\Middleware\\ValidatePathEncoding->handle()
#57 /mnt/Felo/Courses/learing/PHP/Laravel/Gorge/vendor/laravel/framework/src/Illuminate/Pipeline/Pipeline.php(137): Illuminate\\Pipeline\\Pipeline->{closure:{closure:Illuminate\\Pipeline\\Pipeline::carry():194}:195}()
#58 /mnt/Felo/Courses/learing/PHP/Laravel/Gorge/vendor/laravel/framework/src/Illuminate/Foundation/Http/Kernel.php(175): Illuminate\\Pipeline\\Pipeline->then()
#59 /mnt/Felo/Courses/learing/PHP/Laravel/Gorge/vendor/laravel/framework/src/Illuminate/Foundation/Http/Kernel.php(144): Illuminate\\Foundation\\Http\\Kernel->sendRequestThroughRouter()
#60 /mnt/Felo/Courses/learing/PHP/Laravel/Gorge/vendor/laravel/framework/src/Illuminate/Foundation/Application.php(1220): Illuminate\\Foundation\\Http\\Kernel->handle()
#61 /mnt/Felo/Courses/learing/PHP/Laravel/Gorge/public/index.php(20): Illuminate\\Foundation\\Application->handleRequest()
#62 /mnt/Felo/Courses/learing/PHP/Laravel/Gorge/vendor/laravel/framework/src/Illuminate/Foundation/resources/server.php(23): require_once('...')
#63 {main}

[previous exception] [object] (PDOException(code: 0): PDO::connect(): php_network_getaddresses: getaddrinfo for db failed: Temporary failure in name resolution at /mnt/Felo/Courses/learing/PHP/Laravel/Gorge/vendor/laravel/framework/src/Illuminate/Database/Connectors/Connector.php:67)
[stacktrace]
#0 /mnt/Felo/Courses/learing/PHP/Laravel/Gorge/vendor/laravel/framework/src/Illuminate/Database/Connectors/Connector.php(67): PDO::connect()
#1 /mnt/Felo/Courses/learing/PHP/Laravel/Gorge/vendor/laravel/framework/src/Illuminate/Database/Connectors/Connector.php(85): Illuminate\\Database\\Connectors\\Connector->createPdoConnection()
#2 /mnt/Felo/Courses/learing/PHP/Laravel/Gorge/vendor/laravel/framework/src/Illuminate/Database/Connectors/Connector.php(48): Illuminate\\Database\\Connectors\\Connector->tryAgainIfCausedByLostConnection()
#3 /mnt/Felo/Courses/learing/PHP/Laravel/Gorge/vendor/laravel/framework/src/Illuminate/Database/Connectors/MySqlConnector.php(24): Illuminate\\Database\\Connectors\\Connector->createConnection()
#4 /mnt/Felo/Courses/learing/PHP/Laravel/Gorge/vendor/laravel/framework/src/Illuminate/Database/Connectors/ConnectionFactory.php(188): Illuminate\\Database\\Connectors\\MySqlConnector->connect()
#5 [internal function]: Illuminate\\Database\\Connectors\\ConnectionFactory->{closure:Illuminate\\Database\\Connectors\\ConnectionFactory::createPdoResolverWithHosts():181}()
#6 /mnt/Felo/Courses/learing/PHP/Laravel/Gorge/vendor/laravel/framework/src/Illuminate/Database/Connection.php(1281): call_user_func()
#7 /mnt/Felo/Courses/learing/PHP/Laravel/Gorge/vendor/laravel/framework/src/Illuminate/Database/Connection.php(528): Illuminate\\Database\\Connection->getPdo()
#8 /mnt/Felo/Courses/learing/PHP/Laravel/Gorge/vendor/laravel/framework/src/Illuminate/Database/Connection.php(421): Illuminate\\Database\\Connection->getPdoForSelect()
#9 /mnt/Felo/Courses/learing/PHP/Laravel/Gorge/vendor/laravel/framework/src/Illuminate/Database/Connection.php(832): Illuminate\\Database\\Connection->{closure:Illuminate\\Database\\Connection::select():412}()
#10 /mnt/Felo/Courses/learing/PHP/Laravel/Gorge/vendor/laravel/framework/src/Illuminate/Database/Connection.php(1023): Illuminate\\Database\\Connection->runQueryCallback()
#11 /mnt/Felo/Courses/learing/PHP/Laravel/Gorge/vendor/laravel/framework/src/Illuminate/Database/Connection.php(1002): Illuminate\\Database\\Connection->tryAgainIfCausedByLostConnection()
#12 /mnt/Felo/Courses/learing/PHP/Laravel/Gorge/vendor/laravel/framework/src/Illuminate/Database/Connection.php(801): Illuminate\\Database\\Connection->handleQueryException()
#13 /mnt/Felo/Courses/learing/PHP/Laravel/Gorge/vendor/laravel/framework/src/Illuminate/Database/Connection.php(412): Illuminate\\Database\\Connection->run()
#14 /mnt/Felo/Courses/learing/PHP/Laravel/Gorge/vendor/laravel/framework/src/Illuminate/Database/Query/Builder.php(3573): Illuminate\\Database\\Connection->select()
#15 /mnt/Felo/Courses/learing/PHP/Laravel/Gorge/vendor/laravel/framework/src/Illuminate/Database/Query/Builder.php(3557): Illuminate\\Database\\Query\\Builder->runSelect()
#16 /mnt/Felo/Courses/learing/PHP/Laravel/Gorge/vendor/laravel/framework/src/Illuminate/Database/Concerns/BuildsQueries.php(366): Illuminate\\Database\\Query\\Builder->get()
#17 /mnt/Felo/Courses/learing/PHP/Laravel/Gorge/vendor/laravel/framework/src/Illuminate/Database/Query/Builder.php(3475): Illuminate\\Database\\Query\\Builder->first()
#18 /mnt/Felo/Courses/learing/PHP/Laravel/Gorge/vendor/laravel/framework/src/Illuminate/Session/DatabaseSessionHandler.php(96): Illuminate\\Database\\Query\\Builder->find()
#19 /mnt/Felo/Courses/learing/PHP/Laravel/Gorge/vendor/laravel/framework/src/Illuminate/Session/Store.php(128): Illuminate\\Session\\DatabaseSessionHandler->read()
#20 /mnt/Felo/Courses/learing/PHP/Laravel/Gorge/vendor/laravel/framework/src/Illuminate/Session/Store.php(116): Illuminate\\Session\\Store->readFromHandler()
#21 /mnt/Felo/Courses/learing/PHP/Laravel/Gorge/vendor/laravel/framework/src/Illuminate/Session/Store.php(100): Illuminate\\Session\\Store->loadSession()
#22 /mnt/Felo/Courses/learing/PHP/Laravel/Gorge/vendor/laravel/framework/src/Illuminate/Session/Middleware/StartSession.php(146): Illuminate\\Session\\Store->start()
#23 /mnt/Felo/Courses/learing/PHP/Laravel/Gorge/vendor/laravel/framework/src/Illuminate/Support/helpers.php(393): Illuminate\\Session\\Middleware\\StartSession->{closure:Illuminate\\Session\\Middleware\\StartSession::startSession():143}()
#24 /mnt/Felo/Courses/learing/PHP/Laravel/Gorge/vendor/laravel/framework/src/Illuminate/Session/Middleware/StartSession.php(143): tap()
#25 /mnt/Felo/Courses/learing/PHP/Laravel/Gorge/vendor/laravel/framework/src/Illuminate/Session/Middleware/StartSession.php(115): Illuminate\\Session\\Middleware\\StartSession->startSession()
#26 /mnt/Felo/Courses/learing/PHP/Laravel/Gorge/vendor/laravel/framework/src/Illuminate/Session/Middleware/StartSession.php(63): Illuminate\\Session\\Middleware\\StartSession->handleStatefulRequest()
#27 /mnt/Felo/Courses/learing/PHP/Laravel/Gorge/vendor/laravel/framework/src/Illuminate/Pipeline/Pipeline.php(219): Illuminate\\Session\\Middleware\\StartSession->handle()
#28 /mnt/Felo/Courses/learing/PHP/Laravel/Gorge/vendor/laravel/framework/src/Illuminate/Cookie/Middleware/AddQueuedCookiesToResponse.php(36): Illuminate\\Pipeline\\Pipeline->{closure:{closure:Illuminate\\Pipeline\\Pipeline::carry():194}:195}()
#29 /mnt/Felo/Courses/learing/PHP/Laravel/Gorge/vendor/laravel/framework/src/Illuminate/Pipeline/Pipeline.php(219): Illuminate\\Cookie\\Middleware\\AddQueuedCookiesToResponse->handle()
#30 /mnt/Felo/Courses/learing/PHP/Laravel/Gorge/vendor/laravel/framework/src/Illuminate/Cookie/Middleware/EncryptCookies.php(74): Illuminate\\Pipeline\\Pipeline->{closure:{closure:Illuminate\\Pipeline\\Pipeline::carry():194}:195}()
#31 /mnt/Felo/Courses/learing/PHP/Laravel/Gorge/vendor/laravel/framework/src/Illuminate/Pipeline/Pipeline.php(219): Illuminate\\Cookie\\Middleware\\EncryptCookies->handle()
#32 /mnt/Felo/Courses/learing/PHP/Laravel/Gorge/vendor/laravel/framework/src/Illuminate/Pipeline/Pipeline.php(137): Illuminate\\Pipeline\\Pipeline->{closure:{closure:Illuminate\\Pipeline\\Pipeline::carry():194}:195}()
#33 /mnt/Felo/Courses/learing/PHP/Laravel/Gorge/vendor/laravel/framework/src/Illuminate/Routing/Router.php(821): Illuminate\\Pipeline\\Pipeline->then()
#34 /mnt/Felo/Courses/learing/PHP/Laravel/Gorge/vendor/laravel/framework/src/Illuminate/Routing/Router.php(800): Illuminate\\Routing\\Router->runRouteWithinStack()
#35 /mnt/Felo/Courses/learing/PHP/Laravel/Gorge/vendor/laravel/framework/src/Illuminate/Routing/Router.php(764): Illuminate\\Routing\\Router->runRoute()
#36 /mnt/Felo/Courses/learing/PHP/Laravel/Gorge/vendor/laravel/framework/src/Illuminate/Routing/Router.php(753): Illuminate\\Routing\\Router->dispatchToRoute()
#37 /mnt/Felo/Courses/learing/PHP/Laravel/Gorge/vendor/laravel/framework/src/Illuminate/Foundation/Http/Kernel.php(200): Illuminate\\Routing\\Router->dispatch()
#38 /mnt/Felo/Courses/learing/PHP/Laravel/Gorge/vendor/laravel/framework/src/Illuminate/Pipeline/Pipeline.php(180): Illuminate\\Foundation\\Http\\Kernel->{closure:Illuminate\\Foundation\\Http\\Kernel::dispatchToRouter():197}()
#39 /mnt/Felo/Courses/learing/PHP/Laravel/Gorge/vendor/laravel/framework/src/Illuminate/Foundation/Http/Middleware/TransformsRequest.php(21): Illuminate\\Pipeline\\Pipeline->{closure:Illuminate\\Pipeline\\Pipeline::prepareDestination():178}()
#40 /mnt/Felo/Courses/learing/PHP/Laravel/Gorge/vendor/laravel/framework/src/Illuminate/Foundation/Http/Middleware/ConvertEmptyStringsToNull.php(31): Illuminate\\Foundation\\Http\\Middleware\\TransformsRequest->handle()
#41 /mnt/Felo/Courses/learing/PHP/Laravel/Gorge/vendor/laravel/framework/src/Illuminate/Pipeline/Pipeline.php(219): Illuminate\\Foundation\\Http\\Middleware\\ConvertEmptyStringsToNull->handle()
#42 /mnt/Felo/Courses/learing/PHP/Laravel/Gorge/vendor/laravel/framework/src/Illuminate/Foundation/Http/Middleware/TransformsRequest.php(21): Illuminate\\Pipeline\\Pipeline->{closure:{closure:Illuminate\\Pipeline\\Pipeline::carry():194}:195}()
#43 /mnt/Felo/Courses/learing/PHP/Laravel/Gorge/vendor/laravel/framework/src/Illuminate/Foundation/Http/Middleware/TrimStrings.php(51): Illuminate\\Foundation\\Http\\Middleware\\TransformsRequest->handle()
#44 /mnt/Felo/Courses/learing/PHP/Laravel/Gorge/vendor/laravel/framework/src/Illuminate/Pipeline/Pipeline.php(219): Illuminate\\Foundation\\Http\\Middleware\\TrimStrings->handle()
#45 /mnt/Felo/Courses/learing/PHP/Laravel/Gorge/vendor/laravel/framework/src/Illuminate/Http/Middleware/ValidatePostSize.php(27): Illuminate\\Pipeline\\Pipeline->{closure:{closure:Illuminate\\Pipeline\\Pipeline::carry():194}:195}()
#46 /mnt/Felo/Courses/learing/PHP/Laravel/Gorge/vendor/laravel/framework/src/Illuminate/Pipeline/Pipeline.php(219): Illuminate\\Http\\Middleware\\ValidatePostSize->handle()
#47 /mnt/Felo/Courses/learing/PHP/Laravel/Gorge/vendor/laravel/framework/src/Illuminate/Foundation/Http/Middleware/PreventRequestsDuringMaintenance.php(109): Illuminate\\Pipeline\\Pipeline->{closure:{closure:Illuminate\\Pipeline\\Pipeline::carry():194}:195}()
#48 /mnt/Felo/Courses/learing/PHP/Laravel/Gorge/vendor/laravel/framework/src/Illuminate/Pipeline/Pipeline.php(219): Illuminate\\Foundation\\Http\\Middleware\\PreventRequestsDuringMaintenance->handle()
#49 /mnt/Felo/Courses/learing/PHP/Laravel/Gorge/vendor/laravel/framework/src/Illuminate/Http/Middleware/HandleCors.php(61): Illuminate\\Pipeline\\Pipeline->{closure:{closure:Illuminate\\Pipeline\\Pipeline::carry():194}:195}()
#50 /mnt/Felo/Courses/learing/PHP/Laravel/Gorge/vendor/laravel/framework/src/Illuminate/Pipeline/Pipeline.php(219): Illuminate\\Http\\Middleware\\HandleCors->handle()
#51 /mnt/Felo/Courses/learing/PHP/Laravel/Gorge/vendor/laravel/framework/src/Illuminate/Http/Middleware/TrustProxies.php(58): Illuminate\\Pipeline\\Pipeline->{closure:{closure:Illuminate\\Pipeline\\Pipeline::carry():194}:195}()
#52 /mnt/Felo/Courses/learing/PHP/Laravel/Gorge/vendor/laravel/framework/src/Illuminate/Pipeline/Pipeline.php(219): Illuminate\\Http\\Middleware\\TrustProxies->handle()
#53 /mnt/Felo/Courses/learing/PHP/Laravel/Gorge/vendor/laravel/framework/src/Illuminate/Foundation/Http/Middleware/InvokeDeferredCallbacks.php(22): Illuminate\\Pipeline\\Pipeline->{closure:{closure:Illuminate\\Pipeline\\Pipeline::carry():194}:195}()
#54 /mnt/Felo/Courses/learing/PHP/Laravel/Gorge/vendor/laravel/framework/src/Illuminate/Pipeline/Pipeline.php(219): Illuminate\\Foundation\\Http\\Middleware\\InvokeDeferredCallbacks->handle()
#55 /mnt/Felo/Courses/learing/PHP/Laravel/Gorge/vendor/laravel/framework/src/Illuminate/Http/Middleware/ValidatePathEncoding.php(28): Illuminate\\Pipeline\\Pipeline->{closure:{closure:Illuminate\\Pipeline\\Pipeline::carry():194}:195}()
#56 /mnt/Felo/Courses/learing/PHP/Laravel/Gorge/vendor/laravel/framework/src/Illuminate/Pipeline/Pipeline.php(219): Illuminate\\Http\\Middleware\\ValidatePathEncoding->handle()
#57 /mnt/Felo/Courses/learing/PHP/Laravel/Gorge/vendor/laravel/framework/src/Illuminate/Pipeline/Pipeline.php(137): Illuminate\\Pipeline\\Pipeline->{closure:{closure:Illuminate\\Pipeline\\Pipeline::carry():194}:195}()
#58 /mnt/Felo/Courses/learing/PHP/Laravel/Gorge/vendor/laravel/framework/src/Illuminate/Foundation/Http/Kernel.php(175): Illuminate\\Pipeline\\Pipeline->then()
#59 /mnt/Felo/Courses/learing/PHP/Laravel/Gorge/vendor/laravel/framework/src/Illuminate/Foundation/Http/Kernel.php(144): Illuminate\\Foundation\\Http\\Kernel->sendRequestThroughRouter()
#60 /mnt/Felo/Courses/learing/PHP/Laravel/Gorge/vendor/laravel/framework/src/Illuminate/Foundation/Application.php(1220): Illuminate\\Foundation\\Http\\Kernel->handle()
#61 /mnt/Felo/Courses/learing/PHP/Laravel/Gorge/public/index.php(20): Illuminate\\Foundation\\Application->handleRequest()
#62 /mnt/Felo/Courses/learing/PHP/Laravel/Gorge/vendor/laravel/framework/src/Illuminate/Foundation/resources/server.php(23): require_once('...')
#63 {main}
"} 
[2026-07-16 20:22:38] local.ERROR: Undefined property: Illuminate\View\Factory::$yieldContent (View: /mnt/Felo/Courses/learing/PHP/Laravel/Gorge/resources/views/layouts/app.blade.php) (View: /mnt/Felo/Courses/learing/PHP/Laravel/Gorge/resources/views/layouts/app.blade.php) {"userId":1,"exception":"[object] (Illuminate\\View\\ViewException(code: 0): Undefined property: Illuminate\\View\\Factory::$yieldContent (View: /mnt/Felo/Courses/learing/PHP/Laravel/Gorge/resources/views/layouts/app.blade.php) (View: /mnt/Felo/Courses/learing/PHP/Laravel/Gorge/resources/views/layouts/app.blade.php) at /tmp/0613a22c96d54cd49b57fe925e1eb9cc.php:37)
[stacktrace]
#0 /mnt/Felo/Courses/learing/PHP/Laravel/Gorge/vendor/laravel/framework/src/Illuminate/View/Engines/PhpEngine.php(59): Illuminate\\View\\Engines\\CompilerEngine->handleViewException()
#1 /mnt/Felo/Courses/learing/PHP/Laravel/Gorge/vendor/laravel/framework/src/Illuminate/View/Engines/CompilerEngine.php(76): Illuminate\\View\\Engines\\PhpEngine->evaluatePath()
#2 /mnt/Felo/Courses/learing/PHP/Laravel/Gorge/vendor/laravel/framework/src/Illuminate/View/View.php(208): Illuminate\\View\\Engines\\CompilerEngine->get()
#3 /mnt/Felo/Courses/learing/PHP/Laravel/Gorge/vendor/laravel/framework/src/Illuminate/View/View.php(191): Illuminate\\View\\View->getContents()
#4 /mnt/Felo/Courses/learing/PHP/Laravel/Gorge/vendor/laravel/framework/src/Illuminate/View/View.php(160): Illuminate\\View\\View->renderContents()
#5 /mnt/Felo/Courses/learing/PHP/Laravel/Gorge/vendor/laravel/framework/src/Illuminate/Http/Response.php(82): Illuminate\\View\\View->render()
#6 /mnt/Felo/Courses/learing/PHP/Laravel/Gorge/vendor/laravel/framework/src/Illuminate/Http/Response.php(40): Illuminate\\Http\\Response->setContent()
#7 /mnt/Felo/Courses/learing/PHP/Laravel/Gorge/vendor/laravel/framework/src/Illuminate/Routing/Router.php(939): Illuminate\\Http\\Response->__construct()
#8 /mnt/Felo/Courses/learing/PHP/Laravel/Gorge/vendor/laravel/framework/src/Illuminate/Routing/Router.php(906): Illuminate\\Routing\\Router::toResponse()
#9 /mnt/Felo/Courses/learing/PHP/Laravel/Gorge/vendor/laravel/framework/src/Illuminate/Routing/Router.php(821): Illuminate\\Routing\\Router->prepareResponse()
#10 /mnt/Felo/Courses/learing/PHP/Laravel/Gorge/vendor/laravel/framework/src/Illuminate/Pipeline/Pipeline.php(180): Illuminate\\Routing\\Router->{closure:Illuminate\\Routing\\Router::runRouteWithinStack():821}()
#11 /mnt/Felo/Courses/learing/PHP/Laravel/Gorge/app/Http/Middleware/AdminMiddleware.php(22): Illuminate\\Pipeline\\Pipeline->{closure:Illuminate\\Pipeline\\Pipeline::prepareDestination():178}()
#12 /mnt/Felo/Courses/learing/PHP/Laravel/Gorge/vendor/laravel/framework/src/Illuminate/Pipeline/Pipeline.php(219): App\\Http\\Middleware\\AdminMiddleware->handle()
#13 /mnt/Felo/Courses/learing/PHP/Laravel/Gorge/app/Http/Middleware/SecurityHeadersMiddleware.php(17): Illuminate\\Pipeline\\Pipeline->{closure:{closure:Illuminate\\Pipeline\\Pipeline::carry():194}:195}()
#14 /mnt/Felo/Courses/learing/PHP/Laravel/Gorge/vendor/laravel/framework/src/Illuminate/Pipeline/Pipeline.php(219): App\\Http\\Middleware\\SecurityHeadersMiddleware->handle()
#15 /mnt/Felo/Courses/learing/PHP/Laravel/Gorge/vendor/laravel/framework/src/Illuminate/Routing/Middleware/SubstituteBindings.php(52): Illuminate\\Pipeline\\Pipeline->{closure:{closure:Illuminate\\Pipeline\\Pipeline::carry():194}:195}()
#16 /mnt/Felo/Courses/learing/PHP/Laravel/Gorge/vendor/laravel/framework/src/Illuminate/Pipeline/Pipeline.php(219): Illuminate\\Routing\\Middleware\\SubstituteBindings->handle()
#17 /mnt/Felo/Courses/learing/PHP/Laravel/Gorge/vendor/laravel/framework/src/Illuminate/Auth/Middleware/Authenticate.php(63): Illuminate\\Pipeline\\Pipeline->{closure:{closure:Illuminate\\Pipeline\\Pipeline::carry():194}:195}()
#18 /mnt/Felo/Courses/learing/PHP/Laravel/Gorge/vendor/laravel/framework/src/Illuminate/Pipeline/Pipeline.php(219): Illuminate\\Auth\\Middleware\\Authenticate->handle()
#19 /mnt/Felo/Courses/learing/PHP/Laravel/Gorge/vendor/laravel/framework/src/Illuminate/Foundation/Http/Middleware/PreventRequestForgery.php(104): Illuminate\\Pipeline\\Pipeline->{closure:{closure:Illuminate\\Pipeline\\Pipeline::carry():194}:195}()
#20 /mnt/Felo/Courses/learing/PHP/Laravel/Gorge/vendor/laravel/framework/src/Illuminate/Pipeline/Pipeline.php(219): Illuminate\\Foundation\\Http\\Middleware\\PreventRequestForgery->handle()
#21 /mnt/Felo/Courses/learing/PHP/Laravel/Gorge/vendor/laravel/framework/src/Illuminate/View/Middleware/ShareErrorsFromSession.php(48): Illuminate\\Pipeline\\Pipeline->{closure:{closure:Illuminate\\Pipeline\\Pipeline::carry():194}:195}()
#22 /mnt/Felo/Courses/learing/PHP/Laravel/Gorge/vendor/laravel/framework/src/Illuminate/Pipeline/Pipeline.php(219): Illuminate\\View\\Middleware\\ShareErrorsFromSession->handle()
#23 /mnt/Felo/Courses/learing/PHP/Laravel/Gorge/vendor/laravel/framework/src/Illuminate/Session/Middleware/StartSession.php(120): Illuminate\\Pipeline\\Pipeline->{closure:{closure:Illuminate\\Pipeline\\Pipeline::carry():194}:195}()
#24 /mnt/Felo/Courses/learing/PHP/Laravel/Gorge/vendor/laravel/framework/src/Illuminate/Session/Middleware/StartSession.php(63): Illuminate\\Session\\Middleware\\StartSession->handleStatefulRequest()
#25 /mnt/Felo/Courses/learing/PHP/Laravel/Gorge/vendor/laravel/framework/src/Illuminate/Pipeline/Pipeline.php(219): Illuminate\\Session\\Middleware\\StartSession->handle()
#26 /mnt/Felo/Courses/learing/PHP/Laravel/Gorge/vendor/laravel/framework/src/Illuminate/Cookie/Middleware/AddQueuedCookiesToResponse.php(36): Illuminate\\Pipeline\\Pipeline->{closure:{closure:Illuminate\\Pipeline\\Pipeline::carry():194}:195}()
#27 /mnt/Felo/Courses/learing/PHP/Laravel/Gorge/vendor/laravel/framework/src/Illuminate/Pipeline/Pipeline.php(219): Illuminate\\Cookie\\Middleware\\AddQueuedCookiesToResponse->handle()
#28 /mnt/Felo/Courses/learing/PHP/Laravel/Gorge/vendor/laravel/framework/src/Illuminate/Cookie/Middleware/EncryptCookies.php(74): Illuminate\\Pipeline\\Pipeline->{closure:{closure:Illuminate\\Pipeline\\Pipeline::carry():194}:195}()
#29 /mnt/Felo/Courses/learing/PHP/Laravel/Gorge/vendor/laravel/framework/src/Illuminate/Pipeline/Pipeline.php(219): Illuminate\\Cookie\\Middleware\\EncryptCookies->handle()
#30 /mnt/Felo/Courses/learing/PHP/Laravel/Gorge/vendor/laravel/framework/src/Illuminate/Pipeline/Pipeline.php(137): Illuminate\\Pipeline\\Pipeline->{closure:{closure:Illuminate\\Pipeline\\Pipeline::carry():194}:195}()
#31 /mnt/Felo/Courses/learing/PHP/Laravel/Gorge/vendor/laravel/framework/src/Illuminate/Routing/Router.php(821): Illuminate\\Pipeline\\Pipeline->then()
#32 /mnt/Felo/Courses/learing/PHP/Laravel/Gorge/vendor/laravel/framework/src/Illuminate/Routing/Router.php(800): Illuminate\\Routing\\Router->runRouteWithinStack()
#33 /mnt/Felo/Courses/learing/PHP/Laravel/Gorge/vendor/laravel/framework/src/Illuminate/Routing/Router.php(764): Illuminate\\Routing\\Router->runRoute()
#34 /mnt/Felo/Courses/learing/PHP/Laravel/Gorge/vendor/laravel/framework/src/Illuminate/Routing/Router.php(753): Illuminate\\Routing\\Router->dispatchToRoute()
#35 /mnt/Felo/Courses/learing/PHP/Laravel/Gorge/vendor/laravel/framework/src/Illuminate/Foundation/Http/Kernel.php(200): Illuminate\\Routing\\Router->dispatch()
#36 /mnt/Felo/Courses/learing/PHP/Laravel/Gorge/vendor/laravel/framework/src/Illuminate/Pipeline/Pipeline.php(180): Illuminate\\Foundation\\Http\\Kernel->{closure:Illuminate\\Foundation\\Http\\Kernel::dispatchToRouter():197}()
#37 /mnt/Felo/Courses/learing/PHP/Laravel/Gorge/vendor/laravel/framework/src/Illuminate/Foundation/Http/Middleware/TransformsRequest.php(21): Illuminate\\Pipeline\\Pipeline->{closure:Illuminate\\Pipeline\\Pipeline::prepareDestination():178}()
#38 /mnt/Felo/Courses/learing/PHP/Laravel/Gorge/vendor/laravel/framework/src/Illuminate/Foundation/Http/Middleware/ConvertEmptyStringsToNull.php(31): Illuminate\\Foundation\\Http\\Middleware\\TransformsRequest->handle()
#39 /mnt/Felo/Courses/learing/PHP/Laravel/Gorge/vendor/laravel/framework/src/Illuminate/Pipeline/Pipeline.php(219): Illuminate\\Foundation\\Http\\Middleware\\ConvertEmptyStringsToNull->handle()
#40 /mnt/Felo/Courses/learing/PHP/Laravel/Gorge/vendor/laravel/framework/src/Illuminate/Foundation/Http/Middleware/TransformsRequest.php(21): Illuminate\\Pipeline\\Pipeline->{closure:{closure:Illuminate\\Pipeline\\Pipeline::carry():194}:195}()
#41 /mnt/Felo/Courses/learing/PHP/Laravel/Gorge/vendor/laravel/framework/src/Illuminate/Foundation/Http/Middleware/TrimStrings.php(51): Illuminate\\Foundation\\Http\\Middleware\\TransformsRequest->handle()
#42 /mnt/Felo/Courses/learing/PHP/Laravel/Gorge/vendor/laravel/framework/src/Illuminate/Pipeline/Pipeline.php(219): Illuminate\\Foundation\\Http\\Middleware\\TrimStrings->handle()
#43 /mnt/Felo/Courses/learing/PHP/Laravel/Gorge/vendor/laravel/framework/src/Illuminate/Http/Middleware/ValidatePostSize.php(27): Illuminate\\Pipeline\\Pipeline->{closure:{closure:Illuminate\\Pipeline\\Pipeline::carry():194}:195}()
#44 /mnt/Felo/Courses/learing/PHP/Laravel/Gorge/vendor/laravel/framework/src/Illuminate/Pipeline/Pipeline.php(219): Illuminate\\Http\\Middleware\\ValidatePostSize->handle()
#45 /mnt/Felo/Courses/learing/PHP/Laravel/Gorge/vendor/laravel/framework/src/Illuminate/Foundation/Http/Middleware/PreventRequestsDuringMaintenance.php(109): Illuminate\\Pipeline\\Pipeline->{closure:{closure:Illuminate\\Pipeline\\Pipeline::carry():194}:195}()
#46 /mnt/Felo/Courses/learing/PHP/Laravel/Gorge/vendor/laravel/framework/src/Illuminate/Pipeline/Pipeline.php(219): Illuminate\\Foundation\\Http\\Middleware\\PreventRequestsDuringMaintenance->handle()
#47 /mnt/Felo/Courses/learing/PHP/Laravel/Gorge/vendor/laravel/framework/src/Illuminate/Http/Middleware/HandleCors.php(61): Illuminate\\Pipeline\\Pipeline->{closure:{closure:Illuminate\\Pipeline\\Pipeline::carry():194}:195}()
#48 /mnt/Felo/Courses/learing/PHP/Laravel/Gorge/vendor/laravel/framework/src/Illuminate/Pipeline/Pipeline.php(219): Illuminate\\Http\\Middleware\\HandleCors->handle()
#49 /mnt/Felo/Courses/learing/PHP/Laravel/Gorge/vendor/laravel/framework/src/Illuminate/Http/Middleware/TrustProxies.php(58): Illuminate\\Pipeline\\Pipeline->{closure:{closure:Illuminate\\Pipeline\\Pipeline::carry():194}:195}()
#50 /mnt/Felo/Courses/learing/PHP/Laravel/Gorge/vendor/laravel/framework/src/Illuminate/Pipeline/Pipeline.php(219): Illuminate\\Http\\Middleware\\TrustProxies->handle()
#51 /mnt/Felo/Courses/learing/PHP/Laravel/Gorge/vendor/laravel/framework/src/Illuminate/Foundation/Http/Middleware/InvokeDeferredCallbacks.php(22): Illuminate\\Pipeline\\Pipeline->{closure:{closure:Illuminate\\Pipeline\\Pipeline::carry():194}:195}()
#52 /mnt/Felo/Courses/learing/PHP/Laravel/Gorge/vendor/laravel/framework/src/Illuminate/Pipeline/Pipeline.php(219): Illuminate\\Foundation\\Http\\Middleware\\InvokeDeferredCallbacks->handle()
#53 /mnt/Felo/Courses/learing/PHP/Laravel/Gorge/vendor/laravel/framework/src/Illuminate/Http/Middleware/ValidatePathEncoding.php(28): Illuminate\\Pipeline\\Pipeline->{closure:{closure:Illuminate\\Pipeline\\Pipeline::carry():194}:195}()
#54 /mnt/Felo/Courses/learing/PHP/Laravel/Gorge/vendor/laravel/framework/src/Illuminate/Pipeline/Pipeline.php(219): Illuminate\\Http\\Middleware\\ValidatePathEncoding->handle()
#55 /mnt/Felo/Courses/learing/PHP/Laravel/Gorge/vendor/laravel/framework/src/Illuminate/Pipeline/Pipeline.php(137): Illuminate\\Pipeline\\Pipeline->{closure:{closure:Illuminate\\Pipeline\\Pipeline::carry():194}:195}()
#56 /mnt/Felo/Courses/learing/PHP/Laravel/Gorge/vendor/laravel/framework/src/Illuminate/Foundation/Http/Kernel.php(175): Illuminate\\Pipeline\\Pipeline->then()
#57 /mnt/Felo/Courses/learing/PHP/Laravel/Gorge/vendor/laravel/framework/src/Illuminate/Foundation/Http/Kernel.php(144): Illuminate\\Foundation\\Http\\Kernel->sendRequestThroughRouter()
#58 /mnt/Felo/Courses/learing/PHP/Laravel/Gorge/vendor/laravel/framework/src/Illuminate/Foundation/Application.php(1220): Illuminate\\Foundation\\Http\\Kernel->handle()
#59 /mnt/Felo/Courses/learing/PHP/Laravel/Gorge/public/index.php(20): Illuminate\\Foundation\\Application->handleRequest()
#60 /mnt/Felo/Courses/learing/PHP/Laravel/Gorge/vendor/laravel/framework/src/Illuminate/Foundation/resources/server.php(23): require_once('...')
#61 {main}

[previous exception] [object] (Illuminate\\View\\ViewException(code: 0): Undefined property: Illuminate\\View\\Factory::$yieldContent (View: /mnt/Felo/Courses/learing/PHP/Laravel/Gorge/resources/views/layouts/app.blade.php) at /tmp/0613a22c96d54cd49b57fe925e1eb9cc.php:37)
[stacktrace]
#0 /mnt/Felo/Courses/learing/PHP/Laravel/Gorge/vendor/laravel/framework/src/Illuminate/View/Engines/PhpEngine.php(59): Illuminate\\View\\Engines\\CompilerEngine->handleViewException()
#1 /mnt/Felo/Courses/learing/PHP/Laravel/Gorge/vendor/laravel/framework/src/Illuminate/View/Engines/CompilerEngine.php(76): Illuminate\\View\\Engines\\PhpEngine->evaluatePath()
#2 /mnt/Felo/Courses/learing/PHP/Laravel/Gorge/vendor/laravel/framework/src/Illuminate/View/View.php(208): Illuminate\\View\\Engines\\CompilerEngine->get()
#3 /mnt/Felo/Courses/learing/PHP/Laravel/Gorge/vendor/laravel/framework/src/Illuminate/View/View.php(191): Illuminate\\View\\View->getContents()
#4 /mnt/Felo/Courses/learing/PHP/Laravel/Gorge/vendor/laravel/framework/src/Illuminate/View/View.php(160): Illuminate\\View\\View->renderContents()
#5 /tmp/2235be9e3ead425c9ad30149c4166966.php(502): Illuminate\\View\\View->render()
#6 /mnt/Felo/Courses/learing/PHP/Laravel/Gorge/vendor/laravel/framework/src/Illuminate/Filesystem/Filesystem.php(123): require('...')
#7 /mnt/Felo/Courses/learing/PHP/Laravel/Gorge/vendor/laravel/framework/src/Illuminate/Filesystem/Filesystem.php(124): Illuminate\\Filesystem\\Filesystem::{closure:Illuminate\\Filesystem\\Filesystem::getRequire():120}()
#8 /mnt/Felo/Courses/learing/PHP/Laravel/Gorge/vendor/laravel/framework/src/Illuminate/View/Engines/PhpEngine.php(57): Illuminate\\Filesystem\\Filesystem->getRequire()
#9 /mnt/Felo/Courses/learing/PHP/Laravel/Gorge/vendor/laravel/framework/src/Illuminate/View/Engines/CompilerEngine.php(76): Illuminate\\View\\Engines\\PhpEngine->evaluatePath()
#10 /mnt/Felo/Courses/learing/PHP/Laravel/Gorge/vendor/laravel/framework/src/Illuminate/View/View.php(208): Illuminate\\View\\Engines\\CompilerEngine->get()
#11 /mnt/Felo/Courses/learing/PHP/Laravel/Gorge/vendor/laravel/framework/src/Illuminate/View/View.php(191): Illuminate\\View\\View->getContents()
#12 /mnt/Felo/Courses/learing/PHP/Laravel/Gorge/vendor/laravel/framework/src/Illuminate/View/View.php(160): Illuminate\\View\\View->renderContents()
#13 /mnt/Felo/Courses/learing/PHP/Laravel/Gorge/vendor/laravel/framework/src/Illuminate/Http/Response.php(82): Illuminate\\View\\View->render()
#14 /mnt/Felo/Courses/learing/PHP/Laravel/Gorge/vendor/laravel/framework/src/Illuminate/Http/Response.php(40): Illuminate\\Http\\Response->setContent()
#15 /mnt/Felo/Courses/learing/PHP/Laravel/Gorge/vendor/laravel/framework/src/Illuminate/Routing/Router.php(939): Illuminate\\Http\\Response->__construct()
#16 /mnt/Felo/Courses/learing/PHP/Laravel/Gorge/vendor/laravel/framework/src/Illuminate/Routing/Router.php(906): Illuminate\\Routing\\Router::toResponse()
#17 /mnt/Felo/Courses/learing/PHP/Laravel/Gorge/vendor/laravel/framework/src/Illuminate/Routing/Router.php(821): Illuminate\\Routing\\Router->prepareResponse()
#18 /mnt/Felo/Courses/learing/PHP/Laravel/Gorge/vendor/laravel/framework/src/Illuminate/Pipeline/Pipeline.php(180): Illuminate\\Routing\\Router->{closure:Illuminate\\Routing\\Router::runRouteWithinStack():821}()
#19 /mnt/Felo/Courses/learing/PHP/Laravel/Gorge/app/Http/Middleware/AdminMiddleware.php(22): Illuminate\\Pipeline\\Pipeline->{closure:Illuminate\\Pipeline\\Pipeline::prepareDestination():178}()
#20 /mnt/Felo/Courses/learing/PHP/Laravel/Gorge/vendor/laravel/framework/src/Illuminate/Pipeline/Pipeline.php(219): App\\Http\\Middleware\\AdminMiddleware->handle()
#21 /mnt/Felo/Courses/learing/PHP/Laravel/Gorge/app/Http/Middleware/SecurityHeadersMiddleware.php(17): Illuminate\\Pipeline\\Pipeline->{closure:{closure:Illuminate\\Pipeline\\Pipeline::carry():194}:195}()
#22 /mnt/Felo/Courses/learing/PHP/Laravel/Gorge/vendor/laravel/framework/src/Illuminate/Pipeline/Pipeline.php(219): App\\Http\\Middleware\\SecurityHeadersMiddleware->handle()
#23 /mnt/Felo/Courses/learing/PHP/Laravel/Gorge/vendor/laravel/framework/src/Illuminate/Routing/Middleware/SubstituteBindings.php(52): Illuminate\\Pipeline\\Pipeline->{closure:{closure:Illuminate\\Pipeline\\Pipeline::carry():194}:195}()
#24 /mnt/Felo/Courses/learing/PHP/Laravel/Gorge/vendor/laravel/framework/src/Illuminate/Pipeline/Pipeline.php(219): Illuminate\\Routing\\Middleware\\SubstituteBindings->handle()
#25 /mnt/Felo/Courses/learing/PHP/Laravel/Gorge/vendor/laravel/framework/src/Illuminate/Auth/Middleware/Authenticate.php(63): Illuminate\\Pipeline\\Pipeline->{closure:{closure:Illuminate\\Pipeline\\Pipeline::carry():194}:195}()
#26 /mnt/Felo/Courses/learing/PHP/Laravel/Gorge/vendor/laravel/framework/src/Illuminate/Pipeline/Pipeline.php(219): Illuminate\\Auth\\Middleware\\Authenticate->handle()
#27 /mnt/Felo/Courses/learing/PHP/Laravel/Gorge/vendor/laravel/framework/src/Illuminate/Foundation/Http/Middleware/PreventRequestForgery.php(104): Illuminate\\Pipeline\\Pipeline->{closure:{closure:Illuminate\\Pipeline\\Pipeline::carry():194}:195}()
#28 /mnt/Felo/Courses/learing/PHP/Laravel/Gorge/vendor/laravel/framework/src/Illuminate/Pipeline/Pipeline.php(219): Illuminate\\Foundation\\Http\\Middleware\\PreventRequestForgery->handle()
#29 /mnt/Felo/Courses/learing/PHP/Laravel/Gorge/vendor/laravel/framework/src/Illuminate/View/Middleware/ShareErrorsFromSession.php(48): Illuminate\\Pipeline\\Pipeline->{closure:{closure:Illuminate\\Pipeline\\Pipeline::carry():194}:195}()
#30 /mnt/Felo/Courses/learing/PHP/Laravel/Gorge/vendor/laravel/framework/src/Illuminate/Pipeline/Pipeline.php(219): Illuminate\\View\\Middleware\\ShareErrorsFromSession->handle()
#31 /mnt/Felo/Courses/learing/PHP/Laravel/Gorge/vendor/laravel/framework/src/Illuminate/Session/Middleware/StartSession.php(120): Illuminate\\Pipeline\\Pipeline->{closure:{closure:Illuminate\\Pipeline\\Pipeline::carry():194}:195}()
#32 /mnt/Felo/Courses/learing/PHP/Laravel/Gorge/vendor/laravel/framework/src/Illuminate/Session/Middleware/StartSession.php(63): Illuminate\\Session\\Middleware\\StartSession->handleStatefulRequest()
#33 /mnt/Felo/Courses/learing/PHP/Laravel/Gorge/vendor/laravel/framework/src/Illuminate/Pipeline/Pipeline.php(219): Illuminate\\Session\\Middleware\\StartSession->handle()
#34 /mnt/Felo/Courses/learing/PHP/Laravel/Gorge/vendor/laravel/framework/src/Illuminate/Cookie/Middleware/AddQueuedCookiesToResponse.php(36): Illuminate\\Pipeline\\Pipeline->{closure:{closure:Illuminate\\Pipeline\\Pipeline::carry():194}:195}()
#35 /mnt/Felo/Courses/learing/PHP/Laravel/Gorge/vendor/laravel/framework/src/Illuminate/Pipeline/Pipeline.php(219): Illuminate\\Cookie\\Middleware\\AddQueuedCookiesToResponse->handle()
#36 /mnt/Felo/Courses/learing/PHP/Laravel/Gorge/vendor/laravel/framework/src/Illuminate/Cookie/Middleware/EncryptCookies.php(74): Illuminate\\Pipeline\\Pipeline->{closure:{closure:Illuminate\\Pipeline\\Pipeline::carry():194}:195}()
#37 /mnt/Felo/Courses/learing/PHP/Laravel/Gorge/vendor/laravel/framework/src/Illuminate/Pipeline/Pipeline.php(219): Illuminate\\Cookie\\Middleware\\EncryptCookies->handle()
#38 /mnt/Felo/Courses/learing/PHP/Laravel/Gorge/vendor/laravel/framework/src/Illuminate/Pipeline/Pipeline.php(137): Illuminate\\Pipeline\\Pipeline->{closure:{closure:Illuminate\\Pipeline\\Pipeline::carry():194}:195}()
#39 /mnt/Felo/Courses/learing/PHP/Laravel/Gorge/vendor/laravel/framework/src/Illuminate/Routing/Router.php(821): Illuminate\\Pipeline\\Pipeline->then()
#40 /mnt/Felo/Courses/learing/PHP/Laravel/Gorge/vendor/laravel/framework/src/Illuminate/Routing/Router.php(800): Illuminate\\Routing\\Router->runRouteWithinStack()
#41 /mnt/Felo/Courses/learing/PHP/Laravel/Gorge/vendor/laravel/framework/src/Illuminate/Routing/Router.php(764): Illuminate\\Routing\\Router->runRoute()
#42 /mnt/Felo/Courses/learing/PHP/Laravel/Gorge/vendor/laravel/framework/src/Illuminate/Routing/Router.php(753): Illuminate\\Routing\\Router->dispatchToRoute()
#43 /mnt/Felo/Courses/learing/PHP/Laravel/Gorge/vendor/laravel/framework/src/Illuminate/Foundation/Http/Kernel.php(200): Illuminate\\Routing\\Router->dispatch()
#44 /mnt/Felo/Courses/learing/PHP/Laravel/Gorge/vendor/laravel/framework/src/Illuminate/Pipeline/Pipeline.php(180): Illuminate\\Foundation\\Http\\Kernel->{closure:Illuminate\\Foundation\\Http\\Kernel::dispatchToRouter():197}()
#45 /mnt/Felo/Courses/learing/PHP/Laravel/Gorge/vendor/laravel/framework/src/Illuminate/Foundation/Http/Middleware/TransformsRequest.php(21): Illuminate\\Pipeline\\Pipeline->{closure:Illuminate\\Pipeline\\Pipeline::prepareDestination():178}()
#46 /mnt/Felo/Courses/learing/PHP/Laravel/Gorge/vendor/laravel/framework/src/Illuminate/Foundation/Http/Middleware/ConvertEmptyStringsToNull.php(31): Illuminate\\Foundation\\Http\\Middleware\\TransformsRequest->handle()
#47 /mnt/Felo/Courses/learing/PHP/Laravel/Gorge/vendor/laravel/framework/src/Illuminate/Pipeline/Pipeline.php(219): Illuminate\\Foundation\\Http\\Middleware\\ConvertEmptyStringsToNull->handle()
#48 /mnt/Felo/Courses/learing/PHP/Laravel/Gorge/vendor/laravel/framework/src/Illuminate/Foundation/Http/Middleware/TransformsRequest.php(21): Illuminate\\Pipeline\\Pipeline->{closure:{closure:Illuminate\\Pipeline\\Pipeline::carry():194}:195}()
#49 /mnt/Felo/Courses/learing/PHP/Laravel/Gorge/vendor/laravel/framework/src/Illuminate/Foundation/Http/Middleware/TrimStrings.php(51): Illuminate\\Foundation\\Http\\Middleware\\TransformsRequest->handle()
#50 /mnt/Felo/Courses/learing/PHP/Laravel/Gorge/vendor/laravel/framework/src/Illuminate/Pipeline/Pipeline.php(219): Illuminate\\Foundation\\Http\\Middleware\\TrimStrings->handle()
#51 /mnt/Felo/Courses/learing/PHP/Laravel/Gorge/vendor/laravel/framework/src/Illuminate/Http/Middleware/ValidatePostSize.php(27): Illuminate\\Pipeline\\Pipeline->{closure:{closure:Illuminate\\Pipeline\\Pipeline::carry():194}:195}()
#52 /mnt/Felo/Courses/learing/PHP/Laravel/Gorge/vendor/laravel/framework/src/Illuminate/Pipeline/Pipeline.php(219): Illuminate\\Http\\Middleware\\ValidatePostSize->handle()
#53 /mnt/Felo/Courses/learing/PHP/Laravel/Gorge/vendor/laravel/framework/src/Illuminate/Foundation/Http/Middleware/PreventRequestsDuringMaintenance.php(109): Illuminate\\Pipeline\\Pipeline->{closure:{closure:Illuminate\\Pipeline\\Pipeline::carry():194}:195}()
#54 /mnt/Felo/Courses/learing/PHP/Laravel/Gorge/vendor/laravel/framework/src/Illuminate/Pipeline/Pipeline.php(219): Illuminate\\Foundation\\Http\\Middleware\\PreventRequestsDuringMaintenance->handle()
#55 /mnt/Felo/Courses/learing/PHP/Laravel/Gorge/vendor/laravel/framework/src/Illuminate/Http/Middleware/HandleCors.php(61): Illuminate\\Pipeline\\Pipeline->{closure:{closure:Illuminate\\Pipeline\\Pipeline::carry():194}:195}()
#56 /mnt/Felo/Courses/learing/PHP/Laravel/Gorge/vendor/laravel/framework/src/Illuminate/Pipeline/Pipeline.php(219): Illuminate\\Http\\Middleware\\HandleCors->handle()
#57 /mnt/Felo/Courses/learing/PHP/Laravel/Gorge/vendor/laravel/framework/src/Illuminate/Http/Middleware/TrustProxies.php(58): Illuminate\\Pipeline\\Pipeline->{closure:{closure:Illuminate\\Pipeline\\Pipeline::carry():194}:195}()
#58 /mnt/Felo/Courses/learing/PHP/Laravel/Gorge/vendor/laravel/framework/src/Illuminate/Pipeline/Pipeline.php(219): Illuminate\\Http\\Middleware\\TrustProxies->handle()
#59 /mnt/Felo/Courses/learing/PHP/Laravel/Gorge/vendor/laravel/framework/src/Illuminate/Foundation/Http/Middleware/InvokeDeferredCallbacks.php(22): Illuminate\\Pipeline\\Pipeline->{closure:{closure:Illuminate\\Pipeline\\Pipeline::carry():194}:195}()
#60 /mnt/Felo/Courses/learing/PHP/Laravel/Gorge/vendor/laravel/framework/src/Illuminate/Pipeline/Pipeline.php(219): Illuminate\\Foundation\\Http\\Middleware\\InvokeDeferredCallbacks->handle()
#61 /mnt/Felo/Courses/learing/PHP/Laravel/Gorge/vendor/laravel/framework/src/Illuminate/Http/Middleware/ValidatePathEncoding.php(28): Illuminate\\Pipeline\\Pipeline->{closure:{closure:Illuminate\\Pipeline\\Pipeline::carry():194}:195}()
#62 /mnt/Felo/Courses/learing/PHP/Laravel/Gorge/vendor/laravel/framework/src/Illuminate/Pipeline/Pipeline.php(219): Illuminate\\Http\\Middleware\\ValidatePathEncoding->handle()
#63 /mnt/Felo/Courses/learing/PHP/Laravel/Gorge/vendor/laravel/framework/src/Illuminate/Pipeline/Pipeline.php(137): Illuminate\\Pipeline\\Pipeline->{closure:{closure:Illuminate\\Pipeline\\Pipeline::carry():194}:195}()
#64 /mnt/Felo/Courses/learing/PHP/Laravel/Gorge/vendor/laravel/framework/src/Illuminate/Foundation/Http/Kernel.php(175): Illuminate\\Pipeline\\Pipeline->then()
#65 /mnt/Felo/Courses/learing/PHP/Laravel/Gorge/vendor/laravel/framework/src/Illuminate/Foundation/Http/Kernel.php(144): Illuminate\\Foundation\\Http\\Kernel->sendRequestThroughRouter()
#66 /mnt/Felo/Courses/learing/PHP/Laravel/Gorge/vendor/laravel/framework/src/Illuminate/Foundation/Application.php(1220): Illuminate\\Foundation\\Http\\Kernel->handle()
#67 /mnt/Felo/Courses/learing/PHP/Laravel/Gorge/public/index.php(20): Illuminate\\Foundation\\Application->handleRequest()
#68 /mnt/Felo/Courses/learing/PHP/Laravel/Gorge/vendor/laravel/framework/src/Illuminate/Foundation/resources/server.php(23): require_once('...')
#69 {main}

[previous exception] [object] (ErrorException(code: 0): Undefined property: Illuminate\\View\\Factory::$yieldContent at /tmp/0613a22c96d54cd49b57fe925e1eb9cc.php:37)
[stacktrace]
#0 /mnt/Felo/Courses/learing/PHP/Laravel/Gorge/vendor/laravel/framework/src/Illuminate/Foundation/Bootstrap/HandleExceptions.php(263): Illuminate\\Foundation\\Bootstrap\\HandleExceptions->handleError()
#1 /tmp/0613a22c96d54cd49b57fe925e1eb9cc.php(37): Illuminate\\Foundation\\Bootstrap\\HandleExceptions->{closure:Illuminate\\Foundation\\Bootstrap\\HandleExceptions::forwardsTo():262}()
#2 /mnt/Felo/Courses/learing/PHP/Laravel/Gorge/vendor/laravel/framework/src/Illuminate/Filesystem/Filesystem.php(123): require('...')
#3 /mnt/Felo/Courses/learing/PHP/Laravel/Gorge/vendor/laravel/framework/src/Illuminate/Filesystem/Filesystem.php(124): Illuminate\\Filesystem\\Filesystem::{closure:Illuminate\\Filesystem\\Filesystem::getRequire():120}()
#4 /mnt/Felo/Courses/learing/PHP/Laravel/Gorge/vendor/laravel/framework/src/Illuminate/View/Engines/PhpEngine.php(57): Illuminate\\Filesystem\\Filesystem->getRequire()
#5 /mnt/Felo/Courses/learing/PHP/Laravel/Gorge/vendor/laravel/framework/src/Illuminate/View/Engines/CompilerEngine.php(76): Illuminate\\View\\Engines\\PhpEngine->evaluatePath()
#6 /mnt/Felo/Courses/learing/PHP/Laravel/Gorge/vendor/laravel/framework/src/Illuminate/View/View.php(208): Illuminate\\View\\Engines\\CompilerEngine->get()
#7 /mnt/Felo/Courses/learing/PHP/Laravel/Gorge/vendor/laravel/framework/src/Illuminate/View/View.php(191): Illuminate\\View\\View->getContents()
#8 /mnt/Felo/Courses/learing/PHP/Laravel/Gorge/vendor/laravel/framework/src/Illuminate/View/View.php(160): Illuminate\\View\\View->renderContents()
#9 /tmp/2235be9e3ead425c9ad30149c4166966.php(502): Illuminate\\View\\View->render()
#10 /mnt/Felo/Courses/learing/PHP/Laravel/Gorge/vendor/laravel/framework/src/Illuminate/Filesystem/Filesystem.php(123): require('...')
#11 /mnt/Felo/Courses/learing/PHP/Laravel/Gorge/vendor/laravel/framework/src/Illuminate/Filesystem/Filesystem.php(124): Illuminate\\Filesystem\\Filesystem::{closure:Illuminate\\Filesystem\\Filesystem::getRequire():120}()
#12 /mnt/Felo/Courses/learing/PHP/Laravel/Gorge/vendor/laravel/framework/src/Illuminate/View/Engines/PhpEngine.php(57): Illuminate\\Filesystem\\Filesystem->getRequire()
#13 /mnt/Felo/Courses/learing/PHP/Laravel/Gorge/vendor/laravel/framework/src/Illuminate/View/Engines/CompilerEngine.php(76): Illuminate\\View\\Engines\\PhpEngine->evaluatePath()
#14 /mnt/Felo/Courses/learing/PHP/Laravel/Gorge/vendor/laravel/framework/src/Illuminate/View/View.php(208): Illuminate\\View\\Engines\\CompilerEngine->get()
#15 /mnt/Felo/Courses/learing/PHP/Laravel/Gorge/vendor/laravel/framework/src/Illuminate/View/View.php(191): Illuminate\\View\\View->getContents()
#16 /mnt/Felo/Courses/learing/PHP/Laravel/Gorge/vendor/laravel/framework/src/Illuminate/View/View.php(160): Illuminate\\View\\View->renderContents()
#17 /mnt/Felo/Courses/learing/PHP/Laravel/Gorge/vendor/laravel/framework/src/Illuminate/Http/Response.php(82): Illuminate\\View\\View->render()
#18 /mnt/Felo/Courses/learing/PHP/Laravel/Gorge/vendor/laravel/framework/src/Illuminate/Http/Response.php(40): Illuminate\\Http\\Response->setContent()
#19 /mnt/Felo/Courses/learing/PHP/Laravel/Gorge/vendor/laravel/framework/src/Illuminate/Routing/Router.php(939): Illuminate\\Http\\Response->__construct()
#20 /mnt/Felo/Courses/learing/PHP/Laravel/Gorge/vendor/laravel/framework/src/Illuminate/Routing/Router.php(906): Illuminate\\Routing\\Router::toResponse()
#21 /mnt/Felo/Courses/learing/PHP/Laravel/Gorge/vendor/laravel/framework/src/Illuminate/Routing/Router.php(821): Illuminate\\Routing\\Router->prepareResponse()
#22 /mnt/Felo/Courses/learing/PHP/Laravel/Gorge/vendor/laravel/framework/src/Illuminate/Pipeline/Pipeline.php(180): Illuminate\\Routing\\Router->{closure:Illuminate\\Routing\\Router::runRouteWithinStack():821}()
#23 /mnt/Felo/Courses/learing/PHP/Laravel/Gorge/app/Http/Middleware/AdminMiddleware.php(22): Illuminate\\Pipeline\\Pipeline->{closure:Illuminate\\Pipeline\\Pipeline::prepareDestination():178}()
#24 /mnt/Felo/Courses/learing/PHP/Laravel/Gorge/vendor/laravel/framework/src/Illuminate/Pipeline/Pipeline.php(219): App\\Http\\Middleware\\AdminMiddleware->handle()
#25 /mnt/Felo/Courses/learing/PHP/Laravel/Gorge/app/Http/Middleware/SecurityHeadersMiddleware.php(17): Illuminate\\Pipeline\\Pipeline->{closure:{closure:Illuminate\\Pipeline\\Pipeline::carry():194}:195}()
#26 /mnt/Felo/Courses/learing/PHP/Laravel/Gorge/vendor/laravel/framework/src/Illuminate/Pipeline/Pipeline.php(219): App\\Http\\Middleware\\SecurityHeadersMiddleware->handle()
#27 /mnt/Felo/Courses/learing/PHP/Laravel/Gorge/vendor/laravel/framework/src/Illuminate/Routing/Middleware/SubstituteBindings.php(52): Illuminate\\Pipeline\\Pipeline->{closure:{closure:Illuminate\\Pipeline\\Pipeline::carry():194}:195}()
#28 /mnt/Felo/Courses/learing/PHP/Laravel/Gorge/vendor/laravel/framework/src/Illuminate/Pipeline/Pipeline.php(219): Illuminate\\Routing\\Middleware\\SubstituteBindings->handle()
#29 /mnt/Felo/Courses/learing/PHP/Laravel/Gorge/vendor/laravel/framework/src/Illuminate/Auth/Middleware/Authenticate.php(63): Illuminate\\Pipeline\\Pipeline->{closure:{closure:Illuminate\\Pipeline\\Pipeline::carry():194}:195}()
#30 /mnt/Felo/Courses/learing/PHP/Laravel/Gorge/vendor/laravel/framework/src/Illuminate/Pipeline/Pipeline.php(219): Illuminate\\Auth\\Middleware\\Authenticate->handle()
#31 /mnt/Felo/Courses/learing/PHP/Laravel/Gorge/vendor/laravel/framework/src/Illuminate/Foundation/Http/Middleware/PreventRequestForgery.php(104): Illuminate\\Pipeline\\Pipeline->{closure:{closure:Illuminate\\Pipeline\\Pipeline::carry():194}:195}()
#32 /mnt/Felo/Courses/learing/PHP/Laravel/Gorge/vendor/laravel/framework/src/Illuminate/Pipeline/Pipeline.php(219): Illuminate\\Foundation\\Http\\Middleware\\PreventRequestForgery->handle()
#33 /mnt/Felo/Courses/learing/PHP/Laravel/Gorge/vendor/laravel/framework/src/Illuminate/View/Middleware/ShareErrorsFromSession.php(48): Illuminate\\Pipeline\\Pipeline->{closure:{closure:Illuminate\\Pipeline\\Pipeline::carry():194}:195}()
#34 /mnt/Felo/Courses/learing/PHP/Laravel/Gorge/vendor/laravel/framework/src/Illuminate/Pipeline/Pipeline.php(219): Illuminate\\View\\Middleware\\ShareErrorsFromSession->handle()
#35 /mnt/Felo/Courses/learing/PHP/Laravel/Gorge/vendor/laravel/framework/src/Illuminate/Session/Middleware/StartSession.php(120): Illuminate\\Pipeline\\Pipeline->{closure:{closure:Illuminate\\Pipeline\\Pipeline::carry():194}:195}()
#36 /mnt/Felo/Courses/learing/PHP/Laravel/Gorge/vendor/laravel/framework/src/Illuminate/Session/Middleware/StartSession.php(63): Illuminate\\Session\\Middleware\\StartSession->handleStatefulRequest()
#37 /mnt/Felo/Courses/learing/PHP/Laravel/Gorge/vendor/laravel/framework/src/Illuminate/Pipeline/Pipeline.php(219): Illuminate\\Session\\Middleware\\StartSession->handle()
#38 /mnt/Felo/Courses/learing/PHP/Laravel/Gorge/vendor/laravel/framework/src/Illuminate/Cookie/Middleware/AddQueuedCookiesToResponse.php(36): Illuminate\\Pipeline\\Pipeline->{closure:{closure:Illuminate\\Pipeline\\Pipeline::carry():194}:195}()
#39 /mnt/Felo/Courses/learing/PHP/Laravel/Gorge/vendor/laravel/framework/src/Illuminate/Pipeline/Pipeline.php(219): Illuminate\\Cookie\\Middleware\\AddQueuedCookiesToResponse->handle()
#40 /mnt/Felo/Courses/learing/PHP/Laravel/Gorge/vendor/laravel/framework/src/Illuminate/Cookie/Middleware/EncryptCookies.php(74): Illuminate\\Pipeline\\Pipeline->{closure:{closure:Illuminate\\Pipeline\\Pipeline::carry():194}:195}()
#41 /mnt/Felo/Courses/learing/PHP/Laravel/Gorge/vendor/laravel/framework/src/Illuminate/Pipeline/Pipeline.php(219): Illuminate\\Cookie\\Middleware\\EncryptCookies->handle()
#42 /mnt/Felo/Courses/learing/PHP/Laravel/Gorge/vendor/laravel/framework/src/Illuminate/Pipeline/Pipeline.php(137): Illuminate\\Pipeline\\Pipeline->{closure:{closure:Illuminate\\Pipeline\\Pipeline::carry():194}:195}()
#43 /mnt/Felo/Courses/learing/PHP/Laravel/Gorge/vendor/laravel/framework/src/Illuminate/Routing/Router.php(821): Illuminate\\Pipeline\\Pipeline->then()
#44 /mnt/Felo/Courses/learing/PHP/Laravel/Gorge/vendor/laravel/framework/src/Illuminate/Routing/Router.php(800): Illuminate\\Routing\\Router->runRouteWithinStack()
#45 /mnt/Felo/Courses/learing/PHP/Laravel/Gorge/vendor/laravel/framework/src/Illuminate/Routing/Router.php(764): Illuminate\\Routing\\Router->runRoute()
#46 /mnt/Felo/Courses/learing/PHP/Laravel/Gorge/vendor/laravel/framework/src/Illuminate/Routing/Router.php(753): Illuminate\\Routing\\Router->dispatchToRoute()
#47 /mnt/Felo/Courses/learing/PHP/Laravel/Gorge/vendor/laravel/framework/src/Illuminate/Foundation/Http/Kernel.php(200): Illuminate\\Routing\\Router->dispatch()
#48 /mnt/Felo/Courses/learing/PHP/Laravel/Gorge/vendor/laravel/framework/src/Illuminate/Pipeline/Pipeline.php(180): Illuminate\\Foundation\\Http\\Kernel->{closure:Illuminate\\Foundation\\Http\\Kernel::dispatchToRouter():197}()
#49 /mnt/Felo/Courses/learing/PHP/Laravel/Gorge/vendor/laravel/framework/src/Illuminate/Foundation/Http/Middleware/TransformsRequest.php(21): Illuminate\\Pipeline\\Pipeline->{closure:Illuminate\\Pipeline\\Pipeline::prepareDestination():178}()
#50 /mnt/Felo/Courses/learing/PHP/Laravel/Gorge/vendor/laravel/framework/src/Illuminate/Foundation/Http/Middleware/ConvertEmptyStringsToNull.php(31): Illuminate\\Foundation\\Http\\Middleware\\TransformsRequest->handle()
#51 /mnt/Felo/Courses/learing/PHP/Laravel/Gorge/vendor/laravel/framework/src/Illuminate/Pipeline/Pipeline.php(219): Illuminate\\Foundation\\Http\\Middleware\\ConvertEmptyStringsToNull->handle()
#52 /mnt/Felo/Courses/learing/PHP/Laravel/Gorge/vendor/laravel/framework/src/Illuminate/Foundation/Http/Middleware/TransformsRequest.php(21): Illuminate\\Pipeline\\Pipeline->{closure:{closure:Illuminate\\Pipeline\\Pipeline::carry():194}:195}()
#53 /mnt/Felo/Courses/learing/PHP/Laravel/Gorge/vendor/laravel/framework/src/Illuminate/Foundation/Http/Middleware/TrimStrings.php(51): Illuminate\\Foundation\\Http\\Middleware\\TransformsRequest->handle()
#54 /mnt/Felo/Courses/learing/PHP/Laravel/Gorge/vendor/laravel/framework/src/Illuminate/Pipeline/Pipeline.php(219): Illuminate\\Foundation\\Http\\Middleware\\TrimStrings->handle()
#55 /mnt/Felo/Courses/learing/PHP/Laravel/Gorge/vendor/laravel/framework/src/Illuminate/Http/Middleware/ValidatePostSize.php(27): Illuminate\\Pipeline\\Pipeline->{closure:{closure:Illuminate\\Pipeline\\Pipeline::carry():194}:195}()
#56 /mnt/Felo/Courses/learing/PHP/Laravel/Gorge/vendor/laravel/framework/src/Illuminate/Pipeline/Pipeline.php(219): Illuminate\\Http\\Middleware\\ValidatePostSize->handle()
#57 /mnt/Felo/Courses/learing/PHP/Laravel/Gorge/vendor/laravel/framework/src/Illuminate/Foundation/Http/Middleware/PreventRequestsDuringMaintenance.php(109): Illuminate\\Pipeline\\Pipeline->{closure:{closure:Illuminate\\Pipeline\\Pipeline::carry():194}:195}()
#58 /mnt/Felo/Courses/learing/PHP/Laravel/Gorge/vendor/laravel/framework/src/Illuminate/Pipeline/Pipeline.php(219): Illuminate\\Foundation\\Http\\Middleware\\PreventRequestsDuringMaintenance->handle()
#59 /mnt/Felo/Courses/learing/PHP/Laravel/Gorge/vendor/laravel/framework/src/Illuminate/Http/Middleware/HandleCors.php(61): Illuminate\\Pipeline\\Pipeline->{closure:{closure:Illuminate\\Pipeline\\Pipeline::carry():194}:195}()
#60 /mnt/Felo/Courses/learing/PHP/Laravel/Gorge/vendor/laravel/framework/src/Illuminate/Pipeline/Pipeline.php(219): Illuminate\\Http\\Middleware\\HandleCors->handle()
#61 /mnt/Felo/Courses/learing/PHP/Laravel/Gorge/vendor/laravel/framework/src/Illuminate/Http/Middleware/TrustProxies.php(58): Illuminate\\Pipeline\\Pipeline->{closure:{closure:Illuminate\\Pipeline\\Pipeline::carry():194}:195}()
#62 /mnt/Felo/Courses/learing/PHP/Laravel/Gorge/vendor/laravel/framework/src/Illuminate/Pipeline/Pipeline.php(219): Illuminate\\Http\\Middleware\\TrustProxies->handle()
#63 /mnt/Felo/Courses/learing/PHP/Laravel/Gorge/vendor/laravel/framework/src/Illuminate/Foundation/Http/Middleware/InvokeDeferredCallbacks.php(22): Illuminate\\Pipeline\\Pipeline->{closure:{closure:Illuminate\\Pipeline\\Pipeline::carry():194}:195}()
#64 /mnt/Felo/Courses/learing/PHP/Laravel/Gorge/vendor/laravel/framework/src/Illuminate/Pipeline/Pipeline.php(219): Illuminate\\Foundation\\Http\\Middleware\\InvokeDeferredCallbacks->handle()
#65 /mnt/Felo/Courses/learing/PHP/Laravel/Gorge/vendor/laravel/framework/src/Illuminate/Http/Middleware/ValidatePathEncoding.php(28): Illuminate\\Pipeline\\Pipeline->{closure:{closure:Illuminate\\Pipeline\\Pipeline::carry():194}:195}()
#66 /mnt/Felo/Courses/learing/PHP/Laravel/Gorge/vendor/laravel/framework/src/Illuminate/Pipeline/Pipeline.php(219): Illuminate\\Http\\Middleware\\ValidatePathEncoding->handle()
#67 /mnt/Felo/Courses/learing/PHP/Laravel/Gorge/vendor/laravel/framework/src/Illuminate/Pipeline/Pipeline.php(137): Illuminate\\Pipeline\\Pipeline->{closure:{closure:Illuminate\\Pipeline\\Pipeline::carry():194}:195}()
#68 /mnt/Felo/Courses/learing/PHP/Laravel/Gorge/vendor/laravel/framework/src/Illuminate/Foundation/Http/Kernel.php(175): Illuminate\\Pipeline\\Pipeline->then()
#69 /mnt/Felo/Courses/learing/PHP/Laravel/Gorge/vendor/laravel/framework/src/Illuminate/Foundation/Http/Kernel.php(144): Illuminate\\Foundation\\Http\\Kernel->sendRequestThroughRouter()
#70 /mnt/Felo/Courses/learing/PHP/Laravel/Gorge/vendor/laravel/framework/src/Illuminate/Foundation/Application.php(1220): Illuminate\\Foundation\\Http\\Kernel->handle()
#71 /mnt/Felo/Courses/learing/PHP/Laravel/Gorge/public/index.php(20): Illuminate\\Foundation\\Application->handleRequest()
#72 /mnt/Felo/Courses/learing/PHP/Laravel/Gorge/vendor/laravel/framework/src/Illuminate/Foundation/resources/server.php(23): require_once('...')
#73 {main}
"} 
[2026-07-16 20:23:14] local.ERROR: Undefined property: Illuminate\View\Factory::$yieldContent (View: /mnt/Felo/Courses/learing/PHP/Laravel/Gorge/resources/views/layouts/app.blade.php) (View: /mnt/Felo/Courses/learing/PHP/Laravel/Gorge/resources/views/layouts/app.blade.php) {"userId":2,"exception":"[object] (Illuminate\\View\\ViewException(code: 0): Undefined property: Illuminate\\View\\Factory::$yieldContent (View: /mnt/Felo/Courses/learing/PHP/Laravel/Gorge/resources/views/layouts/app.blade.php) (View: /mnt/Felo/Courses/learing/PHP/Laravel/Gorge/resources/views/layouts/app.blade.php) at /tmp/0613a22c96d54cd49b57fe925e1eb9cc.php:37)
[stacktrace]
#0 /mnt/Felo/Courses/learing/PHP/Laravel/Gorge/vendor/laravel/framework/src/Illuminate/View/Engines/PhpEngine.php(59): Illuminate\\View\\Engines\\CompilerEngine->handleViewException()
#1 /mnt/Felo/Courses/learing/PHP/Laravel/Gorge/vendor/laravel/framework/src/Illuminate/View/Engines/CompilerEngine.php(76): Illuminate\\View\\Engines\\PhpEngine->evaluatePath()
#2 /mnt/Felo/Courses/learing/PHP/Laravel/Gorge/vendor/laravel/framework/src/Illuminate/View/View.php(208): Illuminate\\View\\Engines\\CompilerEngine->get()
#3 /mnt/Felo/Courses/learing/PHP/Laravel/Gorge/vendor/laravel/framework/src/Illuminate/View/View.php(191): Illuminate\\View\\View->getContents()
#4 /mnt/Felo/Courses/learing/PHP/Laravel/Gorge/vendor/laravel/framework/src/Illuminate/View/View.php(160): Illuminate\\View\\View->renderContents()
#5 /mnt/Felo/Courses/learing/PHP/Laravel/Gorge/vendor/laravel/framework/src/Illuminate/Http/Response.php(82): Illuminate\\View\\View->render()
#6 /mnt/Felo/Courses/learing/PHP/Laravel/Gorge/vendor/laravel/framework/src/Illuminate/Http/Response.php(40): Illuminate\\Http\\Response->setContent()
#7 /mnt/Felo/Courses/learing/PHP/Laravel/Gorge/vendor/laravel/framework/src/Illuminate/Routing/Router.php(939): Illuminate\\Http\\Response->__construct()
#8 /mnt/Felo/Courses/learing/PHP/Laravel/Gorge/vendor/laravel/framework/src/Illuminate/Routing/Router.php(906): Illuminate\\Routing\\Router::toResponse()
#9 /mnt/Felo/Courses/learing/PHP/Laravel/Gorge/vendor/laravel/framework/src/Illuminate/Routing/Router.php(821): Illuminate\\Routing\\Router->prepareResponse()
#10 /mnt/Felo/Courses/learing/PHP/Laravel/Gorge/vendor/laravel/framework/src/Illuminate/Pipeline/Pipeline.php(180): Illuminate\\Routing\\Router->{closure:Illuminate\\Routing\\Router::runRouteWithinStack():821}()
#11 /mnt/Felo/Courses/learing/PHP/Laravel/Gorge/app/Http/Middleware/SecurityHeadersMiddleware.php(17): Illuminate\\Pipeline\\Pipeline->{closure:Illuminate\\Pipeline\\Pipeline::prepareDestination():178}()
#12 /mnt/Felo/Courses/learing/PHP/Laravel/Gorge/vendor/laravel/framework/src/Illuminate/Pipeline/Pipeline.php(219): App\\Http\\Middleware\\SecurityHeadersMiddleware->handle()
#13 /mnt/Felo/Courses/learing/PHP/Laravel/Gorge/vendor/laravel/framework/src/Illuminate/Routing/Middleware/SubstituteBindings.php(52): Illuminate\\Pipeline\\Pipeline->{closure:{closure:Illuminate\\Pipeline\\Pipeline::carry():194}:195}()
#14 /mnt/Felo/Courses/learing/PHP/Laravel/Gorge/vendor/laravel/framework/src/Illuminate/Pipeline/Pipeline.php(219): Illuminate\\Routing\\Middleware\\SubstituteBindings->handle()
#15 /mnt/Felo/Courses/learing/PHP/Laravel/Gorge/vendor/laravel/framework/src/Illuminate/Auth/Middleware/Authenticate.php(63): Illuminate\\Pipeline\\Pipeline->{closure:{closure:Illuminate\\Pipeline\\Pipeline::carry():194}:195}()
#16 /mnt/Felo/Courses/learing/PHP/Laravel/Gorge/vendor/laravel/framework/src/Illuminate/Pipeline/Pipeline.php(219): Illuminate\\Auth\\Middleware\\Authenticate->handle()
#17 /mnt/Felo/Courses/learing/PHP/Laravel/Gorge/vendor/laravel/framework/src/Illuminate/Foundation/Http/Middleware/PreventRequestForgery.php(104): Illuminate\\Pipeline\\Pipeline->{closure:{closure:Illuminate\\Pipeline\\Pipeline::carry():194}:195}()
#18 /mnt/Felo/Courses/learing/PHP/Laravel/Gorge/vendor/laravel/framework/src/Illuminate/Pipeline/Pipeline.php(219): Illuminate\\Foundation\\Http\\Middleware\\PreventRequestForgery->handle()
#19 /mnt/Felo/Courses/learing/PHP/Laravel/Gorge/vendor/laravel/framework/src/Illuminate/View/Middleware/ShareErrorsFromSession.php(48): Illuminate\\Pipeline\\Pipeline->{closure:{closure:Illuminate\\Pipeline\\Pipeline::carry():194}:195}()
#20 /mnt/Felo/Courses/learing/PHP/Laravel/Gorge/vendor/laravel/framework/src/Illuminate/Pipeline/Pipeline.php(219): Illuminate\\View\\Middleware\\ShareErrorsFromSession->handle()
#21 /mnt/Felo/Courses/learing/PHP/Laravel/Gorge/vendor/laravel/framework/src/Illuminate/Session/Middleware/StartSession.php(120): Illuminate\\Pipeline\\Pipeline->{closure:{closure:Illuminate\\Pipeline\\Pipeline::carry():194}:195}()
#22 /mnt/Felo/Courses/learing/PHP/Laravel/Gorge/vendor/laravel/framework/src/Illuminate/Session/Middleware/StartSession.php(63): Illuminate\\Session\\Middleware\\StartSession->handleStatefulRequest()
#23 /mnt/Felo/Courses/learing/PHP/Laravel/Gorge/vendor/laravel/framework/src/Illuminate/Pipeline/Pipeline.php(219): Illuminate\\Session\\Middleware\\StartSession->handle()
#24 /mnt/Felo/Courses/learing/PHP/Laravel/Gorge/vendor/laravel/framework/src/Illuminate/Cookie/Middleware/AddQueuedCookiesToResponse.php(36): Illuminate\\Pipeline\\Pipeline->{closure:{closure:Illuminate\\Pipeline\\Pipeline::carry():194}:195}()
#25 /mnt/Felo/Courses/learing/PHP/Laravel/Gorge/vendor/laravel/framework/src/Illuminate/Pipeline/Pipeline.php(219): Illuminate\\Cookie\\Middleware\\AddQueuedCookiesToResponse->handle()
#26 /mnt/Felo/Courses/learing/PHP/Laravel/Gorge/vendor/laravel/framework/src/Illuminate/Cookie/Middleware/EncryptCookies.php(74): Illuminate\\Pipeline\\Pipeline->{closure:{closure:Illuminate\\Pipeline\\Pipeline::carry():194}:195}()
#27 /mnt/Felo/Courses/learing/PHP/Laravel/Gorge/vendor/laravel/framework/src/Illuminate/Pipeline/Pipeline.php(219): Illuminate\\Cookie\\Middleware\\EncryptCookies->handle()
#28 /mnt/Felo/Courses/learing/PHP/Laravel/Gorge/vendor/laravel/framework/src/Illuminate/Pipeline/Pipeline.php(137): Illuminate\\Pipeline\\Pipeline->{closure:{closure:Illuminate\\Pipeline\\Pipeline::carry():194}:195}()
#29 /mnt/Felo/Courses/learing/PHP/Laravel/Gorge/vendor/laravel/framework/src/Illuminate/Routing/Router.php(821): Illuminate\\Pipeline\\Pipeline->then()
#30 /mnt/Felo/Courses/learing/PHP/Laravel/Gorge/vendor/laravel/framework/src/Illuminate/Routing/Router.php(800): Illuminate\\Routing\\Router->runRouteWithinStack()
#31 /mnt/Felo/Courses/learing/PHP/Laravel/Gorge/vendor/laravel/framework/src/Illuminate/Routing/Router.php(764): Illuminate\\Routing\\Router->runRoute()
#32 /mnt/Felo/Courses/learing/PHP/Laravel/Gorge/vendor/laravel/framework/src/Illuminate/Routing/Router.php(753): Illuminate\\Routing\\Router->dispatchToRoute()
#33 /mnt/Felo/Courses/learing/PHP/Laravel/Gorge/vendor/laravel/framework/src/Illuminate/Foundation/Http/Kernel.php(200): Illuminate\\Routing\\Router->dispatch()
#34 /mnt/Felo/Courses/learing/PHP/Laravel/Gorge/vendor/laravel/framework/src/Illuminate/Pipeline/Pipeline.php(180): Illuminate\\Foundation\\Http\\Kernel->{closure:Illuminate\\Foundation\\Http\\Kernel::dispatchToRouter():197}()
#35 /mnt/Felo/Courses/learing/PHP/Laravel/Gorge/vendor/laravel/framework/src/Illuminate/Foundation/Http/Middleware/TransformsRequest.php(21): Illuminate\\Pipeline\\Pipeline->{closure:Illuminate\\Pipeline\\Pipeline::prepareDestination():178}()
#36 /mnt/Felo/Courses/learing/PHP/Laravel/Gorge/vendor/laravel/framework/src/Illuminate/Foundation/Http/Middleware/ConvertEmptyStringsToNull.php(31): Illuminate\\Foundation\\Http\\Middleware\\TransformsRequest->handle()
#37 /mnt/Felo/Courses/learing/PHP/Laravel/Gorge/vendor/laravel/framework/src/Illuminate/Pipeline/Pipeline.php(219): Illuminate\\Foundation\\Http\\Middleware\\ConvertEmptyStringsToNull->handle()
#38 /mnt/Felo/Courses/learing/PHP/Laravel/Gorge/vendor/laravel/framework/src/Illuminate/Foundation/Http/Middleware/TransformsRequest.php(21): Illuminate\\Pipeline\\Pipeline->{closure:{closure:Illuminate\\Pipeline\\Pipeline::carry():194}:195}()
#39 /mnt/Felo/Courses/learing/PHP/Laravel/Gorge/vendor/laravel/framework/src/Illuminate/Foundation/Http/Middleware/TrimStrings.php(51): Illuminate\\Foundation\\Http\\Middleware\\TransformsRequest->handle()
#40 /mnt/Felo/Courses/learing/PHP/Laravel/Gorge/vendor/laravel/framework/src/Illuminate/Pipeline/Pipeline.php(219): Illuminate\\Foundation\\Http\\Middleware\\TrimStrings->handle()
#41 /mnt/Felo/Courses/learing/PHP/Laravel/Gorge/vendor/laravel/framework/src/Illuminate/Http/Middleware/ValidatePostSize.php(27): Illuminate\\Pipeline\\Pipeline->{closure:{closure:Illuminate\\Pipeline\\Pipeline::carry():194}:195}()
#42 /mnt/Felo/Courses/learing/PHP/Laravel/Gorge/vendor/laravel/framework/src/Illuminate/Pipeline/Pipeline.php(219): Illuminate\\Http\\Middleware\\ValidatePostSize->handle()
#43 /mnt/Felo/Courses/learing/PHP/Laravel/Gorge/vendor/laravel/framework/src/Illuminate/Foundation/Http/Middleware/PreventRequestsDuringMaintenance.php(109): Illuminate\\Pipeline\\Pipeline->{closure:{closure:Illuminate\\Pipeline\\Pipeline::carry():194}:195}()
#44 /mnt/Felo/Courses/learing/PHP/Laravel/Gorge/vendor/laravel/framework/src/Illuminate/Pipeline/Pipeline.php(219): Illuminate\\Foundation\\Http\\Middleware\\PreventRequestsDuringMaintenance->handle()
#45 /mnt/Felo/Courses/learing/PHP/Laravel/Gorge/vendor/laravel/framework/src/Illuminate/Http/Middleware/HandleCors.php(61): Illuminate\\Pipeline\\Pipeline->{closure:{closure:Illuminate\\Pipeline\\Pipeline::carry():194}:195}()
#46 /mnt/Felo/Courses/learing/PHP/Laravel/Gorge/vendor/laravel/framework/src/Illuminate/Pipeline/Pipeline.php(219): Illuminate\\Http\\Middleware\\HandleCors->handle()
#47 /mnt/Felo/Courses/learing/PHP/Laravel/Gorge/vendor/laravel/framework/src/Illuminate/Http/Middleware/TrustProxies.php(58): Illuminate\\Pipeline\\Pipeline->{closure:{closure:Illuminate\\Pipeline\\Pipeline::carry():194}:195}()
#48 /mnt/Felo/Courses/learing/PHP/Laravel/Gorge/vendor/laravel/framework/src/Illuminate/Pipeline/Pipeline.php(219): Illuminate\\Http\\Middleware\\TrustProxies->handle()
#49 /mnt/Felo/Courses/learing/PHP/Laravel/Gorge/vendor/laravel/framework/src/Illuminate/Foundation/Http/Middleware/InvokeDeferredCallbacks.php(22): Illuminate\\Pipeline\\Pipeline->{closure:{closure:Illuminate\\Pipeline\\Pipeline::carry():194}:195}()
#50 /mnt/Felo/Courses/learing/PHP/Laravel/Gorge/vendor/laravel/framework/src/Illuminate/Pipeline/Pipeline.php(219): Illuminate\\Foundation\\Http\\Middleware\\InvokeDeferredCallbacks->handle()
#51 /mnt/Felo/Courses/learing/PHP/Laravel/Gorge/vendor/laravel/framework/src/Illuminate/Http/Middleware/ValidatePathEncoding.php(28): Illuminate\\Pipeline\\Pipeline->{closure:{closure:Illuminate\\Pipeline\\Pipeline::carry():194}:195}()
#52 /mnt/Felo/Courses/learing/PHP/Laravel/Gorge/vendor/laravel/framework/src/Illuminate/Pipeline/Pipeline.php(219): Illuminate\\Http\\Middleware\\ValidatePathEncoding->handle()
#53 /mnt/Felo/Courses/learing/PHP/Laravel/Gorge/vendor/laravel/framework/src/Illuminate/Pipeline/Pipeline.php(137): Illuminate\\Pipeline\\Pipeline->{closure:{closure:Illuminate\\Pipeline\\Pipeline::carry():194}:195}()
#54 /mnt/Felo/Courses/learing/PHP/Laravel/Gorge/vendor/laravel/framework/src/Illuminate/Foundation/Http/Kernel.php(175): Illuminate\\Pipeline\\Pipeline->then()
#55 /mnt/Felo/Courses/learing/PHP/Laravel/Gorge/vendor/laravel/framework/src/Illuminate/Foundation/Http/Kernel.php(144): Illuminate\\Foundation\\Http\\Kernel->sendRequestThroughRouter()
#56 /mnt/Felo/Courses/learing/PHP/Laravel/Gorge/vendor/laravel/framework/src/Illuminate/Foundation/Application.php(1220): Illuminate\\Foundation\\Http\\Kernel->handle()
#57 /mnt/Felo/Courses/learing/PHP/Laravel/Gorge/public/index.php(20): Illuminate\\Foundation\\Application->handleRequest()
#58 /mnt/Felo/Courses/learing/PHP/Laravel/Gorge/vendor/laravel/framework/src/Illuminate/Foundation/resources/server.php(23): require_once('...')
#59 {main}

[previous exception] [object] (Illuminate\\View\\ViewException(code: 0): Undefined property: Illuminate\\View\\Factory::$yieldContent (View: /mnt/Felo/Courses/learing/PHP/Laravel/Gorge/resources/views/layouts/app.blade.php) at /tmp/0613a22c96d54cd49b57fe925e1eb9cc.php:37)
[stacktrace]
#0 /mnt/Felo/Courses/learing/PHP/Laravel/Gorge/vendor/laravel/framework/src/Illuminate/View/Engines/PhpEngine.php(59): Illuminate\\View\\Engines\\CompilerEngine->handleViewException()
#1 /mnt/Felo/Courses/learing/PHP/Laravel/Gorge/vendor/laravel/framework/src/Illuminate/View/Engines/CompilerEngine.php(76): Illuminate\\View\\Engines\\PhpEngine->evaluatePath()
#2 /mnt/Felo/Courses/learing/PHP/Laravel/Gorge/vendor/laravel/framework/src/Illuminate/View/View.php(208): Illuminate\\View\\Engines\\CompilerEngine->get()
#3 /mnt/Felo/Courses/learing/PHP/Laravel/Gorge/vendor/laravel/framework/src/Illuminate/View/View.php(191): Illuminate\\View\\View->getContents()
#4 /mnt/Felo/Courses/learing/PHP/Laravel/Gorge/vendor/laravel/framework/src/Illuminate/View/View.php(160): Illuminate\\View\\View->renderContents()
#5 /tmp/a91dffeb834ca4e7c8ce660987d9824a.php(60): Illuminate\\View\\View->render()
#6 /mnt/Felo/Courses/learing/PHP/Laravel/Gorge/vendor/laravel/framework/src/Illuminate/Filesystem/Filesystem.php(123): require('...')
#7 /mnt/Felo/Courses/learing/PHP/Laravel/Gorge/vendor/laravel/framework/src/Illuminate/Filesystem/Filesystem.php(124): Illuminate\\Filesystem\\Filesystem::{closure:Illuminate\\Filesystem\\Filesystem::getRequire():120}()
#8 /mnt/Felo/Courses/learing/PHP/Laravel/Gorge/vendor/laravel/framework/src/Illuminate/View/Engines/PhpEngine.php(57): Illuminate\\Filesystem\\Filesystem->getRequire()
#9 /mnt/Felo/Courses/learing/PHP/Laravel/Gorge/vendor/laravel/framework/src/Illuminate/View/Engines/CompilerEngine.php(76): Illuminate\\View\\Engines\\PhpEngine->evaluatePath()
#10 /mnt/Felo/Courses/learing/PHP/Laravel/Gorge/vendor/laravel/framework/src/Illuminate/View/View.php(208): Illuminate\\View\\Engines\\CompilerEngine->get()
#11 /mnt/Felo/Courses/learing/PHP/Laravel/Gorge/vendor/laravel/framework/src/Illuminate/View/View.php(191): Illuminate\\View\\View->getContents()
#12 /mnt/Felo/Courses/learing/PHP/Laravel/Gorge/vendor/laravel/framework/src/Illuminate/View/View.php(160): Illuminate\\View\\View->renderContents()
#13 /mnt/Felo/Courses/learing/PHP/Laravel/Gorge/vendor/laravel/framework/src/Illuminate/Http/Response.php(82): Illuminate\\View\\View->render()
#14 /mnt/Felo/Courses/learing/PHP/Laravel/Gorge/vendor/laravel/framework/src/Illuminate/Http/Response.php(40): Illuminate\\Http\\Response->setContent()
#15 /mnt/Felo/Courses/learing/PHP/Laravel/Gorge/vendor/laravel/framework/src/Illuminate/Routing/Router.php(939): Illuminate\\Http\\Response->__construct()
#16 /mnt/Felo/Courses/learing/PHP/Laravel/Gorge/vendor/laravel/framework/src/Illuminate/Routing/Router.php(906): Illuminate\\Routing\\Router::toResponse()
#17 /mnt/Felo/Courses/learing/PHP/Laravel/Gorge/vendor/laravel/framework/src/Illuminate/Routing/Router.php(821): Illuminate\\Routing\\Router->prepareResponse()
#18 /mnt/Felo/Courses/learing/PHP/Laravel/Gorge/vendor/laravel/framework/src/Illuminate/Pipeline/Pipeline.php(180): Illuminate\\Routing\\Router->{closure:Illuminate\\Routing\\Router::runRouteWithinStack():821}()
#19 /mnt/Felo/Courses/learing/PHP/Laravel/Gorge/app/Http/Middleware/SecurityHeadersMiddleware.php(17): Illuminate\\Pipeline\\Pipeline->{closure:Illuminate\\Pipeline\\Pipeline::prepareDestination():178}()
#20 /mnt/Felo/Courses/learing/PHP/Laravel/Gorge/vendor/laravel/framework/src/Illuminate/Pipeline/Pipeline.php(219): App\\Http\\Middleware\\SecurityHeadersMiddleware->handle()
#21 /mnt/Felo/Courses/learing/PHP/Laravel/Gorge/vendor/laravel/framework/src/Illuminate/Routing/Middleware/SubstituteBindings.php(52): Illuminate\\Pipeline\\Pipeline->{closure:{closure:Illuminate\\Pipeline\\Pipeline::carry():194}:195}()
#22 /mnt/Felo/Courses/learing/PHP/Laravel/Gorge/vendor/laravel/framework/src/Illuminate/Pipeline/Pipeline.php(219): Illuminate\\Routing\\Middleware\\SubstituteBindings->handle()
#23 /mnt/Felo/Courses/learing/PHP/Laravel/Gorge/vendor/laravel/framework/src/Illuminate/Auth/Middleware/Authenticate.php(63): Illuminate\\Pipeline\\Pipeline->{closure:{closure:Illuminate\\Pipeline\\Pipeline::carry():194}:195}()
#24 /mnt/Felo/Courses/learing/PHP/Laravel/Gorge/vendor/laravel/framework/src/Illuminate/Pipeline/Pipeline.php(219): Illuminate\\Auth\\Middleware\\Authenticate->handle()
#25 /mnt/Felo/Courses/learing/PHP/Laravel/Gorge/vendor/laravel/framework/src/Illuminate/Foundation/Http/Middleware/PreventRequestForgery.php(104): Illuminate\\Pipeline\\Pipeline->{closure:{closure:Illuminate\\Pipeline\\Pipeline::carry():194}:195}()
#26 /mnt/Felo/Courses/learing/PHP/Laravel/Gorge/vendor/laravel/framework/src/Illuminate/Pipeline/Pipeline.php(219): Illuminate\\Foundation\\Http\\Middleware\\PreventRequestForgery->handle()
#27 /mnt/Felo/Courses/learing/PHP/Laravel/Gorge/vendor/laravel/framework/src/Illuminate/View/Middleware/ShareErrorsFromSession.php(48): Illuminate\\Pipeline\\Pipeline->{closure:{closure:Illuminate\\Pipeline\\Pipeline::carry():194}:195}()
#28 /mnt/Felo/Courses/learing/PHP/Laravel/Gorge/vendor/laravel/framework/src/Illuminate/Pipeline/Pipeline.php(219): Illuminate\\View\\Middleware\\ShareErrorsFromSession->handle()
#29 /mnt/Felo/Courses/learing/PHP/Laravel/Gorge/vendor/laravel/framework/src/Illuminate/Session/Middleware/StartSession.php(120): Illuminate\\Pipeline\\Pipeline->{closure:{closure:Illuminate\\Pipeline\\Pipeline::carry():194}:195}()
#30 /mnt/Felo/Courses/learing/PHP/Laravel/Gorge/vendor/laravel/framework/src/Illuminate/Session/Middleware/StartSession.php(63): Illuminate\\Session\\Middleware\\StartSession->handleStatefulRequest()
#31 /mnt/Felo/Courses/learing/PHP/Laravel/Gorge/vendor/laravel/framework/src/Illuminate/Pipeline/Pipeline.php(219): Illuminate\\Session\\Middleware\\StartSession->handle()
#32 /mnt/Felo/Courses/learing/PHP/Laravel/Gorge/vendor/laravel/framework/src/Illuminate/Cookie/Middleware/AddQueuedCookiesToResponse.php(36): Illuminate\\Pipeline\\Pipeline->{closure:{closure:Illuminate\\Pipeline\\Pipeline::carry():194}:195}()
#33 /mnt/Felo/Courses/learing/PHP/Laravel/Gorge/vendor/laravel/framework/src/Illuminate/Pipeline/Pipeline.php(219): Illuminate\\Cookie\\Middleware\\AddQueuedCookiesToResponse->handle()
#34 /mnt/Felo/Courses/learing/PHP/Laravel/Gorge/vendor/laravel/framework/src/Illuminate/Cookie/Middleware/EncryptCookies.php(74): Illuminate\\Pipeline\\Pipeline->{closure:{closure:Illuminate\\Pipeline\\Pipeline::carry():194}:195}()
#35 /mnt/Felo/Courses/learing/PHP/Laravel/Gorge/vendor/laravel/framework/src/Illuminate/Pipeline/Pipeline.php(219): Illuminate\\Cookie\\Middleware\\EncryptCookies->handle()
#36 /mnt/Felo/Courses/learing/PHP/Laravel/Gorge/vendor/laravel/framework/src/Illuminate/Pipeline/Pipeline.php(137): Illuminate\\Pipeline\\Pipeline->{closure:{closure:Illuminate\\Pipeline\\Pipeline::carry():194}:195}()
#37 /mnt/Felo/Courses/learing/PHP/Laravel/Gorge/vendor/laravel/framework/src/Illuminate/Routing/Router.php(821): Illuminate\\Pipeline\\Pipeline->then()
#38 /mnt/Felo/Courses/learing/PHP/Laravel/Gorge/vendor/laravel/framework/src/Illuminate/Routing/Router.php(800): Illuminate\\Routing\\Router->runRouteWithinStack()
#39 /mnt/Felo/Courses/learing/PHP/Laravel/Gorge/vendor/laravel/framework/src/Illuminate/Routing/Router.php(764): Illuminate\\Routing\\Router->runRoute()
#40 /mnt/Felo/Courses/learing/PHP/Laravel/Gorge/vendor/laravel/framework/src/Illuminate/Routing/Router.php(753): Illuminate\\Routing\\Router->dispatchToRoute()
#41 /mnt/Felo/Courses/learing/PHP/Laravel/Gorge/vendor/laravel/framework/src/Illuminate/Foundation/Http/Kernel.php(200): Illuminate\\Routing\\Router->dispatch()
#42 /mnt/Felo/Courses/learing/PHP/Laravel/Gorge/vendor/laravel/framework/src/Illuminate/Pipeline/Pipeline.php(180): Illuminate\\Foundation\\Http\\Kernel->{closure:Illuminate\\Foundation\\Http\\Kernel::dispatchToRouter():197}()
#43 /mnt/Felo/Courses/learing/PHP/Laravel/Gorge/vendor/laravel/framework/src/Illuminate/Foundation/Http/Middleware/TransformsRequest.php(21): Illuminate\\Pipeline\\Pipeline->{closure:Illuminate\\Pipeline\\Pipeline::prepareDestination():178}()
#44 /mnt/Felo/Courses/learing/PHP/Laravel/Gorge/vendor/laravel/framework/src/Illuminate/Foundation/Http/Middleware/ConvertEmptyStringsToNull.php(31): Illuminate\\Foundation\\Http\\Middleware\\TransformsRequest->handle()
#45 /mnt/Felo/Courses/learing/PHP/Laravel/Gorge/vendor/laravel/framework/src/Illuminate/Pipeline/Pipeline.php(219): Illuminate\\Foundation\\Http\\Middleware\\ConvertEmptyStringsToNull->handle()
#46 /mnt/Felo/Courses/learing/PHP/Laravel/Gorge/vendor/laravel/framework/src/Illuminate/Foundation/Http/Middleware/TransformsRequest.php(21): Illuminate\\Pipeline\\Pipeline->{closure:{closure:Illuminate\\Pipeline\\Pipeline::carry():194}:195}()
#47 /mnt/Felo/Courses/learing/PHP/Laravel/Gorge/vendor/laravel/framework/src/Illuminate/Foundation/Http/Middleware/TrimStrings.php(51): Illuminate\\Foundation\\Http\\Middleware\\TransformsRequest->handle()
#48 /mnt/Felo/Courses/learing/PHP/Laravel/Gorge/vendor/laravel/framework/src/Illuminate/Pipeline/Pipeline.php(219): Illuminate\\Foundation\\Http\\Middleware\\TrimStrings->handle()
#49 /mnt/Felo/Courses/learing/PHP/Laravel/Gorge/vendor/laravel/framework/src/Illuminate/Http/Middleware/ValidatePostSize.php(27): Illuminate\\Pipeline\\Pipeline->{closure:{closure:Illuminate\\Pipeline\\Pipeline::carry():194}:195}()
#50 /mnt/Felo/Courses/learing/PHP/Laravel/Gorge/vendor/laravel/framework/src/Illuminate/Pipeline/Pipeline.php(219): Illuminate\\Http\\Middleware\\ValidatePostSize->handle()
#51 /mnt/Felo/Courses/learing/PHP/Laravel/Gorge/vendor/laravel/framework/src/Illuminate/Foundation/Http/Middleware/PreventRequestsDuringMaintenance.php(109): Illuminate\\Pipeline\\Pipeline->{closure:{closure:Illuminate\\Pipeline\\Pipeline::carry():194}:195}()
#52 /mnt/Felo/Courses/learing/PHP/Laravel/Gorge/vendor/laravel/framework/src/Illuminate/Pipeline/Pipeline.php(219): Illuminate\\Foundation\\Http\\Middleware\\PreventRequestsDuringMaintenance->handle()
#53 /mnt/Felo/Courses/learing/PHP/Laravel/Gorge/vendor/laravel/framework/src/Illuminate/Http/Middleware/HandleCors.php(61): Illuminate\\Pipeline\\Pipeline->{closure:{closure:Illuminate\\Pipeline\\Pipeline::carry():194}:195}()
#54 /mnt/Felo/Courses/learing/PHP/Laravel/Gorge/vendor/laravel/framework/src/Illuminate/Pipeline/Pipeline.php(219): Illuminate\\Http\\Middleware\\HandleCors->handle()
#55 /mnt/Felo/Courses/learing/PHP/Laravel/Gorge/vendor/laravel/framework/src/Illuminate/Http/Middleware/TrustProxies.php(58): Illuminate\\Pipeline\\Pipeline->{closure:{closure:Illuminate\\Pipeline\\Pipeline::carry():194}:195}()
#56 /mnt/Felo/Courses/learing/PHP/Laravel/Gorge/vendor/laravel/framework/src/Illuminate/Pipeline/Pipeline.php(219): Illuminate\\Http\\Middleware\\TrustProxies->handle()
#57 /mnt/Felo/Courses/learing/PHP/Laravel/Gorge/vendor/laravel/framework/src/Illuminate/Foundation/Http/Middleware/InvokeDeferredCallbacks.php(22): Illuminate\\Pipeline\\Pipeline->{closure:{closure:Illuminate\\Pipeline\\Pipeline::carry():194}:195}()
#58 /mnt/Felo/Courses/learing/PHP/Laravel/Gorge/vendor/laravel/framework/src/Illuminate/Pipeline/Pipeline.php(219): Illuminate\\Foundation\\Http\\Middleware\\InvokeDeferredCallbacks->handle()
#59 /mnt/Felo/Courses/learing/PHP/Laravel/Gorge/vendor/laravel/framework/src/Illuminate/Http/Middleware/ValidatePathEncoding.php(28): Illuminate\\Pipeline\\Pipeline->{closure:{closure:Illuminate\\Pipeline\\Pipeline::carry():194}:195}()
#60 /mnt/Felo/Courses/learing/PHP/Laravel/Gorge/vendor/laravel/framework/src/Illuminate/Pipeline/Pipeline.php(219): Illuminate\\Http\\Middleware\\ValidatePathEncoding->handle()
#61 /mnt/Felo/Courses/learing/PHP/Laravel/Gorge/vendor/laravel/framework/src/Illuminate/Pipeline/Pipeline.php(137): Illuminate\\Pipeline\\Pipeline->{closure:{closure:Illuminate\\Pipeline\\Pipeline::carry():194}:195}()
#62 /mnt/Felo/Courses/learing/PHP/Laravel/Gorge/vendor/laravel/framework/src/Illuminate/Foundation/Http/Kernel.php(175): Illuminate\\Pipeline\\Pipeline->then()
#63 /mnt/Felo/Courses/learing/PHP/Laravel/Gorge/vendor/laravel/framework/src/Illuminate/Foundation/Http/Kernel.php(144): Illuminate\\Foundation\\Http\\Kernel->sendRequestThroughRouter()
#64 /mnt/Felo/Courses/learing/PHP/Laravel/Gorge/vendor/laravel/framework/src/Illuminate/Foundation/Application.php(1220): Illuminate\\Foundation\\Http\\Kernel->handle()
#65 /mnt/Felo/Courses/learing/PHP/Laravel/Gorge/public/index.php(20): Illuminate\\Foundation\\Application->handleRequest()
#66 /mnt/Felo/Courses/learing/PHP/Laravel/Gorge/vendor/laravel/framework/src/Illuminate/Foundation/resources/server.php(23): require_once('...')
#67 {main}

[previous exception] [object] (ErrorException(code: 0): Undefined property: Illuminate\\View\\Factory::$yieldContent at /tmp/0613a22c96d54cd49b57fe925e1eb9cc.php:37)
[stacktrace]
#0 /mnt/Felo/Courses/learing/PHP/Laravel/Gorge/vendor/laravel/framework/src/Illuminate/Foundation/Bootstrap/HandleExceptions.php(263): Illuminate\\Foundation\\Bootstrap\\HandleExceptions->handleError()
#1 /tmp/0613a22c96d54cd49b57fe925e1eb9cc.php(37): Illuminate\\Foundation\\Bootstrap\\HandleExceptions->{closure:Illuminate\\Foundation\\Bootstrap\\HandleExceptions::forwardsTo():262}()
#2 /mnt/Felo/Courses/learing/PHP/Laravel/Gorge/vendor/laravel/framework/src/Illuminate/Filesystem/Filesystem.php(123): require('...')
#3 /mnt/Felo/Courses/learing/PHP/Laravel/Gorge/vendor/laravel/framework/src/Illuminate/Filesystem/Filesystem.php(124): Illuminate\\Filesystem\\Filesystem::{closure:Illuminate\\Filesystem\\Filesystem::getRequire():120}()
#4 /mnt/Felo/Courses/learing/PHP/Laravel/Gorge/vendor/laravel/framework/src/Illuminate/View/Engines/PhpEngine.php(57): Illuminate\\Filesystem\\Filesystem->getRequire()
#5 /mnt/Felo/Courses/learing/PHP/Laravel/Gorge/vendor/laravel/framework/src/Illuminate/View/Engines/CompilerEngine.php(76): Illuminate\\View\\Engines\\PhpEngine->evaluatePath()
#6 /mnt/Felo/Courses/learing/PHP/Laravel/Gorge/vendor/laravel/framework/src/Illuminate/View/View.php(208): Illuminate\\View\\Engines\\CompilerEngine->get()
#7 /mnt/Felo/Courses/learing/PHP/Laravel/Gorge/vendor/laravel/framework/src/Illuminate/View/View.php(191): Illuminate\\View\\View->getContents()
#8 /mnt/Felo/Courses/learing/PHP/Laravel/Gorge/vendor/laravel/framework/src/Illuminate/View/View.php(160): Illuminate\\View\\View->renderContents()
#9 /tmp/a91dffeb834ca4e7c8ce660987d9824a.php(60): Illuminate\\View\\View->render()
#10 /mnt/Felo/Courses/learing/PHP/Laravel/Gorge/vendor/laravel/framework/src/Illuminate/Filesystem/Filesystem.php(123): require('...')
#11 /mnt/Felo/Courses/learing/PHP/Laravel/Gorge/vendor/laravel/framework/src/Illuminate/Filesystem/Filesystem.php(124): Illuminate\\Filesystem\\Filesystem::{closure:Illuminate\\Filesystem\\Filesystem::getRequire():120}()
#12 /mnt/Felo/Courses/learing/PHP/Laravel/Gorge/vendor/laravel/framework/src/Illuminate/View/Engines/PhpEngine.php(57): Illuminate\\Filesystem\\Filesystem->getRequire()
#13 /mnt/Felo/Courses/learing/PHP/Laravel/Gorge/vendor/laravel/framework/src/Illuminate/View/Engines/CompilerEngine.php(76): Illuminate\\View\\Engines\\PhpEngine->evaluatePath()
#14 /mnt/Felo/Courses/learing/PHP/Laravel/Gorge/vendor/laravel/framework/src/Illuminate/View/View.php(208): Illuminate\\View\\Engines\\CompilerEngine->get()
#15 /mnt/Felo/Courses/learing/PHP/Laravel/Gorge/vendor/laravel/framework/src/Illuminate/View/View.php(191): Illuminate\\View\\View->getContents()
#16 /mnt/Felo/Courses/learing/PHP/Laravel/Gorge/vendor/laravel/framework/src/Illuminate/View/View.php(160): Illuminate\\View\\View->renderContents()
#17 /mnt/Felo/Courses/learing/PHP/Laravel/Gorge/vendor/laravel/framework/src/Illuminate/Http/Response.php(82): Illuminate\\View\\View->render()
#18 /mnt/Felo/Courses/learing/PHP/Laravel/Gorge/vendor/laravel/framework/src/Illuminate/Http/Response.php(40): Illuminate\\Http\\Response->setContent()
#19 /mnt/Felo/Courses/learing/PHP/Laravel/Gorge/vendor/laravel/framework/src/Illuminate/Routing/Router.php(939): Illuminate\\Http\\Response->__construct()
#20 /mnt/Felo/Courses/learing/PHP/Laravel/Gorge/vendor/laravel/framework/src/Illuminate/Routing/Router.php(906): Illuminate\\Routing\\Router::toResponse()
#21 /mnt/Felo/Courses/learing/PHP/Laravel/Gorge/vendor/laravel/framework/src/Illuminate/Routing/Router.php(821): Illuminate\\Routing\\Router->prepareResponse()
#22 /mnt/Felo/Courses/learing/PHP/Laravel/Gorge/vendor/laravel/framework/src/Illuminate/Pipeline/Pipeline.php(180): Illuminate\\Routing\\Router->{closure:Illuminate\\Routing\\Router::runRouteWithinStack():821}()
#23 /mnt/Felo/Courses/learing/PHP/Laravel/Gorge/app/Http/Middleware/SecurityHeadersMiddleware.php(17): Illuminate\\Pipeline\\Pipeline->{closure:Illuminate\\Pipeline\\Pipeline::prepareDestination():178}()
#24 /mnt/Felo/Courses/learing/PHP/Laravel/Gorge/vendor/laravel/framework/src/Illuminate/Pipeline/Pipeline.php(219): App\\Http\\Middleware\\SecurityHeadersMiddleware->handle()
#25 /mnt/Felo/Courses/learing/PHP/Laravel/Gorge/vendor/laravel/framework/src/Illuminate/Routing/Middleware/SubstituteBindings.php(52): Illuminate\\Pipeline\\Pipeline->{closure:{closure:Illuminate\\Pipeline\\Pipeline::carry():194}:195}()
#26 /mnt/Felo/Courses/learing/PHP/Laravel/Gorge/vendor/laravel/framework/src/Illuminate/Pipeline/Pipeline.php(219): Illuminate\\Routing\\Middleware\\SubstituteBindings->handle()
#27 /mnt/Felo/Courses/learing/PHP/Laravel/Gorge/vendor/laravel/framework/src/Illuminate/Auth/Middleware/Authenticate.php(63): Illuminate\\Pipeline\\Pipeline->{closure:{closure:Illuminate\\Pipeline\\Pipeline::carry():194}:195}()
#28 /mnt/Felo/Courses/learing/PHP/Laravel/Gorge/vendor/laravel/framework/src/Illuminate/Pipeline/Pipeline.php(219): Illuminate\\Auth\\Middleware\\Authenticate->handle()
#29 /mnt/Felo/Courses/learing/PHP/Laravel/Gorge/vendor/laravel/framework/src/Illuminate/Foundation/Http/Middleware/PreventRequestForgery.php(104): Illuminate\\Pipeline\\Pipeline->{closure:{closure:Illuminate\\Pipeline\\Pipeline::carry():194}:195}()
#30 /mnt/Felo/Courses/learing/PHP/Laravel/Gorge/vendor/laravel/framework/src/Illuminate/Pipeline/Pipeline.php(219): Illuminate\\Foundation\\Http\\Middleware\\PreventRequestForgery->handle()
#31 /mnt/Felo/Courses/learing/PHP/Laravel/Gorge/vendor/laravel/framework/src/Illuminate/View/Middleware/ShareErrorsFromSession.php(48): Illuminate\\Pipeline\\Pipeline->{closure:{closure:Illuminate\\Pipeline\\Pipeline::carry():194}:195}()
#32 /mnt/Felo/Courses/learing/PHP/Laravel/Gorge/vendor/laravel/framework/src/Illuminate/Pipeline/Pipeline.php(219): Illuminate\\View\\Middleware\\ShareErrorsFromSession->handle()
#33 /mnt/Felo/Courses/learing/PHP/Laravel/Gorge/vendor/laravel/framework/src/Illuminate/Session/Middleware/StartSession.php(120): Illuminate\\Pipeline\\Pipeline->{closure:{closure:Illuminate\\Pipeline\\Pipeline::carry():194}:195}()
#34 /mnt/Felo/Courses/learing/PHP/Laravel/Gorge/vendor/laravel/framework/src/Illuminate/Session/Middleware/StartSession.php(63): Illuminate\\Session\\Middleware\\StartSession->handleStatefulRequest()
#35 /mnt/Felo/Courses/learing/PHP/Laravel/Gorge/vendor/laravel/framework/src/Illuminate/Pipeline/Pipeline.php(219): Illuminate\\Session\\Middleware\\StartSession->handle()
#36 /mnt/Felo/Courses/learing/PHP/Laravel/Gorge/vendor/laravel/framework/src/Illuminate/Cookie/Middleware/AddQueuedCookiesToResponse.php(36): Illuminate\\Pipeline\\Pipeline->{closure:{closure:Illuminate\\Pipeline\\Pipeline::carry():194}:195}()
#37 /mnt/Felo/Courses/learing/PHP/Laravel/Gorge/vendor/laravel/framework/src/Illuminate/Pipeline/Pipeline.php(219): Illuminate\\Cookie\\Middleware\\AddQueuedCookiesToResponse->handle()
#38 /mnt/Felo/Courses/learing/PHP/Laravel/Gorge/vendor/laravel/framework/src/Illuminate/Cookie/Middleware/EncryptCookies.php(74): Illuminate\\Pipeline\\Pipeline->{closure:{closure:Illuminate\\Pipeline\\Pipeline::carry():194}:195}()
#39 /mnt/Felo/Courses/learing/PHP/Laravel/Gorge/vendor/laravel/framework/src/Illuminate/Pipeline/Pipeline.php(219): Illuminate\\Cookie\\Middleware\\EncryptCookies->handle()
#40 /mnt/Felo/Courses/learing/PHP/Laravel/Gorge/vendor/laravel/framework/src/Illuminate/Pipeline/Pipeline.php(137): Illuminate\\Pipeline\\Pipeline->{closure:{closure:Illuminate\\Pipeline\\Pipeline::carry():194}:195}()
#41 /mnt/Felo/Courses/learing/PHP/Laravel/Gorge/vendor/laravel/framework/src/Illuminate/Routing/Router.php(821): Illuminate\\Pipeline\\Pipeline->then()
#42 /mnt/Felo/Courses/learing/PHP/Laravel/Gorge/vendor/laravel/framework/src/Illuminate/Routing/Router.php(800): Illuminate\\Routing\\Router->runRouteWithinStack()
#43 /mnt/Felo/Courses/learing/PHP/Laravel/Gorge/vendor/laravel/framework/src/Illuminate/Routing/Router.php(764): Illuminate\\Routing\\Router->runRoute()
#44 /mnt/Felo/Courses/learing/PHP/Laravel/Gorge/vendor/laravel/framework/src/Illuminate/Routing/Router.php(753): Illuminate\\Routing\\Router->dispatchToRoute()
#45 /mnt/Felo/Courses/learing/PHP/Laravel/Gorge/vendor/laravel/framework/src/Illuminate/Foundation/Http/Kernel.php(200): Illuminate\\Routing\\Router->dispatch()
#46 /mnt/Felo/Courses/learing/PHP/Laravel/Gorge/vendor/laravel/framework/src/Illuminate/Pipeline/Pipeline.php(180): Illuminate\\Foundation\\Http\\Kernel->{closure:Illuminate\\Foundation\\Http\\Kernel::dispatchToRouter():197}()
#47 /mnt/Felo/Courses/learing/PHP/Laravel/Gorge/vendor/laravel/framework/src/Illuminate/Foundation/Http/Middleware/TransformsRequest.php(21): Illuminate\\Pipeline\\Pipeline->{closure:Illuminate\\Pipeline\\Pipeline::prepareDestination():178}()
#48 /mnt/Felo/Courses/learing/PHP/Laravel/Gorge/vendor/laravel/framework/src/Illuminate/Foundation/Http/Middleware/ConvertEmptyStringsToNull.php(31): Illuminate\\Foundation\\Http\\Middleware\\TransformsRequest->handle()
#49 /mnt/Felo/Courses/learing/PHP/Laravel/Gorge/vendor/laravel/framework/src/Illuminate/Pipeline/Pipeline.php(219): Illuminate\\Foundation\\Http\\Middleware\\ConvertEmptyStringsToNull->handle()
#50 /mnt/Felo/Courses/learing/PHP/Laravel/Gorge/vendor/laravel/framework/src/Illuminate/Foundation/Http/Middleware/TransformsRequest.php(21): Illuminate\\Pipeline\\Pipeline->{closure:{closure:Illuminate\\Pipeline\\Pipeline::carry():194}:195}()
#51 /mnt/Felo/Courses/learing/PHP/Laravel/Gorge/vendor/laravel/framework/src/Illuminate/Foundation/Http/Middleware/TrimStrings.php(51): Illuminate\\Foundation\\Http\\Middleware\\TransformsRequest->handle()
#52 /mnt/Felo/Courses/learing/PHP/Laravel/Gorge/vendor/laravel/framework/src/Illuminate/Pipeline/Pipeline.php(219): Illuminate\\Foundation\\Http\\Middleware\\TrimStrings->handle()
#53 /mnt/Felo/Courses/learing/PHP/Laravel/Gorge/vendor/laravel/framework/src/Illuminate/Http/Middleware/ValidatePostSize.php(27): Illuminate\\Pipeline\\Pipeline->{closure:{closure:Illuminate\\Pipeline\\Pipeline::carry():194}:195}()
#54 /mnt/Felo/Courses/learing/PHP/Laravel/Gorge/vendor/laravel/framework/src/Illuminate/Pipeline/Pipeline.php(219): Illuminate\\Http\\Middleware\\ValidatePostSize->handle()
#55 /mnt/Felo/Courses/learing/PHP/Laravel/Gorge/vendor/laravel/framework/src/Illuminate/Foundation/Http/Middleware/PreventRequestsDuringMaintenance.php(109): Illuminate\\Pipeline\\Pipeline->{closure:{closure:Illuminate\\Pipeline\\Pipeline::carry():194}:195}()
#56 /mnt/Felo/Courses/learing/PHP/Laravel/Gorge/vendor/laravel/framework/src/Illuminate/Pipeline/Pipeline.php(219): Illuminate\\Foundation\\Http\\Middleware\\PreventRequestsDuringMaintenance->handle()
#57 /mnt/Felo/Courses/learing/PHP/Laravel/Gorge/vendor/laravel/framework/src/Illuminate/Http/Middleware/HandleCors.php(61): Illuminate\\Pipeline\\Pipeline->{closure:{closure:Illuminate\\Pipeline\\Pipeline::carry():194}:195}()
#58 /mnt/Felo/Courses/learing/PHP/Laravel/Gorge/vendor/laravel/framework/src/Illuminate/Pipeline/Pipeline.php(219): Illuminate\\Http\\Middleware\\HandleCors->handle()
#59 /mnt/Felo/Courses/learing/PHP/Laravel/Gorge/vendor/laravel/framework/src/Illuminate/Http/Middleware/TrustProxies.php(58): Illuminate\\Pipeline\\Pipeline->{closure:{closure:Illuminate\\Pipeline\\Pipeline::carry():194}:195}()
#60 /mnt/Felo/Courses/learing/PHP/Laravel/Gorge/vendor/laravel/framework/src/Illuminate/Pipeline/Pipeline.php(219): Illuminate\\Http\\Middleware\\TrustProxies->handle()
#61 /mnt/Felo/Courses/learing/PHP/Laravel/Gorge/vendor/laravel/framework/src/Illuminate/Foundation/Http/Middleware/InvokeDeferredCallbacks.php(22): Illuminate\\Pipeline\\Pipeline->{closure:{closure:Illuminate\\Pipeline\\Pipeline::carry():194}:195}()
#62 /mnt/Felo/Courses/learing/PHP/Laravel/Gorge/vendor/laravel/framework/src/Illuminate/Pipeline/Pipeline.php(219): Illuminate\\Foundation\\Http\\Middleware\\InvokeDeferredCallbacks->handle()
#63 /mnt/Felo/Courses/learing/PHP/Laravel/Gorge/vendor/laravel/framework/src/Illuminate/Http/Middleware/ValidatePathEncoding.php(28): Illuminate\\Pipeline\\Pipeline->{closure:{closure:Illuminate\\Pipeline\\Pipeline::carry():194}:195}()
#64 /mnt/Felo/Courses/learing/PHP/Laravel/Gorge/vendor/laravel/framework/src/Illuminate/Pipeline/Pipeline.php(219): Illuminate\\Http\\Middleware\\ValidatePathEncoding->handle()
#65 /mnt/Felo/Courses/learing/PHP/Laravel/Gorge/vendor/laravel/framework/src/Illuminate/Pipeline/Pipeline.php(137): Illuminate\\Pipeline\\Pipeline->{closure:{closure:Illuminate\\Pipeline\\Pipeline::carry():194}:195}()
#66 /mnt/Felo/Courses/learing/PHP/Laravel/Gorge/vendor/laravel/framework/src/Illuminate/Foundation/Http/Kernel.php(175): Illuminate\\Pipeline\\Pipeline->then()
#67 /mnt/Felo/Courses/learing/PHP/Laravel/Gorge/vendor/laravel/framework/src/Illuminate/Foundation/Http/Kernel.php(144): Illuminate\\Foundation\\Http\\Kernel->sendRequestThroughRouter()
#68 /mnt/Felo/Courses/learing/PHP/Laravel/Gorge/vendor/laravel/framework/src/Illuminate/Foundation/Application.php(1220): Illuminate\\Foundation\\Http\\Kernel->handle()
#69 /mnt/Felo/Courses/learing/PHP/Laravel/Gorge/public/index.php(20): Illuminate\\Foundation\\Application->handleRequest()
#70 /mnt/Felo/Courses/learing/PHP/Laravel/Gorge/vendor/laravel/framework/src/Illuminate/Foundation/resources/server.php(23): require_once('...')
#71 {main}
"} 
[2026-07-16 20:25:10] local.ERROR: FilesystemIterator::__construct(/tmp/snap-private-tmp): Failed to open directory: Permission denied {"exception":"[object] (UnexpectedValueException(code: 0): FilesystemIterator::__construct(/tmp/snap-private-tmp): Failed to open directory: Permission denied at /mnt/Felo/Courses/learing/PHP/Laravel/Gorge/vendor/laravel/framework/src/Illuminate/Filesystem/Filesystem.php:745)
[stacktrace]
#0 /mnt/Felo/Courses/learing/PHP/Laravel/Gorge/vendor/laravel/framework/src/Illuminate/Filesystem/Filesystem.php(745): FilesystemIterator->__construct()
#1 /mnt/Felo/Courses/learing/PHP/Laravel/Gorge/vendor/laravel/framework/src/Illuminate/Foundation/Console/ViewClearCommand.php(67): Illuminate\\Filesystem\\Filesystem->deleteDirectory()
#2 /mnt/Felo/Courses/learing/PHP/Laravel/Gorge/vendor/laravel/framework/src/Illuminate/Container/BoundMethod.php(36): Illuminate\\Foundation\\Console\\ViewClearCommand->handle()
#3 /mnt/Felo/Courses/learing/PHP/Laravel/Gorge/vendor/laravel/framework/src/Illuminate/Container/Util.php(43): Illuminate\\Container\\BoundMethod::{closure:Illuminate\\Container\\BoundMethod::call():35}()
#4 /mnt/Felo/Courses/learing/PHP/Laravel/Gorge/vendor/laravel/framework/src/Illuminate/Container/BoundMethod.php(96): Illuminate\\Container\\Util::unwrapIfClosure()
#5 /mnt/Felo/Courses/learing/PHP/Laravel/Gorge/vendor/laravel/framework/src/Illuminate/Container/BoundMethod.php(35): Illuminate\\Container\\BoundMethod::callBoundMethod()
#6 /mnt/Felo/Courses/learing/PHP/Laravel/Gorge/vendor/laravel/framework/src/Illuminate/Container/Container.php(799): Illuminate\\Container\\BoundMethod::call()
#7 /mnt/Felo/Courses/learing/PHP/Laravel/Gorge/vendor/laravel/framework/src/Illuminate/Console/Command.php(280): Illuminate\\Container\\Container->call()
#8 /mnt/Felo/Courses/learing/PHP/Laravel/Gorge/vendor/symfony/console/Command/Command.php(284): Illuminate\\Console\\Command->execute()
#9 /mnt/Felo/Courses/learing/PHP/Laravel/Gorge/vendor/laravel/framework/src/Illuminate/Console/Command.php(249): Symfony\\Component\\Console\\Command\\Command->run()
#10 /mnt/Felo/Courses/learing/PHP/Laravel/Gorge/vendor/symfony/console/Application.php(1144): Illuminate\\Console\\Command->run()
#11 /mnt/Felo/Courses/learing/PHP/Laravel/Gorge/vendor/symfony/console/Application.php(379): Symfony\\Component\\Console\\Application->doRunCommand()
#12 /mnt/Felo/Courses/learing/PHP/Laravel/Gorge/vendor/symfony/console/Application.php(218): Symfony\\Component\\Console\\Application->doRun()
#13 /mnt/Felo/Courses/learing/PHP/Laravel/Gorge/vendor/laravel/framework/src/Illuminate/Foundation/Console/Kernel.php(198): Symfony\\Component\\Console\\Application->run()
#14 /mnt/Felo/Courses/learing/PHP/Laravel/Gorge/vendor/laravel/framework/src/Illuminate/Foundation/Application.php(1235): Illuminate\\Foundation\\Console\\Kernel->handle()
#15 /mnt/Felo/Courses/learing/PHP/Laravel/Gorge/artisan(16): Illuminate\\Foundation\\Application->handleCommand()
#16 {main}
"} 
[2026-07-16 20:42:08] local.ERROR: Class "App\Http\Resources\SessionResource" not found {"userId":1,"exception":"[object] (Error(code: 0): Class \"App\\Http\\Resources\\SessionResource\" not found at /mnt/Felo/Courses/learing/PHP/Laravel/Gorge/app/Http/Controllers/Admin/AdminCourseController.php:63)
[stacktrace]
#0 /mnt/Felo/Courses/learing/PHP/Laravel/Gorge/vendor/laravel/framework/src/Illuminate/Routing/Controller.php(54): App\\Http\\Controllers\\Admin\\AdminCourseController->getSessions()
#1 /mnt/Felo/Courses/learing/PHP/Laravel/Gorge/vendor/laravel/framework/src/Illuminate/Routing/ControllerDispatcher.php(43): Illuminate\\Routing\\Controller->callAction()
#2 /mnt/Felo/Courses/learing/PHP/Laravel/Gorge/vendor/laravel/framework/src/Illuminate/Routing/Route.php(275): Illuminate\\Routing\\ControllerDispatcher->dispatch()
#3 /mnt/Felo/Courses/learing/PHP/Laravel/Gorge/vendor/laravel/framework/src/Illuminate/Routing/Route.php(215): Illuminate\\Routing\\Route->runController()
#4 /mnt/Felo/Courses/learing/PHP/Laravel/Gorge/vendor/laravel/framework/src/Illuminate/Routing/Router.php(822): Illuminate\\Routing\\Route->run()
#5 /mnt/Felo/Courses/learing/PHP/Laravel/Gorge/vendor/laravel/framework/src/Illuminate/Pipeline/Pipeline.php(180): Illuminate\\Routing\\Router->{closure:Illuminate\\Routing\\Router::runRouteWithinStack():821}()
#6 /mnt/Felo/Courses/learing/PHP/Laravel/Gorge/app/Http/Middleware/AdminMiddleware.php(22): Illuminate\\Pipeline\\Pipeline->{closure:Illuminate\\Pipeline\\Pipeline::prepareDestination():178}()
#7 /mnt/Felo/Courses/learing/PHP/Laravel/Gorge/vendor/laravel/framework/src/Illuminate/Pipeline/Pipeline.php(219): App\\Http\\Middleware\\AdminMiddleware->handle()
#8 /mnt/Felo/Courses/learing/PHP/Laravel/Gorge/app/Http/Middleware/SecurityHeadersMiddleware.php(17): Illuminate\\Pipeline\\Pipeline->{closure:{closure:Illuminate\\Pipeline\\Pipeline::carry():194}:195}()
#9 /mnt/Felo/Courses/learing/PHP/Laravel/Gorge/vendor/laravel/framework/src/Illuminate/Pipeline/Pipeline.php(219): App\\Http\\Middleware\\SecurityHeadersMiddleware->handle()
#10 /mnt/Felo/Courses/learing/PHP/Laravel/Gorge/vendor/laravel/framework/src/Illuminate/Routing/Middleware/SubstituteBindings.php(52): Illuminate\\Pipeline\\Pipeline->{closure:{closure:Illuminate\\Pipeline\\Pipeline::carry():194}:195}()
#11 /mnt/Felo/Courses/learing/PHP/Laravel/Gorge/vendor/laravel/framework/src/Illuminate/Pipeline/Pipeline.php(219): Illuminate\\Routing\\Middleware\\SubstituteBindings->handle()
#12 /mnt/Felo/Courses/learing/PHP/Laravel/Gorge/vendor/laravel/framework/src/Illuminate/Auth/Middleware/Authenticate.php(63): Illuminate\\Pipeline\\Pipeline->{closure:{closure:Illuminate\\Pipeline\\Pipeline::carry():194}:195}()
#13 /mnt/Felo/Courses/learing/PHP/Laravel/Gorge/vendor/laravel/framework/src/Illuminate/Pipeline/Pipeline.php(219): Illuminate\\Auth\\Middleware\\Authenticate->handle()
#14 /mnt/Felo/Courses/learing/PHP/Laravel/Gorge/vendor/laravel/framework/src/Illuminate/Foundation/Http/Middleware/PreventRequestForgery.php(104): Illuminate\\Pipeline\\Pipeline->{closure:{closure:Illuminate\\Pipeline\\Pipeline::carry():194}:195}()
#15 /mnt/Felo/Courses/learing/PHP/Laravel/Gorge/vendor/laravel/framework/src/Illuminate/Pipeline/Pipeline.php(219): Illuminate\\Foundation\\Http\\Middleware\\PreventRequestForgery->handle()
#16 /mnt/Felo/Courses/learing/PHP/Laravel/Gorge/vendor/laravel/framework/src/Illuminate/View/Middleware/ShareErrorsFromSession.php(48): Illuminate\\Pipeline\\Pipeline->{closure:{closure:Illuminate\\Pipeline\\Pipeline::carry():194}:195}()
#17 /mnt/Felo/Courses/learing/PHP/Laravel/Gorge/vendor/laravel/framework/src/Illuminate/Pipeline/Pipeline.php(219): Illuminate\\View\\Middleware\\ShareErrorsFromSession->handle()
#18 /mnt/Felo/Courses/learing/PHP/Laravel/Gorge/vendor/laravel/framework/src/Illuminate/Session/Middleware/StartSession.php(120): Illuminate\\Pipeline\\Pipeline->{closure:{closure:Illuminate\\Pipeline\\Pipeline::carry():194}:195}()
#19 /mnt/Felo/Courses/learing/PHP/Laravel/Gorge/vendor/laravel/framework/src/Illuminate/Session/Middleware/StartSession.php(63): Illuminate\\Session\\Middleware\\StartSession->handleStatefulRequest()
#20 /mnt/Felo/Courses/learing/PHP/Laravel/Gorge/vendor/laravel/framework/src/Illuminate/Pipeline/Pipeline.php(219): Illuminate\\Session\\Middleware\\StartSession->handle()
#21 /mnt/Felo/Courses/learing/PHP/Laravel/Gorge/vendor/laravel/framework/src/Illuminate/Cookie/Middleware/AddQueuedCookiesToResponse.php(36): Illuminate\\Pipeline\\Pipeline->{closure:{closure:Illuminate\\Pipeline\\Pipeline::carry():194}:195}()
#22 /mnt/Felo/Courses/learing/PHP/Laravel/Gorge/vendor/laravel/framework/src/Illuminate/Pipeline/Pipeline.php(219): Illuminate\\Cookie\\Middleware\\AddQueuedCookiesToResponse->handle()
#23 /mnt/Felo/Courses/learing/PHP/Laravel/Gorge/vendor/laravel/framework/src/Illuminate/Cookie/Middleware/EncryptCookies.php(74): Illuminate\\Pipeline\\Pipeline->{closure:{closure:Illuminate\\Pipeline\\Pipeline::carry():194}:195}()
#24 /mnt/Felo/Courses/learing/PHP/Laravel/Gorge/vendor/laravel/framework/src/Illuminate/Pipeline/Pipeline.php(219): Illuminate\\Cookie\\Middleware\\EncryptCookies->handle()
#25 /mnt/Felo/Courses/learing/PHP/Laravel/Gorge/vendor/laravel/framework/src/Illuminate/Pipeline/Pipeline.php(137): Illuminate\\Pipeline\\Pipeline->{closure:{closure:Illuminate\\Pipeline\\Pipeline::carry():194}:195}()
#26 /mnt/Felo/Courses/learing/PHP/Laravel/Gorge/vendor/laravel/framework/src/Illuminate/Routing/Router.php(821): Illuminate\\Pipeline\\Pipeline->then()
#27 /mnt/Felo/Courses/learing/PHP/Laravel/Gorge/vendor/laravel/framework/src/Illuminate/Routing/Router.php(800): Illuminate\\Routing\\Router->runRouteWithinStack()
#28 /mnt/Felo/Courses/learing/PHP/Laravel/Gorge/vendor/laravel/framework/src/Illuminate/Routing/Router.php(764): Illuminate\\Routing\\Router->runRoute()
#29 /mnt/Felo/Courses/learing/PHP/Laravel/Gorge/vendor/laravel/framework/src/Illuminate/Routing/Router.php(753): Illuminate\\Routing\\Router->dispatchToRoute()
#30 /mnt/Felo/Courses/learing/PHP/Laravel/Gorge/vendor/laravel/framework/src/Illuminate/Foundation/Http/Kernel.php(200): Illuminate\\Routing\\Router->dispatch()
#31 /mnt/Felo/Courses/learing/PHP/Laravel/Gorge/vendor/laravel/framework/src/Illuminate/Pipeline/Pipeline.php(180): Illuminate\\Foundation\\Http\\Kernel->{closure:Illuminate\\Foundation\\Http\\Kernel::dispatchToRouter():197}()
#32 /mnt/Felo/Courses/learing/PHP/Laravel/Gorge/vendor/laravel/framework/src/Illuminate/Foundation/Http/Middleware/TransformsRequest.php(21): Illuminate\\Pipeline\\Pipeline->{closure:Illuminate\\Pipeline\\Pipeline::prepareDestination():178}()
#33 /mnt/Felo/Courses/learing/PHP/Laravel/Gorge/vendor/laravel/framework/src/Illuminate/Foundation/Http/Middleware/ConvertEmptyStringsToNull.php(31): Illuminate\\Foundation\\Http\\Middleware\\TransformsRequest->handle()
#34 /mnt/Felo/Courses/learing/PHP/Laravel/Gorge/vendor/laravel/framework/src/Illuminate/Pipeline/Pipeline.php(219): Illuminate\\Foundation\\Http\\Middleware\\ConvertEmptyStringsToNull->handle()
#35 /mnt/Felo/Courses/learing/PHP/Laravel/Gorge/vendor/laravel/framework/src/Illuminate/Foundation/Http/Middleware/TransformsRequest.php(21): Illuminate\\Pipeline\\Pipeline->{closure:{closure:Illuminate\\Pipeline\\Pipeline::carry():194}:195}()
#36 /mnt/Felo/Courses/learing/PHP/Laravel/Gorge/vendor/laravel/framework/src/Illuminate/Foundation/Http/Middleware/TrimStrings.php(51): Illuminate\\Foundation\\Http\\Middleware\\TransformsRequest->handle()
#37 /mnt/Felo/Courses/learing/PHP/Laravel/Gorge/vendor/laravel/framework/src/Illuminate/Pipeline/Pipeline.php(219): Illuminate\\Foundation\\Http\\Middleware\\TrimStrings->handle()
#38 /mnt/Felo/Courses/learing/PHP/Laravel/Gorge/vendor/laravel/framework/src/Illuminate/Http/Middleware/ValidatePostSize.php(27): Illuminate\\Pipeline\\Pipeline->{closure:{closure:Illuminate\\Pipeline\\Pipeline::carry():194}:195}()
#39 /mnt/Felo/Courses/learing/PHP/Laravel/Gorge/vendor/laravel/framework/src/Illuminate/Pipeline/Pipeline.php(219): Illuminate\\Http\\Middleware\\ValidatePostSize->handle()
#40 /mnt/Felo/Courses/learing/PHP/Laravel/Gorge/vendor/laravel/framework/src/Illuminate/Foundation/Http/Middleware/PreventRequestsDuringMaintenance.php(109): Illuminate\\Pipeline\\Pipeline->{closure:{closure:Illuminate\\Pipeline\\Pipeline::carry():194}:195}()
#41 /mnt/Felo/Courses/learing/PHP/Laravel/Gorge/vendor/laravel/framework/src/Illuminate/Pipeline/Pipeline.php(219): Illuminate\\Foundation\\Http\\Middleware\\PreventRequestsDuringMaintenance->handle()
#42 /mnt/Felo/Courses/learing/PHP/Laravel/Gorge/vendor/laravel/framework/src/Illuminate/Http/Middleware/HandleCors.php(61): Illuminate\\Pipeline\\Pipeline->{closure:{closure:Illuminate\\Pipeline\\Pipeline::carry():194}:195}()
#43 /mnt/Felo/Courses/learing/PHP/Laravel/Gorge/vendor/laravel/framework/src/Illuminate/Pipeline/Pipeline.php(219): Illuminate\\Http\\Middleware\\HandleCors->handle()
#44 /mnt/Felo/Courses/learing/PHP/Laravel/Gorge/vendor/laravel/framework/src/Illuminate/Http/Middleware/TrustProxies.php(58): Illuminate\\Pipeline\\Pipeline->{closure:{closure:Illuminate\\Pipeline\\Pipeline::carry():194}:195}()
#45 /mnt/Felo/Courses/learing/PHP/Laravel/Gorge/vendor/laravel/framework/src/Illuminate/Pipeline/Pipeline.php(219): Illuminate\\Http\\Middleware\\TrustProxies->handle()
#46 /mnt/Felo/Courses/learing/PHP/Laravel/Gorge/vendor/laravel/framework/src/Illuminate/Foundation/Http/Middleware/InvokeDeferredCallbacks.php(22): Illuminate\\Pipeline\\Pipeline->{closure:{closure:Illuminate\\Pipeline\\Pipeline::carry():194}:195}()
#47 /mnt/Felo/Courses/learing/PHP/Laravel/Gorge/vendor/laravel/framework/src/Illuminate/Pipeline/Pipeline.php(219): Illuminate\\Foundation\\Http\\Middleware\\InvokeDeferredCallbacks->handle()
#48 /mnt/Felo/Courses/learing/PHP/Laravel/Gorge/vendor/laravel/framework/src/Illuminate/Http/Middleware/ValidatePathEncoding.php(28): Illuminate\\Pipeline\\Pipeline->{closure:{closure:Illuminate\\Pipeline\\Pipeline::carry():194}:195}()
#49 /mnt/Felo/Courses/learing/PHP/Laravel/Gorge/vendor/laravel/framework/src/Illuminate/Pipeline/Pipeline.php(219): Illuminate\\Http\\Middleware\\ValidatePathEncoding->handle()
#50 /mnt/Felo/Courses/learing/PHP/Laravel/Gorge/vendor/laravel/framework/src/Illuminate/Pipeline/Pipeline.php(137): Illuminate\\Pipeline\\Pipeline->{closure:{closure:Illuminate\\Pipeline\\Pipeline::carry():194}:195}()
#51 /mnt/Felo/Courses/learing/PHP/Laravel/Gorge/vendor/laravel/framework/src/Illuminate/Foundation/Http/Kernel.php(175): Illuminate\\Pipeline\\Pipeline->then()
#52 /mnt/Felo/Courses/learing/PHP/Laravel/Gorge/vendor/laravel/framework/src/Illuminate/Foundation/Http/Kernel.php(144): Illuminate\\Foundation\\Http\\Kernel->sendRequestThroughRouter()
#53 /mnt/Felo/Courses/learing/PHP/Laravel/Gorge/vendor/laravel/framework/src/Illuminate/Foundation/Application.php(1220): Illuminate\\Foundation\\Http\\Kernel->handle()
#54 /mnt/Felo/Courses/learing/PHP/Laravel/Gorge/public/index.php(20): Illuminate\\Foundation\\Application->handleRequest()
#55 /mnt/Felo/Courses/learing/PHP/Laravel/Gorge/vendor/laravel/framework/src/Illuminate/Foundation/resources/server.php(23): require_once('...')
#56 {main}
"} 
[2026-07-16 21:07:17] local.ERROR: Class "App\Http\Resources\SessionResource" not found {"userId":1,"exception":"[object] (Error(code: 0): Class \"App\\Http\\Resources\\SessionResource\" not found at /mnt/Felo/Courses/learing/PHP/Laravel/Gorge/app/Http/Controllers/Admin/AdminCourseController.php:63)
[stacktrace]
#0 /mnt/Felo/Courses/learing/PHP/Laravel/Gorge/vendor/laravel/framework/src/Illuminate/Routing/Controller.php(54): App\\Http\\Controllers\\Admin\\AdminCourseController->getSessions()
#1 /mnt/Felo/Courses/learing/PHP/Laravel/Gorge/vendor/laravel/framework/src/Illuminate/Routing/ControllerDispatcher.php(43): Illuminate\\Routing\\Controller->callAction()
#2 /mnt/Felo/Courses/learing/PHP/Laravel/Gorge/vendor/laravel/framework/src/Illuminate/Routing/Route.php(275): Illuminate\\Routing\\ControllerDispatcher->dispatch()
#3 /mnt/Felo/Courses/learing/PHP/Laravel/Gorge/vendor/laravel/framework/src/Illuminate/Routing/Route.php(215): Illuminate\\Routing\\Route->runController()
#4 /mnt/Felo/Courses/learing/PHP/Laravel/Gorge/vendor/laravel/framework/src/Illuminate/Routing/Router.php(822): Illuminate\\Routing\\Route->run()
#5 /mnt/Felo/Courses/learing/PHP/Laravel/Gorge/vendor/laravel/framework/src/Illuminate/Pipeline/Pipeline.php(180): Illuminate\\Routing\\Router->{closure:Illuminate\\Routing\\Router::runRouteWithinStack():821}()
#6 /mnt/Felo/Courses/learing/PHP/Laravel/Gorge/app/Http/Middleware/AdminMiddleware.php(22): Illuminate\\Pipeline\\Pipeline->{closure:Illuminate\\Pipeline\\Pipeline::prepareDestination():178}()
#7 /mnt/Felo/Courses/learing/PHP/Laravel/Gorge/vendor/laravel/framework/src/Illuminate/Pipeline/Pipeline.php(219): App\\Http\\Middleware\\AdminMiddleware->handle()
#8 /mnt/Felo/Courses/learing/PHP/Laravel/Gorge/app/Http/Middleware/SecurityHeadersMiddleware.php(17): Illuminate\\Pipeline\\Pipeline->{closure:{closure:Illuminate\\Pipeline\\Pipeline::carry():194}:195}()
#9 /mnt/Felo/Courses/learing/PHP/Laravel/Gorge/vendor/laravel/framework/src/Illuminate/Pipeline/Pipeline.php(219): App\\Http\\Middleware\\SecurityHeadersMiddleware->handle()
#10 /mnt/Felo/Courses/learing/PHP/Laravel/Gorge/vendor/laravel/framework/src/Illuminate/Routing/Middleware/SubstituteBindings.php(52): Illuminate\\Pipeline\\Pipeline->{closure:{closure:Illuminate\\Pipeline\\Pipeline::carry():194}:195}()
#11 /mnt/Felo/Courses/learing/PHP/Laravel/Gorge/vendor/laravel/framework/src/Illuminate/Pipeline/Pipeline.php(219): Illuminate\\Routing\\Middleware\\SubstituteBindings->handle()
#12 /mnt/Felo/Courses/learing/PHP/Laravel/Gorge/vendor/laravel/framework/src/Illuminate/Auth/Middleware/Authenticate.php(63): Illuminate\\Pipeline\\Pipeline->{closure:{closure:Illuminate\\Pipeline\\Pipeline::carry():194}:195}()
#13 /mnt/Felo/Courses/learing/PHP/Laravel/Gorge/vendor/laravel/framework/src/Illuminate/Pipeline/Pipeline.php(219): Illuminate\\Auth\\Middleware\\Authenticate->handle()
#14 /mnt/Felo/Courses/learing/PHP/Laravel/Gorge/vendor/laravel/framework/src/Illuminate/Foundation/Http/Middleware/PreventRequestForgery.php(104): Illuminate\\Pipeline\\Pipeline->{closure:{closure:Illuminate\\Pipeline\\Pipeline::carry():194}:195}()
#15 /mnt/Felo/Courses/learing/PHP/Laravel/Gorge/vendor/laravel/framework/src/Illuminate/Pipeline/Pipeline.php(219): Illuminate\\Foundation\\Http\\Middleware\\PreventRequestForgery->handle()
#16 /mnt/Felo/Courses/learing/PHP/Laravel/Gorge/vendor/laravel/framework/src/Illuminate/View/Middleware/ShareErrorsFromSession.php(48): Illuminate\\Pipeline\\Pipeline->{closure:{closure:Illuminate\\Pipeline\\Pipeline::carry():194}:195}()
#17 /mnt/Felo/Courses/learing/PHP/Laravel/Gorge/vendor/laravel/framework/src/Illuminate/Pipeline/Pipeline.php(219): Illuminate\\View\\Middleware\\ShareErrorsFromSession->handle()
#18 /mnt/Felo/Courses/learing/PHP/Laravel/Gorge/vendor/laravel/framework/src/Illuminate/Session/Middleware/StartSession.php(120): Illuminate\\Pipeline\\Pipeline->{closure:{closure:Illuminate\\Pipeline\\Pipeline::carry():194}:195}()
#19 /mnt/Felo/Courses/learing/PHP/Laravel/Gorge/vendor/laravel/framework/src/Illuminate/Session/Middleware/StartSession.php(63): Illuminate\\Session\\Middleware\\StartSession->handleStatefulRequest()
#20 /mnt/Felo/Courses/learing/PHP/Laravel/Gorge/vendor/laravel/framework/src/Illuminate/Pipeline/Pipeline.php(219): Illuminate\\Session\\Middleware\\StartSession->handle()
#21 /mnt/Felo/Courses/learing/PHP/Laravel/Gorge/vendor/laravel/framework/src/Illuminate/Cookie/Middleware/AddQueuedCookiesToResponse.php(36): Illuminate\\Pipeline\\Pipeline->{closure:{closure:Illuminate\\Pipeline\\Pipeline::carry():194}:195}()
#22 /mnt/Felo/Courses/learing/PHP/Laravel/Gorge/vendor/laravel/framework/src/Illuminate/Pipeline/Pipeline.php(219): Illuminate\\Cookie\\Middleware\\AddQueuedCookiesToResponse->handle()
#23 /mnt/Felo/Courses/learing/PHP/Laravel/Gorge/vendor/laravel/framework/src/Illuminate/Cookie/Middleware/EncryptCookies.php(74): Illuminate\\Pipeline\\Pipeline->{closure:{closure:Illuminate\\Pipeline\\Pipeline::carry():194}:195}()
#24 /mnt/Felo/Courses/learing/PHP/Laravel/Gorge/vendor/laravel/framework/src/Illuminate/Pipeline/Pipeline.php(219): Illuminate\\Cookie\\Middleware\\EncryptCookies->handle()
#25 /mnt/Felo/Courses/learing/PHP/Laravel/Gorge/vendor/laravel/framework/src/Illuminate/Pipeline/Pipeline.php(137): Illuminate\\Pipeline\\Pipeline->{closure:{closure:Illuminate\\Pipeline\\Pipeline::carry():194}:195}()
#26 /mnt/Felo/Courses/learing/PHP/Laravel/Gorge/vendor/laravel/framework/src/Illuminate/Routing/Router.php(821): Illuminate\\Pipeline\\Pipeline->then()
#27 /mnt/Felo/Courses/learing/PHP/Laravel/Gorge/vendor/laravel/framework/src/Illuminate/Routing/Router.php(800): Illuminate\\Routing\\Router->runRouteWithinStack()
#28 /mnt/Felo/Courses/learing/PHP/Laravel/Gorge/vendor/laravel/framework/src/Illuminate/Routing/Router.php(764): Illuminate\\Routing\\Router->runRoute()
#29 /mnt/Felo/Courses/learing/PHP/Laravel/Gorge/vendor/laravel/framework/src/Illuminate/Routing/Router.php(753): Illuminate\\Routing\\Router->dispatchToRoute()
#30 /mnt/Felo/Courses/learing/PHP/Laravel/Gorge/vendor/laravel/framework/src/Illuminate/Foundation/Http/Kernel.php(200): Illuminate\\Routing\\Router->dispatch()
#31 /mnt/Felo/Courses/learing/PHP/Laravel/Gorge/vendor/laravel/framework/src/Illuminate/Pipeline/Pipeline.php(180): Illuminate\\Foundation\\Http\\Kernel->{closure:Illuminate\\Foundation\\Http\\Kernel::dispatchToRouter():197}()
#32 /mnt/Felo/Courses/learing/PHP/Laravel/Gorge/vendor/laravel/framework/src/Illuminate/Foundation/Http/Middleware/TransformsRequest.php(21): Illuminate\\Pipeline\\Pipeline->{closure:Illuminate\\Pipeline\\Pipeline::prepareDestination():178}()
#33 /mnt/Felo/Courses/learing/PHP/Laravel/Gorge/vendor/laravel/framework/src/Illuminate/Foundation/Http/Middleware/ConvertEmptyStringsToNull.php(31): Illuminate\\Foundation\\Http\\Middleware\\TransformsRequest->handle()
#34 /mnt/Felo/Courses/learing/PHP/Laravel/Gorge/vendor/laravel/framework/src/Illuminate/Pipeline/Pipeline.php(219): Illuminate\\Foundation\\Http\\Middleware\\ConvertEmptyStringsToNull->handle()
#35 /mnt/Felo/Courses/learing/PHP/Laravel/Gorge/vendor/laravel/framework/src/Illuminate/Foundation/Http/Middleware/TransformsRequest.php(21): Illuminate\\Pipeline\\Pipeline->{closure:{closure:Illuminate\\Pipeline\\Pipeline::carry():194}:195}()
#36 /mnt/Felo/Courses/learing/PHP/Laravel/Gorge/vendor/laravel/framework/src/Illuminate/Foundation/Http/Middleware/TrimStrings.php(51): Illuminate\\Foundation\\Http\\Middleware\\TransformsRequest->handle()
#37 /mnt/Felo/Courses/learing/PHP/Laravel/Gorge/vendor/laravel/framework/src/Illuminate/Pipeline/Pipeline.php(219): Illuminate\\Foundation\\Http\\Middleware\\TrimStrings->handle()
#38 /mnt/Felo/Courses/learing/PHP/Laravel/Gorge/vendor/laravel/framework/src/Illuminate/Http/Middleware/ValidatePostSize.php(27): Illuminate\\Pipeline\\Pipeline->{closure:{closure:Illuminate\\Pipeline\\Pipeline::carry():194}:195}()
#39 /mnt/Felo/Courses/learing/PHP/Laravel/Gorge/vendor/laravel/framework/src/Illuminate/Pipeline/Pipeline.php(219): Illuminate\\Http\\Middleware\\ValidatePostSize->handle()
#40 /mnt/Felo/Courses/learing/PHP/Laravel/Gorge/vendor/laravel/framework/src/Illuminate/Foundation/Http/Middleware/PreventRequestsDuringMaintenance.php(109): Illuminate\\Pipeline\\Pipeline->{closure:{closure:Illuminate\\Pipeline\\Pipeline::carry():194}:195}()
#41 /mnt/Felo/Courses/learing/PHP/Laravel/Gorge/vendor/laravel/framework/src/Illuminate/Pipeline/Pipeline.php(219): Illuminate\\Foundation\\Http\\Middleware\\PreventRequestsDuringMaintenance->handle()
#42 /mnt/Felo/Courses/learing/PHP/Laravel/Gorge/vendor/laravel/framework/src/Illuminate/Http/Middleware/HandleCors.php(61): Illuminate\\Pipeline\\Pipeline->{closure:{closure:Illuminate\\Pipeline\\Pipeline::carry():194}:195}()
#43 /mnt/Felo/Courses/learing/PHP/Laravel/Gorge/vendor/laravel/framework/src/Illuminate/Pipeline/Pipeline.php(219): Illuminate\\Http\\Middleware\\HandleCors->handle()
#44 /mnt/Felo/Courses/learing/PHP/Laravel/Gorge/vendor/laravel/framework/src/Illuminate/Http/Middleware/TrustProxies.php(58): Illuminate\\Pipeline\\Pipeline->{closure:{closure:Illuminate\\Pipeline\\Pipeline::carry():194}:195}()
#45 /mnt/Felo/Courses/learing/PHP/Laravel/Gorge/vendor/laravel/framework/src/Illuminate/Pipeline/Pipeline.php(219): Illuminate\\Http\\Middleware\\TrustProxies->handle()
#46 /mnt/Felo/Courses/learing/PHP/Laravel/Gorge/vendor/laravel/framework/src/Illuminate/Foundation/Http/Middleware/InvokeDeferredCallbacks.php(22): Illuminate\\Pipeline\\Pipeline->{closure:{closure:Illuminate\\Pipeline\\Pipeline::carry():194}:195}()
#47 /mnt/Felo/Courses/learing/PHP/Laravel/Gorge/vendor/laravel/framework/src/Illuminate/Pipeline/Pipeline.php(219): Illuminate\\Foundation\\Http\\Middleware\\InvokeDeferredCallbacks->handle()
#48 /mnt/Felo/Courses/learing/PHP/Laravel/Gorge/vendor/laravel/framework/src/Illuminate/Http/Middleware/ValidatePathEncoding.php(28): Illuminate\\Pipeline\\Pipeline->{closure:{closure:Illuminate\\Pipeline\\Pipeline::carry():194}:195}()
#49 /mnt/Felo/Courses/learing/PHP/Laravel/Gorge/vendor/laravel/framework/src/Illuminate/Pipeline/Pipeline.php(219): Illuminate\\Http\\Middleware\\ValidatePathEncoding->handle()
#50 /mnt/Felo/Courses/learing/PHP/Laravel/Gorge/vendor/laravel/framework/src/Illuminate/Pipeline/Pipeline.php(137): Illuminate\\Pipeline\\Pipeline->{closure:{closure:Illuminate\\Pipeline\\Pipeline::carry():194}:195}()
#51 /mnt/Felo/Courses/learing/PHP/Laravel/Gorge/vendor/laravel/framework/src/Illuminate/Foundation/Http/Kernel.php(175): Illuminate\\Pipeline\\Pipeline->then()
#52 /mnt/Felo/Courses/learing/PHP/Laravel/Gorge/vendor/laravel/framework/src/Illuminate/Foundation/Http/Kernel.php(144): Illuminate\\Foundation\\Http\\Kernel->sendRequestThroughRouter()
#53 /mnt/Felo/Courses/learing/PHP/Laravel/Gorge/vendor/laravel/framework/src/Illuminate/Foundation/Application.php(1220): Illuminate\\Foundation\\Http\\Kernel->handle()
#54 /mnt/Felo/Courses/learing/PHP/Laravel/Gorge/public/index.php(20): Illuminate\\Foundation\\Application->handleRequest()
#55 /mnt/Felo/Courses/learing/PHP/Laravel/Gorge/vendor/laravel/framework/src/Illuminate/Foundation/resources/server.php(23): require_once('...')
#56 {main}
"} 
[2026-07-16 21:07:36] local.ERROR: Class "App\Http\Resources\SessionResource" not found {"userId":1,"exception":"[object] (Error(code: 0): Class \"App\\Http\\Resources\\SessionResource\" not found at /mnt/Felo/Courses/learing/PHP/Laravel/Gorge/app/Http/Controllers/Admin/AdminSessionController.php:25)
[stacktrace]
#0 /mnt/Felo/Courses/learing/PHP/Laravel/Gorge/vendor/laravel/framework/src/Illuminate/Routing/Controller.php(54): App\\Http\\Controllers\\Admin\\AdminSessionController->store()
#1 /mnt/Felo/Courses/learing/PHP/Laravel/Gorge/vendor/laravel/framework/src/Illuminate/Routing/ControllerDispatcher.php(43): Illuminate\\Routing\\Controller->callAction()
#2 /mnt/Felo/Courses/learing/PHP/Laravel/Gorge/vendor/laravel/framework/src/Illuminate/Routing/Route.php(275): Illuminate\\Routing\\ControllerDispatcher->dispatch()
#3 /mnt/Felo/Courses/learing/PHP/Laravel/Gorge/vendor/laravel/framework/src/Illuminate/Routing/Route.php(215): Illuminate\\Routing\\Route->runController()
#4 /mnt/Felo/Courses/learing/PHP/Laravel/Gorge/vendor/laravel/framework/src/Illuminate/Routing/Router.php(822): Illuminate\\Routing\\Route->run()
#5 /mnt/Felo/Courses/learing/PHP/Laravel/Gorge/vendor/laravel/framework/src/Illuminate/Pipeline/Pipeline.php(180): Illuminate\\Routing\\Router->{closure:Illuminate\\Routing\\Router::runRouteWithinStack():821}()
#6 /mnt/Felo/Courses/learing/PHP/Laravel/Gorge/app/Http/Middleware/AdminMiddleware.php(22): Illuminate\\Pipeline\\Pipeline->{closure:Illuminate\\Pipeline\\Pipeline::prepareDestination():178}()
#7 /mnt/Felo/Courses/learing/PHP/Laravel/Gorge/vendor/laravel/framework/src/Illuminate/Pipeline/Pipeline.php(219): App\\Http\\Middleware\\AdminMiddleware->handle()
#8 /mnt/Felo/Courses/learing/PHP/Laravel/Gorge/app/Http/Middleware/SecurityHeadersMiddleware.php(17): Illuminate\\Pipeline\\Pipeline->{closure:{closure:Illuminate\\Pipeline\\Pipeline::carry():194}:195}()
#9 /mnt/Felo/Courses/learing/PHP/Laravel/Gorge/vendor/laravel/framework/src/Illuminate/Pipeline/Pipeline.php(219): App\\Http\\Middleware\\SecurityHeadersMiddleware->handle()
#10 /mnt/Felo/Courses/learing/PHP/Laravel/Gorge/vendor/laravel/framework/src/Illuminate/Routing/Middleware/SubstituteBindings.php(52): Illuminate\\Pipeline\\Pipeline->{closure:{closure:Illuminate\\Pipeline\\Pipeline::carry():194}:195}()
#11 /mnt/Felo/Courses/learing/PHP/Laravel/Gorge/vendor/laravel/framework/src/Illuminate/Pipeline/Pipeline.php(219): Illuminate\\Routing\\Middleware\\SubstituteBindings->handle()
#12 /mnt/Felo/Courses/learing/PHP/Laravel/Gorge/vendor/laravel/framework/src/Illuminate/Auth/Middleware/Authenticate.php(63): Illuminate\\Pipeline\\Pipeline->{closure:{closure:Illuminate\\Pipeline\\Pipeline::carry():194}:195}()
#13 /mnt/Felo/Courses/learing/PHP/Laravel/Gorge/vendor/laravel/framework/src/Illuminate/Pipeline/Pipeline.php(219): Illuminate\\Auth\\Middleware\\Authenticate->handle()
#14 /mnt/Felo/Courses/learing/PHP/Laravel/Gorge/vendor/laravel/framework/src/Illuminate/Foundation/Http/Middleware/PreventRequestForgery.php(104): Illuminate\\Pipeline\\Pipeline->{closure:{closure:Illuminate\\Pipeline\\Pipeline::carry():194}:195}()
#15 /mnt/Felo/Courses/learing/PHP/Laravel/Gorge/vendor/laravel/framework/src/Illuminate/Pipeline/Pipeline.php(219): Illuminate\\Foundation\\Http\\Middleware\\PreventRequestForgery->handle()
#16 /mnt/Felo/Courses/learing/PHP/Laravel/Gorge/vendor/laravel/framework/src/Illuminate/View/Middleware/ShareErrorsFromSession.php(48): Illuminate\\Pipeline\\Pipeline->{closure:{closure:Illuminate\\Pipeline\\Pipeline::carry():194}:195}()
#17 /mnt/Felo/Courses/learing/PHP/Laravel/Gorge/vendor/laravel/framework/src/Illuminate/Pipeline/Pipeline.php(219): Illuminate\\View\\Middleware\\ShareErrorsFromSession->handle()
#18 /mnt/Felo/Courses/learing/PHP/Laravel/Gorge/vendor/laravel/framework/src/Illuminate/Session/Middleware/StartSession.php(120): Illuminate\\Pipeline\\Pipeline->{closure:{closure:Illuminate\\Pipeline\\Pipeline::carry():194}:195}()
#19 /mnt/Felo/Courses/learing/PHP/Laravel/Gorge/vendor/laravel/framework/src/Illuminate/Session/Middleware/StartSession.php(63): Illuminate\\Session\\Middleware\\StartSession->handleStatefulRequest()
#20 /mnt/Felo/Courses/learing/PHP/Laravel/Gorge/vendor/laravel/framework/src/Illuminate/Pipeline/Pipeline.php(219): Illuminate\\Session\\Middleware\\StartSession->handle()
#21 /mnt/Felo/Courses/learing/PHP/Laravel/Gorge/vendor/laravel/framework/src/Illuminate/Cookie/Middleware/AddQueuedCookiesToResponse.php(36): Illuminate\\Pipeline\\Pipeline->{closure:{closure:Illuminate\\Pipeline\\Pipeline::carry():194}:195}()
#22 /mnt/Felo/Courses/learing/PHP/Laravel/Gorge/vendor/laravel/framework/src/Illuminate/Pipeline/Pipeline.php(219): Illuminate\\Cookie\\Middleware\\AddQueuedCookiesToResponse->handle()
#23 /mnt/Felo/Courses/learing/PHP/Laravel/Gorge/vendor/laravel/framework/src/Illuminate/Cookie/Middleware/EncryptCookies.php(74): Illuminate\\Pipeline\\Pipeline->{closure:{closure:Illuminate\\Pipeline\\Pipeline::carry():194}:195}()
#24 /mnt/Felo/Courses/learing/PHP/Laravel/Gorge/vendor/laravel/framework/src/Illuminate/Pipeline/Pipeline.php(219): Illuminate\\Cookie\\Middleware\\EncryptCookies->handle()
#25 /mnt/Felo/Courses/learing/PHP/Laravel/Gorge/vendor/laravel/framework/src/Illuminate/Pipeline/Pipeline.php(137): Illuminate\\Pipeline\\Pipeline->{closure:{closure:Illuminate\\Pipeline\\Pipeline::carry():194}:195}()
#26 /mnt/Felo/Courses/learing/PHP/Laravel/Gorge/vendor/laravel/framework/src/Illuminate/Routing/Router.php(821): Illuminate\\Pipeline\\Pipeline->then()
#27 /mnt/Felo/Courses/learing/PHP/Laravel/Gorge/vendor/laravel/framework/src/Illuminate/Routing/Router.php(800): Illuminate\\Routing\\Router->runRouteWithinStack()
#28 /mnt/Felo/Courses/learing/PHP/Laravel/Gorge/vendor/laravel/framework/src/Illuminate/Routing/Router.php(764): Illuminate\\Routing\\Router->runRoute()
#29 /mnt/Felo/Courses/learing/PHP/Laravel/Gorge/vendor/laravel/framework/src/Illuminate/Routing/Router.php(753): Illuminate\\Routing\\Router->dispatchToRoute()
#30 /mnt/Felo/Courses/learing/PHP/Laravel/Gorge/vendor/laravel/framework/src/Illuminate/Foundation/Http/Kernel.php(200): Illuminate\\Routing\\Router->dispatch()
#31 /mnt/Felo/Courses/learing/PHP/Laravel/Gorge/vendor/laravel/framework/src/Illuminate/Pipeline/Pipeline.php(180): Illuminate\\Foundation\\Http\\Kernel->{closure:Illuminate\\Foundation\\Http\\Kernel::dispatchToRouter():197}()
#32 /mnt/Felo/Courses/learing/PHP/Laravel/Gorge/vendor/laravel/framework/src/Illuminate/Foundation/Http/Middleware/TransformsRequest.php(21): Illuminate\\Pipeline\\Pipeline->{closure:Illuminate\\Pipeline\\Pipeline::prepareDestination():178}()
#33 /mnt/Felo/Courses/learing/PHP/Laravel/Gorge/vendor/laravel/framework/src/Illuminate/Foundation/Http/Middleware/ConvertEmptyStringsToNull.php(31): Illuminate\\Foundation\\Http\\Middleware\\TransformsRequest->handle()
#34 /mnt/Felo/Courses/learing/PHP/Laravel/Gorge/vendor/laravel/framework/src/Illuminate/Pipeline/Pipeline.php(219): Illuminate\\Foundation\\Http\\Middleware\\ConvertEmptyStringsToNull->handle()
#35 /mnt/Felo/Courses/learing/PHP/Laravel/Gorge/vendor/laravel/framework/src/Illuminate/Foundation/Http/Middleware/TransformsRequest.php(21): Illuminate\\Pipeline\\Pipeline->{closure:{closure:Illuminate\\Pipeline\\Pipeline::carry():194}:195}()
#36 /mnt/Felo/Courses/learing/PHP/Laravel/Gorge/vendor/laravel/framework/src/Illuminate/Foundation/Http/Middleware/TrimStrings.php(51): Illuminate\\Foundation\\Http\\Middleware\\TransformsRequest->handle()
#37 /mnt/Felo/Courses/learing/PHP/Laravel/Gorge/vendor/laravel/framework/src/Illuminate/Pipeline/Pipeline.php(219): Illuminate\\Foundation\\Http\\Middleware\\TrimStrings->handle()
#38 /mnt/Felo/Courses/learing/PHP/Laravel/Gorge/vendor/laravel/framework/src/Illuminate/Http/Middleware/ValidatePostSize.php(27): Illuminate\\Pipeline\\Pipeline->{closure:{closure:Illuminate\\Pipeline\\Pipeline::carry():194}:195}()
#39 /mnt/Felo/Courses/learing/PHP/Laravel/Gorge/vendor/laravel/framework/src/Illuminate/Pipeline/Pipeline.php(219): Illuminate\\Http\\Middleware\\ValidatePostSize->handle()
#40 /mnt/Felo/Courses/learing/PHP/Laravel/Gorge/vendor/laravel/framework/src/Illuminate/Foundation/Http/Middleware/PreventRequestsDuringMaintenance.php(109): Illuminate\\Pipeline\\Pipeline->{closure:{closure:Illuminate\\Pipeline\\Pipeline::carry():194}:195}()
#41 /mnt/Felo/Courses/learing/PHP/Laravel/Gorge/vendor/laravel/framework/src/Illuminate/Pipeline/Pipeline.php(219): Illuminate\\Foundation\\Http\\Middleware\\PreventRequestsDuringMaintenance->handle()
#42 /mnt/Felo/Courses/learing/PHP/Laravel/Gorge/vendor/laravel/framework/src/Illuminate/Http/Middleware/HandleCors.php(61): Illuminate\\Pipeline\\Pipeline->{closure:{closure:Illuminate\\Pipeline\\Pipeline::carry():194}:195}()
#43 /mnt/Felo/Courses/learing/PHP/Laravel/Gorge/vendor/laravel/framework/src/Illuminate/Pipeline/Pipeline.php(219): Illuminate\\Http\\Middleware\\HandleCors->handle()
#44 /mnt/Felo/Courses/learing/PHP/Laravel/Gorge/vendor/laravel/framework/src/Illuminate/Http/Middleware/TrustProxies.php(58): Illuminate\\Pipeline\\Pipeline->{closure:{closure:Illuminate\\Pipeline\\Pipeline::carry():194}:195}()
#45 /mnt/Felo/Courses/learing/PHP/Laravel/Gorge/vendor/laravel/framework/src/Illuminate/Pipeline/Pipeline.php(219): Illuminate\\Http\\Middleware\\TrustProxies->handle()
#46 /mnt/Felo/Courses/learing/PHP/Laravel/Gorge/vendor/laravel/framework/src/Illuminate/Foundation/Http/Middleware/InvokeDeferredCallbacks.php(22): Illuminate\\Pipeline\\Pipeline->{closure:{closure:Illuminate\\Pipeline\\Pipeline::carry():194}:195}()
#47 /mnt/Felo/Courses/learing/PHP/Laravel/Gorge/vendor/laravel/framework/src/Illuminate/Pipeline/Pipeline.php(219): Illuminate\\Foundation\\Http\\Middleware\\InvokeDeferredCallbacks->handle()
#48 /mnt/Felo/Courses/learing/PHP/Laravel/Gorge/vendor/laravel/framework/src/Illuminate/Http/Middleware/ValidatePathEncoding.php(28): Illuminate\\Pipeline\\Pipeline->{closure:{closure:Illuminate\\Pipeline\\Pipeline::carry():194}:195}()
#49 /mnt/Felo/Courses/learing/PHP/Laravel/Gorge/vendor/laravel/framework/src/Illuminate/Pipeline/Pipeline.php(219): Illuminate\\Http\\Middleware\\ValidatePathEncoding->handle()
#50 /mnt/Felo/Courses/learing/PHP/Laravel/Gorge/vendor/laravel/framework/src/Illuminate/Pipeline/Pipeline.php(137): Illuminate\\Pipeline\\Pipeline->{closure:{closure:Illuminate\\Pipeline\\Pipeline::carry():194}:195}()
#51 /mnt/Felo/Courses/learing/PHP/Laravel/Gorge/vendor/laravel/framework/src/Illuminate/Foundation/Http/Kernel.php(175): Illuminate\\Pipeline\\Pipeline->then()
#52 /mnt/Felo/Courses/learing/PHP/Laravel/Gorge/vendor/laravel/framework/src/Illuminate/Foundation/Http/Kernel.php(144): Illuminate\\Foundation\\Http\\Kernel->sendRequestThroughRouter()
#53 /mnt/Felo/Courses/learing/PHP/Laravel/Gorge/vendor/laravel/framework/src/Illuminate/Foundation/Application.php(1220): Illuminate\\Foundation\\Http\\Kernel->handle()
#54 /mnt/Felo/Courses/learing/PHP/Laravel/Gorge/public/index.php(20): Illuminate\\Foundation\\Application->handleRequest()
#55 /mnt/Felo/Courses/learing/PHP/Laravel/Gorge/vendor/laravel/framework/src/Illuminate/Foundation/resources/server.php(23): require_once('...')
#56 {main}
"} 
[2026-07-16 21:07:38] local.ERROR: Class "App\Http\Resources\SessionResource" not found {"userId":1,"exception":"[object] (Error(code: 0): Class \"App\\Http\\Resources\\SessionResource\" not found at /mnt/Felo/Courses/learing/PHP/Laravel/Gorge/app/Http/Controllers/Admin/AdminSessionController.php:25)
[stacktrace]
#0 /mnt/Felo/Courses/learing/PHP/Laravel/Gorge/vendor/laravel/framework/src/Illuminate/Routing/Controller.php(54): App\\Http\\Controllers\\Admin\\AdminSessionController->store()
#1 /mnt/Felo/Courses/learing/PHP/Laravel/Gorge/vendor/laravel/framework/src/Illuminate/Routing/ControllerDispatcher.php(43): Illuminate\\Routing\\Controller->callAction()
#2 /mnt/Felo/Courses/learing/PHP/Laravel/Gorge/vendor/laravel/framework/src/Illuminate/Routing/Route.php(275): Illuminate\\Routing\\ControllerDispatcher->dispatch()
#3 /mnt/Felo/Courses/learing/PHP/Laravel/Gorge/vendor/laravel/framework/src/Illuminate/Routing/Route.php(215): Illuminate\\Routing\\Route->runController()
#4 /mnt/Felo/Courses/learing/PHP/Laravel/Gorge/vendor/laravel/framework/src/Illuminate/Routing/Router.php(822): Illuminate\\Routing\\Route->run()
#5 /mnt/Felo/Courses/learing/PHP/Laravel/Gorge/vendor/laravel/framework/src/Illuminate/Pipeline/Pipeline.php(180): Illuminate\\Routing\\Router->{closure:Illuminate\\Routing\\Router::runRouteWithinStack():821}()
#6 /mnt/Felo/Courses/learing/PHP/Laravel/Gorge/app/Http/Middleware/AdminMiddleware.php(22): Illuminate\\Pipeline\\Pipeline->{closure:Illuminate\\Pipeline\\Pipeline::prepareDestination():178}()
#7 /mnt/Felo/Courses/learing/PHP/Laravel/Gorge/vendor/laravel/framework/src/Illuminate/Pipeline/Pipeline.php(219): App\\Http\\Middleware\\AdminMiddleware->handle()
#8 /mnt/Felo/Courses/learing/PHP/Laravel/Gorge/app/Http/Middleware/SecurityHeadersMiddleware.php(17): Illuminate\\Pipeline\\Pipeline->{closure:{closure:Illuminate\\Pipeline\\Pipeline::carry():194}:195}()
#9 /mnt/Felo/Courses/learing/PHP/Laravel/Gorge/vendor/laravel/framework/src/Illuminate/Pipeline/Pipeline.php(219): App\\Http\\Middleware\\SecurityHeadersMiddleware->handle()
#10 /mnt/Felo/Courses/learing/PHP/Laravel/Gorge/vendor/laravel/framework/src/Illuminate/Routing/Middleware/SubstituteBindings.php(52): Illuminate\\Pipeline\\Pipeline->{closure:{closure:Illuminate\\Pipeline\\Pipeline::carry():194}:195}()
#11 /mnt/Felo/Courses/learing/PHP/Laravel/Gorge/vendor/laravel/framework/src/Illuminate/Pipeline/Pipeline.php(219): Illuminate\\Routing\\Middleware\\SubstituteBindings->handle()
#12 /mnt/Felo/Courses/learing/PHP/Laravel/Gorge/vendor/laravel/framework/src/Illuminate/Auth/Middleware/Authenticate.php(63): Illuminate\\Pipeline\\Pipeline->{closure:{closure:Illuminate\\Pipeline\\Pipeline::carry():194}:195}()
#13 /mnt/Felo/Courses/learing/PHP/Laravel/Gorge/vendor/laravel/framework/src/Illuminate/Pipeline/Pipeline.php(219): Illuminate\\Auth\\Middleware\\Authenticate->handle()
#14 /mnt/Felo/Courses/learing/PHP/Laravel/Gorge/vendor/laravel/framework/src/Illuminate/Foundation/Http/Middleware/PreventRequestForgery.php(104): Illuminate\\Pipeline\\Pipeline->{closure:{closure:Illuminate\\Pipeline\\Pipeline::carry():194}:195}()
#15 /mnt/Felo/Courses/learing/PHP/Laravel/Gorge/vendor/laravel/framework/src/Illuminate/Pipeline/Pipeline.php(219): Illuminate\\Foundation\\Http\\Middleware\\PreventRequestForgery->handle()
#16 /mnt/Felo/Courses/learing/PHP/Laravel/Gorge/vendor/laravel/framework/src/Illuminate/View/Middleware/ShareErrorsFromSession.php(48): Illuminate\\Pipeline\\Pipeline->{closure:{closure:Illuminate\\Pipeline\\Pipeline::carry():194}:195}()
#17 /mnt/Felo/Courses/learing/PHP/Laravel/Gorge/vendor/laravel/framework/src/Illuminate/Pipeline/Pipeline.php(219): Illuminate\\View\\Middleware\\ShareErrorsFromSession->handle()
#18 /mnt/Felo/Courses/learing/PHP/Laravel/Gorge/vendor/laravel/framework/src/Illuminate/Session/Middleware/StartSession.php(120): Illuminate\\Pipeline\\Pipeline->{closure:{closure:Illuminate\\Pipeline\\Pipeline::carry():194}:195}()
#19 /mnt/Felo/Courses/learing/PHP/Laravel/Gorge/vendor/laravel/framework/src/Illuminate/Session/Middleware/StartSession.php(63): Illuminate\\Session\\Middleware\\StartSession->handleStatefulRequest()
#20 /mnt/Felo/Courses/learing/PHP/Laravel/Gorge/vendor/laravel/framework/src/Illuminate/Pipeline/Pipeline.php(219): Illuminate\\Session\\Middleware\\StartSession->handle()
#21 /mnt/Felo/Courses/learing/PHP/Laravel/Gorge/vendor/laravel/framework/src/Illuminate/Cookie/Middleware/AddQueuedCookiesToResponse.php(36): Illuminate\\Pipeline\\Pipeline->{closure:{closure:Illuminate\\Pipeline\\Pipeline::carry():194}:195}()
#22 /mnt/Felo/Courses/learing/PHP/Laravel/Gorge/vendor/laravel/framework/src/Illuminate/Pipeline/Pipeline.php(219): Illuminate\\Cookie\\Middleware\\AddQueuedCookiesToResponse->handle()
#23 /mnt/Felo/Courses/learing/PHP/Laravel/Gorge/vendor/laravel/framework/src/Illuminate/Cookie/Middleware/EncryptCookies.php(74): Illuminate\\Pipeline\\Pipeline->{closure:{closure:Illuminate\\Pipeline\\Pipeline::carry():194}:195}()
#24 /mnt/Felo/Courses/learing/PHP/Laravel/Gorge/vendor/laravel/framework/src/Illuminate/Pipeline/Pipeline.php(219): Illuminate\\Cookie\\Middleware\\EncryptCookies->handle()
#25 /mnt/Felo/Courses/learing/PHP/Laravel/Gorge/vendor/laravel/framework/src/Illuminate/Pipeline/Pipeline.php(137): Illuminate\\Pipeline\\Pipeline->{closure:{closure:Illuminate\\Pipeline\\Pipeline::carry():194}:195}()
#26 /mnt/Felo/Courses/learing/PHP/Laravel/Gorge/vendor/laravel/framework/src/Illuminate/Routing/Router.php(821): Illuminate\\Pipeline\\Pipeline->then()
#27 /mnt/Felo/Courses/learing/PHP/Laravel/Gorge/vendor/laravel/framework/src/Illuminate/Routing/Router.php(800): Illuminate\\Routing\\Router->runRouteWithinStack()
#28 /mnt/Felo/Courses/learing/PHP/Laravel/Gorge/vendor/laravel/framework/src/Illuminate/Routing/Router.php(764): Illuminate\\Routing\\Router->runRoute()
#29 /mnt/Felo/Courses/learing/PHP/Laravel/Gorge/vendor/laravel/framework/src/Illuminate/Routing/Router.php(753): Illuminate\\Routing\\Router->dispatchToRoute()
#30 /mnt/Felo/Courses/learing/PHP/Laravel/Gorge/vendor/laravel/framework/src/Illuminate/Foundation/Http/Kernel.php(200): Illuminate\\Routing\\Router->dispatch()
#31 /mnt/Felo/Courses/learing/PHP/Laravel/Gorge/vendor/laravel/framework/src/Illuminate/Pipeline/Pipeline.php(180): Illuminate\\Foundation\\Http\\Kernel->{closure:Illuminate\\Foundation\\Http\\Kernel::dispatchToRouter():197}()
#32 /mnt/Felo/Courses/learing/PHP/Laravel/Gorge/vendor/laravel/framework/src/Illuminate/Foundation/Http/Middleware/TransformsRequest.php(21): Illuminate\\Pipeline\\Pipeline->{closure:Illuminate\\Pipeline\\Pipeline::prepareDestination():178}()
#33 /mnt/Felo/Courses/learing/PHP/Laravel/Gorge/vendor/laravel/framework/src/Illuminate/Foundation/Http/Middleware/ConvertEmptyStringsToNull.php(31): Illuminate\\Foundation\\Http\\Middleware\\TransformsRequest->handle()
#34 /mnt/Felo/Courses/learing/PHP/Laravel/Gorge/vendor/laravel/framework/src/Illuminate/Pipeline/Pipeline.php(219): Illuminate\\Foundation\\Http\\Middleware\\ConvertEmptyStringsToNull->handle()
#35 /mnt/Felo/Courses/learing/PHP/Laravel/Gorge/vendor/laravel/framework/src/Illuminate/Foundation/Http/Middleware/TransformsRequest.php(21): Illuminate\\Pipeline\\Pipeline->{closure:{closure:Illuminate\\Pipeline\\Pipeline::carry():194}:195}()
#36 /mnt/Felo/Courses/learing/PHP/Laravel/Gorge/vendor/laravel/framework/src/Illuminate/Foundation/Http/Middleware/TrimStrings.php(51): Illuminate\\Foundation\\Http\\Middleware\\TransformsRequest->handle()
#37 /mnt/Felo/Courses/learing/PHP/Laravel/Gorge/vendor/laravel/framework/src/Illuminate/Pipeline/Pipeline.php(219): Illuminate\\Foundation\\Http\\Middleware\\TrimStrings->handle()
#38 /mnt/Felo/Courses/learing/PHP/Laravel/Gorge/vendor/laravel/framework/src/Illuminate/Http/Middleware/ValidatePostSize.php(27): Illuminate\\Pipeline\\Pipeline->{closure:{closure:Illuminate\\Pipeline\\Pipeline::carry():194}:195}()
#39 /mnt/Felo/Courses/learing/PHP/Laravel/Gorge/vendor/laravel/framework/src/Illuminate/Pipeline/Pipeline.php(219): Illuminate\\Http\\Middleware\\ValidatePostSize->handle()
#40 /mnt/Felo/Courses/learing/PHP/Laravel/Gorge/vendor/laravel/framework/src/Illuminate/Foundation/Http/Middleware/PreventRequestsDuringMaintenance.php(109): Illuminate\\Pipeline\\Pipeline->{closure:{closure:Illuminate\\Pipeline\\Pipeline::carry():194}:195}()
#41 /mnt/Felo/Courses/learing/PHP/Laravel/Gorge/vendor/laravel/framework/src/Illuminate/Pipeline/Pipeline.php(219): Illuminate\\Foundation\\Http\\Middleware\\PreventRequestsDuringMaintenance->handle()
#42 /mnt/Felo/Courses/learing/PHP/Laravel/Gorge/vendor/laravel/framework/src/Illuminate/Http/Middleware/HandleCors.php(61): Illuminate\\Pipeline\\Pipeline->{closure:{closure:Illuminate\\Pipeline\\Pipeline::carry():194}:195}()
#43 /mnt/Felo/Courses/learing/PHP/Laravel/Gorge/vendor/laravel/framework/src/Illuminate/Pipeline/Pipeline.php(219): Illuminate\\Http\\Middleware\\HandleCors->handle()
#44 /mnt/Felo/Courses/learing/PHP/Laravel/Gorge/vendor/laravel/framework/src/Illuminate/Http/Middleware/TrustProxies.php(58): Illuminate\\Pipeline\\Pipeline->{closure:{closure:Illuminate\\Pipeline\\Pipeline::carry():194}:195}()
#45 /mnt/Felo/Courses/learing/PHP/Laravel/Gorge/vendor/laravel/framework/src/Illuminate/Pipeline/Pipeline.php(219): Illuminate\\Http\\Middleware\\TrustProxies->handle()
#46 /mnt/Felo/Courses/learing/PHP/Laravel/Gorge/vendor/laravel/framework/src/Illuminate/Foundation/Http/Middleware/InvokeDeferredCallbacks.php(22): Illuminate\\Pipeline\\Pipeline->{closure:{closure:Illuminate\\Pipeline\\Pipeline::carry():194}:195}()
#47 /mnt/Felo/Courses/learing/PHP/Laravel/Gorge/vendor/laravel/framework/src/Illuminate/Pipeline/Pipeline.php(219): Illuminate\\Foundation\\Http\\Middleware\\InvokeDeferredCallbacks->handle()
#48 /mnt/Felo/Courses/learing/PHP/Laravel/Gorge/vendor/laravel/framework/src/Illuminate/Http/Middleware/ValidatePathEncoding.php(28): Illuminate\\Pipeline\\Pipeline->{closure:{closure:Illuminate\\Pipeline\\Pipeline::carry():194}:195}()
#49 /mnt/Felo/Courses/learing/PHP/Laravel/Gorge/vendor/laravel/framework/src/Illuminate/Pipeline/Pipeline.php(219): Illuminate\\Http\\Middleware\\ValidatePathEncoding->handle()
#50 /mnt/Felo/Courses/learing/PHP/Laravel/Gorge/vendor/laravel/framework/src/Illuminate/Pipeline/Pipeline.php(137): Illuminate\\Pipeline\\Pipeline->{closure:{closure:Illuminate\\Pipeline\\Pipeline::carry():194}:195}()
#51 /mnt/Felo/Courses/learing/PHP/Laravel/Gorge/vendor/laravel/framework/src/Illuminate/Foundation/Http/Kernel.php(175): Illuminate\\Pipeline\\Pipeline->then()
#52 /mnt/Felo/Courses/learing/PHP/Laravel/Gorge/vendor/laravel/framework/src/Illuminate/Foundation/Http/Kernel.php(144): Illuminate\\Foundation\\Http\\Kernel->sendRequestThroughRouter()
#53 /mnt/Felo/Courses/learing/PHP/Laravel/Gorge/vendor/laravel/framework/src/Illuminate/Foundation/Application.php(1220): Illuminate\\Foundation\\Http\\Kernel->handle()
#54 /mnt/Felo/Courses/learing/PHP/Laravel/Gorge/public/index.php(20): Illuminate\\Foundation\\Application->handleRequest()
#55 /mnt/Felo/Courses/learing/PHP/Laravel/Gorge/vendor/laravel/framework/src/Illuminate/Foundation/resources/server.php(23): require_once('...')
#56 {main}
"} 
[2026-07-16 21:07:40] local.ERROR: Class "App\Http\Resources\SessionResource" not found {"userId":1,"exception":"[object] (Error(code: 0): Class \"App\\Http\\Resources\\SessionResource\" not found at /mnt/Felo/Courses/learing/PHP/Laravel/Gorge/app/Http/Controllers/Admin/AdminSessionController.php:25)
[stacktrace]
#0 /mnt/Felo/Courses/learing/PHP/Laravel/Gorge/vendor/laravel/framework/src/Illuminate/Routing/Controller.php(54): App\\Http\\Controllers\\Admin\\AdminSessionController->store()
#1 /mnt/Felo/Courses/learing/PHP/Laravel/Gorge/vendor/laravel/framework/src/Illuminate/Routing/ControllerDispatcher.php(43): Illuminate\\Routing\\Controller->callAction()
#2 /mnt/Felo/Courses/learing/PHP/Laravel/Gorge/vendor/laravel/framework/src/Illuminate/Routing/Route.php(275): Illuminate\\Routing\\ControllerDispatcher->dispatch()
#3 /mnt/Felo/Courses/learing/PHP/Laravel/Gorge/vendor/laravel/framework/src/Illuminate/Routing/Route.php(215): Illuminate\\Routing\\Route->runController()
#4 /mnt/Felo/Courses/learing/PHP/Laravel/Gorge/vendor/laravel/framework/src/Illuminate/Routing/Router.php(822): Illuminate\\Routing\\Route->run()
#5 /mnt/Felo/Courses/learing/PHP/Laravel/Gorge/vendor/laravel/framework/src/Illuminate/Pipeline/Pipeline.php(180): Illuminate\\Routing\\Router->{closure:Illuminate\\Routing\\Router::runRouteWithinStack():821}()
#6 /mnt/Felo/Courses/learing/PHP/Laravel/Gorge/app/Http/Middleware/AdminMiddleware.php(22): Illuminate\\Pipeline\\Pipeline->{closure:Illuminate\\Pipeline\\Pipeline::prepareDestination():178}()
#7 /mnt/Felo/Courses/learing/PHP/Laravel/Gorge/vendor/laravel/framework/src/Illuminate/Pipeline/Pipeline.php(219): App\\Http\\Middleware\\AdminMiddleware->handle()
#8 /mnt/Felo/Courses/learing/PHP/Laravel/Gorge/app/Http/Middleware/SecurityHeadersMiddleware.php(17): Illuminate\\Pipeline\\Pipeline->{closure:{closure:Illuminate\\Pipeline\\Pipeline::carry():194}:195}()
#9 /mnt/Felo/Courses/learing/PHP/Laravel/Gorge/vendor/laravel/framework/src/Illuminate/Pipeline/Pipeline.php(219): App\\Http\\Middleware\\SecurityHeadersMiddleware->handle()
#10 /mnt/Felo/Courses/learing/PHP/Laravel/Gorge/vendor/laravel/framework/src/Illuminate/Routing/Middleware/SubstituteBindings.php(52): Illuminate\\Pipeline\\Pipeline->{closure:{closure:Illuminate\\Pipeline\\Pipeline::carry():194}:195}()
#11 /mnt/Felo/Courses/learing/PHP/Laravel/Gorge/vendor/laravel/framework/src/Illuminate/Pipeline/Pipeline.php(219): Illuminate\\Routing\\Middleware\\SubstituteBindings->handle()
#12 /mnt/Felo/Courses/learing/PHP/Laravel/Gorge/vendor/laravel/framework/src/Illuminate/Auth/Middleware/Authenticate.php(63): Illuminate\\Pipeline\\Pipeline->{closure:{closure:Illuminate\\Pipeline\\Pipeline::carry():194}:195}()
#13 /mnt/Felo/Courses/learing/PHP/Laravel/Gorge/vendor/laravel/framework/src/Illuminate/Pipeline/Pipeline.php(219): Illuminate\\Auth\\Middleware\\Authenticate->handle()
#14 /mnt/Felo/Courses/learing/PHP/Laravel/Gorge/vendor/laravel/framework/src/Illuminate/Foundation/Http/Middleware/PreventRequestForgery.php(104): Illuminate\\Pipeline\\Pipeline->{closure:{closure:Illuminate\\Pipeline\\Pipeline::carry():194}:195}()
#15 /mnt/Felo/Courses/learing/PHP/Laravel/Gorge/vendor/laravel/framework/src/Illuminate/Pipeline/Pipeline.php(219): Illuminate\\Foundation\\Http\\Middleware\\PreventRequestForgery->handle()
#16 /mnt/Felo/Courses/learing/PHP/Laravel/Gorge/vendor/laravel/framework/src/Illuminate/View/Middleware/ShareErrorsFromSession.php(48): Illuminate\\Pipeline\\Pipeline->{closure:{closure:Illuminate\\Pipeline\\Pipeline::carry():194}:195}()
#17 /mnt/Felo/Courses/learing/PHP/Laravel/Gorge/vendor/laravel/framework/src/Illuminate/Pipeline/Pipeline.php(219): Illuminate\\View\\Middleware\\ShareErrorsFromSession->handle()
#18 /mnt/Felo/Courses/learing/PHP/Laravel/Gorge/vendor/laravel/framework/src/Illuminate/Session/Middleware/StartSession.php(120): Illuminate\\Pipeline\\Pipeline->{closure:{closure:Illuminate\\Pipeline\\Pipeline::carry():194}:195}()
#19 /mnt/Felo/Courses/learing/PHP/Laravel/Gorge/vendor/laravel/framework/src/Illuminate/Session/Middleware/StartSession.php(63): Illuminate\\Session\\Middleware\\StartSession->handleStatefulRequest()
#20 /mnt/Felo/Courses/learing/PHP/Laravel/Gorge/vendor/laravel/framework/src/Illuminate/Pipeline/Pipeline.php(219): Illuminate\\Session\\Middleware\\StartSession->handle()
#21 /mnt/Felo/Courses/learing/PHP/Laravel/Gorge/vendor/laravel/framework/src/Illuminate/Cookie/Middleware/AddQueuedCookiesToResponse.php(36): Illuminate\\Pipeline\\Pipeline->{closure:{closure:Illuminate\\Pipeline\\Pipeline::carry():194}:195}()
#22 /mnt/Felo/Courses/learing/PHP/Laravel/Gorge/vendor/laravel/framework/src/Illuminate/Pipeline/Pipeline.php(219): Illuminate\\Cookie\\Middleware\\AddQueuedCookiesToResponse->handle()
#23 /mnt/Felo/Courses/learing/PHP/Laravel/Gorge/vendor/laravel/framework/src/Illuminate/Cookie/Middleware/EncryptCookies.php(74): Illuminate\\Pipeline\\Pipeline->{closure:{closure:Illuminate\\Pipeline\\Pipeline::carry():194}:195}()
#24 /mnt/Felo/Courses/learing/PHP/Laravel/Gorge/vendor/laravel/framework/src/Illuminate/Pipeline/Pipeline.php(219): Illuminate\\Cookie\\Middleware\\EncryptCookies->handle()
#25 /mnt/Felo/Courses/learing/PHP/Laravel/Gorge/vendor/laravel/framework/src/Illuminate/Pipeline/Pipeline.php(137): Illuminate\\Pipeline\\Pipeline->{closure:{closure:Illuminate\\Pipeline\\Pipeline::carry():194}:195}()
#26 /mnt/Felo/Courses/learing/PHP/Laravel/Gorge/vendor/laravel/framework/src/Illuminate/Routing/Router.php(821): Illuminate\\Pipeline\\Pipeline->then()
#27 /mnt/Felo/Courses/learing/PHP/Laravel/Gorge/vendor/laravel/framework/src/Illuminate/Routing/Router.php(800): Illuminate\\Routing\\Router->runRouteWithinStack()
#28 /mnt/Felo/Courses/learing/PHP/Laravel/Gorge/vendor/laravel/framework/src/Illuminate/Routing/Router.php(764): Illuminate\\Routing\\Router->runRoute()
#29 /mnt/Felo/Courses/learing/PHP/Laravel/Gorge/vendor/laravel/framework/src/Illuminate/Routing/Router.php(753): Illuminate\\Routing\\Router->dispatchToRoute()
#30 /mnt/Felo/Courses/learing/PHP/Laravel/Gorge/vendor/laravel/framework/src/Illuminate/Foundation/Http/Kernel.php(200): Illuminate\\Routing\\Router->dispatch()
#31 /mnt/Felo/Courses/learing/PHP/Laravel/Gorge/vendor/laravel/framework/src/Illuminate/Pipeline/Pipeline.php(180): Illuminate\\Foundation\\Http\\Kernel->{closure:Illuminate\\Foundation\\Http\\Kernel::dispatchToRouter():197}()
#32 /mnt/Felo/Courses/learing/PHP/Laravel/Gorge/vendor/laravel/framework/src/Illuminate/Foundation/Http/Middleware/TransformsRequest.php(21): Illuminate\\Pipeline\\Pipeline->{closure:Illuminate\\Pipeline\\Pipeline::prepareDestination():178}()
#33 /mnt/Felo/Courses/learing/PHP/Laravel/Gorge/vendor/laravel/framework/src/Illuminate/Foundation/Http/Middleware/ConvertEmptyStringsToNull.php(31): Illuminate\\Foundation\\Http\\Middleware\\TransformsRequest->handle()
#34 /mnt/Felo/Courses/learing/PHP/Laravel/Gorge/vendor/laravel/framework/src/Illuminate/Pipeline/Pipeline.php(219): Illuminate\\Foundation\\Http\\Middleware\\ConvertEmptyStringsToNull->handle()
#35 /mnt/Felo/Courses/learing/PHP/Laravel/Gorge/vendor/laravel/framework/src/Illuminate/Foundation/Http/Middleware/TransformsRequest.php(21): Illuminate\\Pipeline\\Pipeline->{closure:{closure:Illuminate\\Pipeline\\Pipeline::carry():194}:195}()
#36 /mnt/Felo/Courses/learing/PHP/Laravel/Gorge/vendor/laravel/framework/src/Illuminate/Foundation/Http/Middleware/TrimStrings.php(51): Illuminate\\Foundation\\Http\\Middleware\\TransformsRequest->handle()
#37 /mnt/Felo/Courses/learing/PHP/Laravel/Gorge/vendor/laravel/framework/src/Illuminate/Pipeline/Pipeline.php(219): Illuminate\\Foundation\\Http\\Middleware\\TrimStrings->handle()
#38 /mnt/Felo/Courses/learing/PHP/Laravel/Gorge/vendor/laravel/framework/src/Illuminate/Http/Middleware/ValidatePostSize.php(27): Illuminate\\Pipeline\\Pipeline->{closure:{closure:Illuminate\\Pipeline\\Pipeline::carry():194}:195}()
#39 /mnt/Felo/Courses/learing/PHP/Laravel/Gorge/vendor/laravel/framework/src/Illuminate/Pipeline/Pipeline.php(219): Illuminate\\Http\\Middleware\\ValidatePostSize->handle()
#40 /mnt/Felo/Courses/learing/PHP/Laravel/Gorge/vendor/laravel/framework/src/Illuminate/Foundation/Http/Middleware/PreventRequestsDuringMaintenance.php(109): Illuminate\\Pipeline\\Pipeline->{closure:{closure:Illuminate\\Pipeline\\Pipeline::carry():194}:195}()
#41 /mnt/Felo/Courses/learing/PHP/Laravel/Gorge/vendor/laravel/framework/src/Illuminate/Pipeline/Pipeline.php(219): Illuminate\\Foundation\\Http\\Middleware\\PreventRequestsDuringMaintenance->handle()
#42 /mnt/Felo/Courses/learing/PHP/Laravel/Gorge/vendor/laravel/framework/src/Illuminate/Http/Middleware/HandleCors.php(61): Illuminate\\Pipeline\\Pipeline->{closure:{closure:Illuminate\\Pipeline\\Pipeline::carry():194}:195}()
#43 /mnt/Felo/Courses/learing/PHP/Laravel/Gorge/vendor/laravel/framework/src/Illuminate/Pipeline/Pipeline.php(219): Illuminate\\Http\\Middleware\\HandleCors->handle()
#44 /mnt/Felo/Courses/learing/PHP/Laravel/Gorge/vendor/laravel/framework/src/Illuminate/Http/Middleware/TrustProxies.php(58): Illuminate\\Pipeline\\Pipeline->{closure:{closure:Illuminate\\Pipeline\\Pipeline::carry():194}:195}()
#45 /mnt/Felo/Courses/learing/PHP/Laravel/Gorge/vendor/laravel/framework/src/Illuminate/Pipeline/Pipeline.php(219): Illuminate\\Http\\Middleware\\TrustProxies->handle()
#46 /mnt/Felo/Courses/learing/PHP/Laravel/Gorge/vendor/laravel/framework/src/Illuminate/Foundation/Http/Middleware/InvokeDeferredCallbacks.php(22): Illuminate\\Pipeline\\Pipeline->{closure:{closure:Illuminate\\Pipeline\\Pipeline::carry():194}:195}()
#47 /mnt/Felo/Courses/learing/PHP/Laravel/Gorge/vendor/laravel/framework/src/Illuminate/Pipeline/Pipeline.php(219): Illuminate\\Foundation\\Http\\Middleware\\InvokeDeferredCallbacks->handle()
#48 /mnt/Felo/Courses/learing/PHP/Laravel/Gorge/vendor/laravel/framework/src/Illuminate/Http/Middleware/ValidatePathEncoding.php(28): Illuminate\\Pipeline\\Pipeline->{closure:{closure:Illuminate\\Pipeline\\Pipeline::carry():194}:195}()
#49 /mnt/Felo/Courses/learing/PHP/Laravel/Gorge/vendor/laravel/framework/src/Illuminate/Pipeline/Pipeline.php(219): Illuminate\\Http\\Middleware\\ValidatePathEncoding->handle()
#50 /mnt/Felo/Courses/learing/PHP/Laravel/Gorge/vendor/laravel/framework/src/Illuminate/Pipeline/Pipeline.php(137): Illuminate\\Pipeline\\Pipeline->{closure:{closure:Illuminate\\Pipeline\\Pipeline::carry():194}:195}()
#51 /mnt/Felo/Courses/learing/PHP/Laravel/Gorge/vendor/laravel/framework/src/Illuminate/Foundation/Http/Kernel.php(175): Illuminate\\Pipeline\\Pipeline->then()
#52 /mnt/Felo/Courses/learing/PHP/Laravel/Gorge/vendor/laravel/framework/src/Illuminate/Foundation/Http/Kernel.php(144): Illuminate\\Foundation\\Http\\Kernel->sendRequestThroughRouter()
#53 /mnt/Felo/Courses/learing/PHP/Laravel/Gorge/vendor/laravel/framework/src/Illuminate/Foundation/Application.php(1220): Illuminate\\Foundation\\Http\\Kernel->handle()
#54 /mnt/Felo/Courses/learing/PHP/Laravel/Gorge/public/index.php(20): Illuminate\\Foundation\\Application->handleRequest()
#55 /mnt/Felo/Courses/learing/PHP/Laravel/Gorge/vendor/laravel/framework/src/Illuminate/Foundation/resources/server.php(23): require_once('...')
#56 {main}
"} 
[2026-07-16 21:07:40] local.ERROR: Class "App\Http\Resources\SessionResource" not found {"userId":1,"exception":"[object] (Error(code: 0): Class \"App\\Http\\Resources\\SessionResource\" not found at /mnt/Felo/Courses/learing/PHP/Laravel/Gorge/app/Http/Controllers/Admin/AdminSessionController.php:25)
[stacktrace]
#0 /mnt/Felo/Courses/learing/PHP/Laravel/Gorge/vendor/laravel/framework/src/Illuminate/Routing/Controller.php(54): App\\Http\\Controllers\\Admin\\AdminSessionController->store()
#1 /mnt/Felo/Courses/learing/PHP/Laravel/Gorge/vendor/laravel/framework/src/Illuminate/Routing/ControllerDispatcher.php(43): Illuminate\\Routing\\Controller->callAction()
#2 /mnt/Felo/Courses/learing/PHP/Laravel/Gorge/vendor/laravel/framework/src/Illuminate/Routing/Route.php(275): Illuminate\\Routing\\ControllerDispatcher->dispatch()
#3 /mnt/Felo/Courses/learing/PHP/Laravel/Gorge/vendor/laravel/framework/src/Illuminate/Routing/Route.php(215): Illuminate\\Routing\\Route->runController()
#4 /mnt/Felo/Courses/learing/PHP/Laravel/Gorge/vendor/laravel/framework/src/Illuminate/Routing/Router.php(822): Illuminate\\Routing\\Route->run()
#5 /mnt/Felo/Courses/learing/PHP/Laravel/Gorge/vendor/laravel/framework/src/Illuminate/Pipeline/Pipeline.php(180): Illuminate\\Routing\\Router->{closure:Illuminate\\Routing\\Router::runRouteWithinStack():821}()
#6 /mnt/Felo/Courses/learing/PHP/Laravel/Gorge/app/Http/Middleware/AdminMiddleware.php(22): Illuminate\\Pipeline\\Pipeline->{closure:Illuminate\\Pipeline\\Pipeline::prepareDestination():178}()
#7 /mnt/Felo/Courses/learing/PHP/Laravel/Gorge/vendor/laravel/framework/src/Illuminate/Pipeline/Pipeline.php(219): App\\Http\\Middleware\\AdminMiddleware->handle()
#8 /mnt/Felo/Courses/learing/PHP/Laravel/Gorge/app/Http/Middleware/SecurityHeadersMiddleware.php(17): Illuminate\\Pipeline\\Pipeline->{closure:{closure:Illuminate\\Pipeline\\Pipeline::carry():194}:195}()
#9 /mnt/Felo/Courses/learing/PHP/Laravel/Gorge/vendor/laravel/framework/src/Illuminate/Pipeline/Pipeline.php(219): App\\Http\\Middleware\\SecurityHeadersMiddleware->handle()
#10 /mnt/Felo/Courses/learing/PHP/Laravel/Gorge/vendor/laravel/framework/src/Illuminate/Routing/Middleware/SubstituteBindings.php(52): Illuminate\\Pipeline\\Pipeline->{closure:{closure:Illuminate\\Pipeline\\Pipeline::carry():194}:195}()
#11 /mnt/Felo/Courses/learing/PHP/Laravel/Gorge/vendor/laravel/framework/src/Illuminate/Pipeline/Pipeline.php(219): Illuminate\\Routing\\Middleware\\SubstituteBindings->handle()
#12 /mnt/Felo/Courses/learing/PHP/Laravel/Gorge/vendor/laravel/framework/src/Illuminate/Auth/Middleware/Authenticate.php(63): Illuminate\\Pipeline\\Pipeline->{closure:{closure:Illuminate\\Pipeline\\Pipeline::carry():194}:195}()
#13 /mnt/Felo/Courses/learing/PHP/Laravel/Gorge/vendor/laravel/framework/src/Illuminate/Pipeline/Pipeline.php(219): Illuminate\\Auth\\Middleware\\Authenticate->handle()
#14 /mnt/Felo/Courses/learing/PHP/Laravel/Gorge/vendor/laravel/framework/src/Illuminate/Foundation/Http/Middleware/PreventRequestForgery.php(104): Illuminate\\Pipeline\\Pipeline->{closure:{closure:Illuminate\\Pipeline\\Pipeline::carry():194}:195}()
#15 /mnt/Felo/Courses/learing/PHP/Laravel/Gorge/vendor/laravel/framework/src/Illuminate/Pipeline/Pipeline.php(219): Illuminate\\Foundation\\Http\\Middleware\\PreventRequestForgery->handle()
#16 /mnt/Felo/Courses/learing/PHP/Laravel/Gorge/vendor/laravel/framework/src/Illuminate/View/Middleware/ShareErrorsFromSession.php(48): Illuminate\\Pipeline\\Pipeline->{closure:{closure:Illuminate\\Pipeline\\Pipeline::carry():194}:195}()
#17 /mnt/Felo/Courses/learing/PHP/Laravel/Gorge/vendor/laravel/framework/src/Illuminate/Pipeline/Pipeline.php(219): Illuminate\\View\\Middleware\\ShareErrorsFromSession->handle()
#18 /mnt/Felo/Courses/learing/PHP/Laravel/Gorge/vendor/laravel/framework/src/Illuminate/Session/Middleware/StartSession.php(120): Illuminate\\Pipeline\\Pipeline->{closure:{closure:Illuminate\\Pipeline\\Pipeline::carry():194}:195}()
#19 /mnt/Felo/Courses/learing/PHP/Laravel/Gorge/vendor/laravel/framework/src/Illuminate/Session/Middleware/StartSession.php(63): Illuminate\\Session\\Middleware\\StartSession->handleStatefulRequest()
#20 /mnt/Felo/Courses/learing/PHP/Laravel/Gorge/vendor/laravel/framework/src/Illuminate/Pipeline/Pipeline.php(219): Illuminate\\Session\\Middleware\\StartSession->handle()
#21 /mnt/Felo/Courses/learing/PHP/Laravel/Gorge/vendor/laravel/framework/src/Illuminate/Cookie/Middleware/AddQueuedCookiesToResponse.php(36): Illuminate\\Pipeline\\Pipeline->{closure:{closure:Illuminate\\Pipeline\\Pipeline::carry():194}:195}()
#22 /mnt/Felo/Courses/learing/PHP/Laravel/Gorge/vendor/laravel/framework/src/Illuminate/Pipeline/Pipeline.php(219): Illuminate\\Cookie\\Middleware\\AddQueuedCookiesToResponse->handle()
#23 /mnt/Felo/Courses/learing/PHP/Laravel/Gorge/vendor/laravel/framework/src/Illuminate/Cookie/Middleware/EncryptCookies.php(74): Illuminate\\Pipeline\\Pipeline->{closure:{closure:Illuminate\\Pipeline\\Pipeline::carry():194}:195}()
#24 /mnt/Felo/Courses/learing/PHP/Laravel/Gorge/vendor/laravel/framework/src/Illuminate/Pipeline/Pipeline.php(219): Illuminate\\Cookie\\Middleware\\EncryptCookies->handle()
#25 /mnt/Felo/Courses/learing/PHP/Laravel/Gorge/vendor/laravel/framework/src/Illuminate/Pipeline/Pipeline.php(137): Illuminate\\Pipeline\\Pipeline->{closure:{closure:Illuminate\\Pipeline\\Pipeline::carry():194}:195}()
#26 /mnt/Felo/Courses/learing/PHP/Laravel/Gorge/vendor/laravel/framework/src/Illuminate/Routing/Router.php(821): Illuminate\\Pipeline\\Pipeline->then()
#27 /mnt/Felo/Courses/learing/PHP/Laravel/Gorge/vendor/laravel/framework/src/Illuminate/Routing/Router.php(800): Illuminate\\Routing\\Router->runRouteWithinStack()
#28 /mnt/Felo/Courses/learing/PHP/Laravel/Gorge/vendor/laravel/framework/src/Illuminate/Routing/Router.php(764): Illuminate\\Routing\\Router->runRoute()
#29 /mnt/Felo/Courses/learing/PHP/Laravel/Gorge/vendor/laravel/framework/src/Illuminate/Routing/Router.php(753): Illuminate\\Routing\\Router->dispatchToRoute()
#30 /mnt/Felo/Courses/learing/PHP/Laravel/Gorge/vendor/laravel/framework/src/Illuminate/Foundation/Http/Kernel.php(200): Illuminate\\Routing\\Router->dispatch()
#31 /mnt/Felo/Courses/learing/PHP/Laravel/Gorge/vendor/laravel/framework/src/Illuminate/Pipeline/Pipeline.php(180): Illuminate\\Foundation\\Http\\Kernel->{closure:Illuminate\\Foundation\\Http\\Kernel::dispatchToRouter():197}()
#32 /mnt/Felo/Courses/learing/PHP/Laravel/Gorge/vendor/laravel/framework/src/Illuminate/Foundation/Http/Middleware/TransformsRequest.php(21): Illuminate\\Pipeline\\Pipeline->{closure:Illuminate\\Pipeline\\Pipeline::prepareDestination():178}()
#33 /mnt/Felo/Courses/learing/PHP/Laravel/Gorge/vendor/laravel/framework/src/Illuminate/Foundation/Http/Middleware/ConvertEmptyStringsToNull.php(31): Illuminate\\Foundation\\Http\\Middleware\\TransformsRequest->handle()
#34 /mnt/Felo/Courses/learing/PHP/Laravel/Gorge/vendor/laravel/framework/src/Illuminate/Pipeline/Pipeline.php(219): Illuminate\\Foundation\\Http\\Middleware\\ConvertEmptyStringsToNull->handle()
#35 /mnt/Felo/Courses/learing/PHP/Laravel/Gorge/vendor/laravel/framework/src/Illuminate/Foundation/Http/Middleware/TransformsRequest.php(21): Illuminate\\Pipeline\\Pipeline->{closure:{closure:Illuminate\\Pipeline\\Pipeline::carry():194}:195}()
#36 /mnt/Felo/Courses/learing/PHP/Laravel/Gorge/vendor/laravel/framework/src/Illuminate/Foundation/Http/Middleware/TrimStrings.php(51): Illuminate\\Foundation\\Http\\Middleware\\TransformsRequest->handle()
#37 /mnt/Felo/Courses/learing/PHP/Laravel/Gorge/vendor/laravel/framework/src/Illuminate/Pipeline/Pipeline.php(219): Illuminate\\Foundation\\Http\\Middleware\\TrimStrings->handle()
#38 /mnt/Felo/Courses/learing/PHP/Laravel/Gorge/vendor/laravel/framework/src/Illuminate/Http/Middleware/ValidatePostSize.php(27): Illuminate\\Pipeline\\Pipeline->{closure:{closure:Illuminate\\Pipeline\\Pipeline::carry():194}:195}()
#39 /mnt/Felo/Courses/learing/PHP/Laravel/Gorge/vendor/laravel/framework/src/Illuminate/Pipeline/Pipeline.php(219): Illuminate\\Http\\Middleware\\ValidatePostSize->handle()
#40 /mnt/Felo/Courses/learing/PHP/Laravel/Gorge/vendor/laravel/framework/src/Illuminate/Foundation/Http/Middleware/PreventRequestsDuringMaintenance.php(109): Illuminate\\Pipeline\\Pipeline->{closure:{closure:Illuminate\\Pipeline\\Pipeline::carry():194}:195}()
#41 /mnt/Felo/Courses/learing/PHP/Laravel/Gorge/vendor/laravel/framework/src/Illuminate/Pipeline/Pipeline.php(219): Illuminate\\Foundation\\Http\\Middleware\\PreventRequestsDuringMaintenance->handle()
#42 /mnt/Felo/Courses/learing/PHP/Laravel/Gorge/vendor/laravel/framework/src/Illuminate/Http/Middleware/HandleCors.php(61): Illuminate\\Pipeline\\Pipeline->{closure:{closure:Illuminate\\Pipeline\\Pipeline::carry():194}:195}()
#43 /mnt/Felo/Courses/learing/PHP/Laravel/Gorge/vendor/laravel/framework/src/Illuminate/Pipeline/Pipeline.php(219): Illuminate\\Http\\Middleware\\HandleCors->handle()
#44 /mnt/Felo/Courses/learing/PHP/Laravel/Gorge/vendor/laravel/framework/src/Illuminate/Http/Middleware/TrustProxies.php(58): Illuminate\\Pipeline\\Pipeline->{closure:{closure:Illuminate\\Pipeline\\Pipeline::carry():194}:195}()
#45 /mnt/Felo/Courses/learing/PHP/Laravel/Gorge/vendor/laravel/framework/src/Illuminate/Pipeline/Pipeline.php(219): Illuminate\\Http\\Middleware\\TrustProxies->handle()
#46 /mnt/Felo/Courses/learing/PHP/Laravel/Gorge/vendor/laravel/framework/src/Illuminate/Foundation/Http/Middleware/InvokeDeferredCallbacks.php(22): Illuminate\\Pipeline\\Pipeline->{closure:{closure:Illuminate\\Pipeline\\Pipeline::carry():194}:195}()
#47 /mnt/Felo/Courses/learing/PHP/Laravel/Gorge/vendor/laravel/framework/src/Illuminate/Pipeline/Pipeline.php(219): Illuminate\\Foundation\\Http\\Middleware\\InvokeDeferredCallbacks->handle()
#48 /mnt/Felo/Courses/learing/PHP/Laravel/Gorge/vendor/laravel/framework/src/Illuminate/Http/Middleware/ValidatePathEncoding.php(28): Illuminate\\Pipeline\\Pipeline->{closure:{closure:Illuminate\\Pipeline\\Pipeline::carry():194}:195}()
#49 /mnt/Felo/Courses/learing/PHP/Laravel/Gorge/vendor/laravel/framework/src/Illuminate/Pipeline/Pipeline.php(219): Illuminate\\Http\\Middleware\\ValidatePathEncoding->handle()
#50 /mnt/Felo/Courses/learing/PHP/Laravel/Gorge/vendor/laravel/framework/src/Illuminate/Pipeline/Pipeline.php(137): Illuminate\\Pipeline\\Pipeline->{closure:{closure:Illuminate\\Pipeline\\Pipeline::carry():194}:195}()
#51 /mnt/Felo/Courses/learing/PHP/Laravel/Gorge/vendor/laravel/framework/src/Illuminate/Foundation/Http/Kernel.php(175): Illuminate\\Pipeline\\Pipeline->then()
#52 /mnt/Felo/Courses/learing/PHP/Laravel/Gorge/vendor/laravel/framework/src/Illuminate/Foundation/Http/Kernel.php(144): Illuminate\\Foundation\\Http\\Kernel->sendRequestThroughRouter()
#53 /mnt/Felo/Courses/learing/PHP/Laravel/Gorge/vendor/laravel/framework/src/Illuminate/Foundation/Application.php(1220): Illuminate\\Foundation\\Http\\Kernel->handle()
#54 /mnt/Felo/Courses/learing/PHP/Laravel/Gorge/public/index.php(20): Illuminate\\Foundation\\Application->handleRequest()
#55 /mnt/Felo/Courses/learing/PHP/Laravel/Gorge/vendor/laravel/framework/src/Illuminate/Foundation/resources/server.php(23): require_once('...')
#56 {main}
"} 
[2026-07-16 21:07:40] local.ERROR: Class "App\Http\Resources\SessionResource" not found {"userId":1,"exception":"[object] (Error(code: 0): Class \"App\\Http\\Resources\\SessionResource\" not found at /mnt/Felo/Courses/learing/PHP/Laravel/Gorge/app/Http/Controllers/Admin/AdminSessionController.php:25)
[stacktrace]
#0 /mnt/Felo/Courses/learing/PHP/Laravel/Gorge/vendor/laravel/framework/src/Illuminate/Routing/Controller.php(54): App\\Http\\Controllers\\Admin\\AdminSessionController->store()
#1 /mnt/Felo/Courses/learing/PHP/Laravel/Gorge/vendor/laravel/framework/src/Illuminate/Routing/ControllerDispatcher.php(43): Illuminate\\Routing\\Controller->callAction()
#2 /mnt/Felo/Courses/learing/PHP/Laravel/Gorge/vendor/laravel/framework/src/Illuminate/Routing/Route.php(275): Illuminate\\Routing\\ControllerDispatcher->dispatch()
#3 /mnt/Felo/Courses/learing/PHP/Laravel/Gorge/vendor/laravel/framework/src/Illuminate/Routing/Route.php(215): Illuminate\\Routing\\Route->runController()
#4 /mnt/Felo/Courses/learing/PHP/Laravel/Gorge/vendor/laravel/framework/src/Illuminate/Routing/Router.php(822): Illuminate\\Routing\\Route->run()
#5 /mnt/Felo/Courses/learing/PHP/Laravel/Gorge/vendor/laravel/framework/src/Illuminate/Pipeline/Pipeline.php(180): Illuminate\\Routing\\Router->{closure:Illuminate\\Routing\\Router::runRouteWithinStack():821}()
#6 /mnt/Felo/Courses/learing/PHP/Laravel/Gorge/app/Http/Middleware/AdminMiddleware.php(22): Illuminate\\Pipeline\\Pipeline->{closure:Illuminate\\Pipeline\\Pipeline::prepareDestination():178}()
#7 /mnt/Felo/Courses/learing/PHP/Laravel/Gorge/vendor/laravel/framework/src/Illuminate/Pipeline/Pipeline.php(219): App\\Http\\Middleware\\AdminMiddleware->handle()
#8 /mnt/Felo/Courses/learing/PHP/Laravel/Gorge/app/Http/Middleware/SecurityHeadersMiddleware.php(17): Illuminate\\Pipeline\\Pipeline->{closure:{closure:Illuminate\\Pipeline\\Pipeline::carry():194}:195}()
#9 /mnt/Felo/Courses/learing/PHP/Laravel/Gorge/vendor/laravel/framework/src/Illuminate/Pipeline/Pipeline.php(219): App\\Http\\Middleware\\SecurityHeadersMiddleware->handle()
#10 /mnt/Felo/Courses/learing/PHP/Laravel/Gorge/vendor/laravel/framework/src/Illuminate/Routing/Middleware/SubstituteBindings.php(52): Illuminate\\Pipeline\\Pipeline->{closure:{closure:Illuminate\\Pipeline\\Pipeline::carry():194}:195}()
#11 /mnt/Felo/Courses/learing/PHP/Laravel/Gorge/vendor/laravel/framework/src/Illuminate/Pipeline/Pipeline.php(219): Illuminate\\Routing\\Middleware\\SubstituteBindings->handle()
#12 /mnt/Felo/Courses/learing/PHP/Laravel/Gorge/vendor/laravel/framework/src/Illuminate/Auth/Middleware/Authenticate.php(63): Illuminate\\Pipeline\\Pipeline->{closure:{closure:Illuminate\\Pipeline\\Pipeline::carry():194}:195}()
#13 /mnt/Felo/Courses/learing/PHP/Laravel/Gorge/vendor/laravel/framework/src/Illuminate/Pipeline/Pipeline.php(219): Illuminate\\Auth\\Middleware\\Authenticate->handle()
#14 /mnt/Felo/Courses/learing/PHP/Laravel/Gorge/vendor/laravel/framework/src/Illuminate/Foundation/Http/Middleware/PreventRequestForgery.php(104): Illuminate\\Pipeline\\Pipeline->{closure:{closure:Illuminate\\Pipeline\\Pipeline::carry():194}:195}()
#15 /mnt/Felo/Courses/learing/PHP/Laravel/Gorge/vendor/laravel/framework/src/Illuminate/Pipeline/Pipeline.php(219): Illuminate\\Foundation\\Http\\Middleware\\PreventRequestForgery->handle()
#16 /mnt/Felo/Courses/learing/PHP/Laravel/Gorge/vendor/laravel/framework/src/Illuminate/View/Middleware/ShareErrorsFromSession.php(48): Illuminate\\Pipeline\\Pipeline->{closure:{closure:Illuminate\\Pipeline\\Pipeline::carry():194}:195}()
#17 /mnt/Felo/Courses/learing/PHP/Laravel/Gorge/vendor/laravel/framework/src/Illuminate/Pipeline/Pipeline.php(219): Illuminate\\View\\Middleware\\ShareErrorsFromSession->handle()
#18 /mnt/Felo/Courses/learing/PHP/Laravel/Gorge/vendor/laravel/framework/src/Illuminate/Session/Middleware/StartSession.php(120): Illuminate\\Pipeline\\Pipeline->{closure:{closure:Illuminate\\Pipeline\\Pipeline::carry():194}:195}()
#19 /mnt/Felo/Courses/learing/PHP/Laravel/Gorge/vendor/laravel/framework/src/Illuminate/Session/Middleware/StartSession.php(63): Illuminate\\Session\\Middleware\\StartSession->handleStatefulRequest()
#20 /mnt/Felo/Courses/learing/PHP/Laravel/Gorge/vendor/laravel/framework/src/Illuminate/Pipeline/Pipeline.php(219): Illuminate\\Session\\Middleware\\StartSession->handle()
#21 /mnt/Felo/Courses/learing/PHP/Laravel/Gorge/vendor/laravel/framework/src/Illuminate/Cookie/Middleware/AddQueuedCookiesToResponse.php(36): Illuminate\\Pipeline\\Pipeline->{closure:{closure:Illuminate\\Pipeline\\Pipeline::carry():194}:195}()
#22 /mnt/Felo/Courses/learing/PHP/Laravel/Gorge/vendor/laravel/framework/src/Illuminate/Pipeline/Pipeline.php(219): Illuminate\\Cookie\\Middleware\\AddQueuedCookiesToResponse->handle()
#23 /mnt/Felo/Courses/learing/PHP/Laravel/Gorge/vendor/laravel/framework/src/Illuminate/Cookie/Middleware/EncryptCookies.php(74): Illuminate\\Pipeline\\Pipeline->{closure:{closure:Illuminate\\Pipeline\\Pipeline::carry():194}:195}()
#24 /mnt/Felo/Courses/learing/PHP/Laravel/Gorge/vendor/laravel/framework/src/Illuminate/Pipeline/Pipeline.php(219): Illuminate\\Cookie\\Middleware\\EncryptCookies->handle()
#25 /mnt/Felo/Courses/learing/PHP/Laravel/Gorge/vendor/laravel/framework/src/Illuminate/Pipeline/Pipeline.php(137): Illuminate\\Pipeline\\Pipeline->{closure:{closure:Illuminate\\Pipeline\\Pipeline::carry():194}:195}()
#26 /mnt/Felo/Courses/learing/PHP/Laravel/Gorge/vendor/laravel/framework/src/Illuminate/Routing/Router.php(821): Illuminate\\Pipeline\\Pipeline->then()
#27 /mnt/Felo/Courses/learing/PHP/Laravel/Gorge/vendor/laravel/framework/src/Illuminate/Routing/Router.php(800): Illuminate\\Routing\\Router->runRouteWithinStack()
#28 /mnt/Felo/Courses/learing/PHP/Laravel/Gorge/vendor/laravel/framework/src/Illuminate/Routing/Router.php(764): Illuminate\\Routing\\Router->runRoute()
#29 /mnt/Felo/Courses/learing/PHP/Laravel/Gorge/vendor/laravel/framework/src/Illuminate/Routing/Router.php(753): Illuminate\\Routing\\Router->dispatchToRoute()
#30 /mnt/Felo/Courses/learing/PHP/Laravel/Gorge/vendor/laravel/framework/src/Illuminate/Foundation/Http/Kernel.php(200): Illuminate\\Routing\\Router->dispatch()
#31 /mnt/Felo/Courses/learing/PHP/Laravel/Gorge/vendor/laravel/framework/src/Illuminate/Pipeline/Pipeline.php(180): Illuminate\\Foundation\\Http\\Kernel->{closure:Illuminate\\Foundation\\Http\\Kernel::dispatchToRouter():197}()
#32 /mnt/Felo/Courses/learing/PHP/Laravel/Gorge/vendor/laravel/framework/src/Illuminate/Foundation/Http/Middleware/TransformsRequest.php(21): Illuminate\\Pipeline\\Pipeline->{closure:Illuminate\\Pipeline\\Pipeline::prepareDestination():178}()
#33 /mnt/Felo/Courses/learing/PHP/Laravel/Gorge/vendor/laravel/framework/src/Illuminate/Foundation/Http/Middleware/ConvertEmptyStringsToNull.php(31): Illuminate\\Foundation\\Http\\Middleware\\TransformsRequest->handle()
#34 /mnt/Felo/Courses/learing/PHP/Laravel/Gorge/vendor/laravel/framework/src/Illuminate/Pipeline/Pipeline.php(219): Illuminate\\Foundation\\Http\\Middleware\\ConvertEmptyStringsToNull->handle()
#35 /mnt/Felo/Courses/learing/PHP/Laravel/Gorge/vendor/laravel/framework/src/Illuminate/Foundation/Http/Middleware/TransformsRequest.php(21): Illuminate\\Pipeline\\Pipeline->{closure:{closure:Illuminate\\Pipeline\\Pipeline::carry():194}:195}()
#36 /mnt/Felo/Courses/learing/PHP/Laravel/Gorge/vendor/laravel/framework/src/Illuminate/Foundation/Http/Middleware/TrimStrings.php(51): Illuminate\\Foundation\\Http\\Middleware\\TransformsRequest->handle()
#37 /mnt/Felo/Courses/learing/PHP/Laravel/Gorge/vendor/laravel/framework/src/Illuminate/Pipeline/Pipeline.php(219): Illuminate\\Foundation\\Http\\Middleware\\TrimStrings->handle()
#38 /mnt/Felo/Courses/learing/PHP/Laravel/Gorge/vendor/laravel/framework/src/Illuminate/Http/Middleware/ValidatePostSize.php(27): Illuminate\\Pipeline\\Pipeline->{closure:{closure:Illuminate\\Pipeline\\Pipeline::carry():194}:195}()
#39 /mnt/Felo/Courses/learing/PHP/Laravel/Gorge/vendor/laravel/framework/src/Illuminate/Pipeline/Pipeline.php(219): Illuminate\\Http\\Middleware\\ValidatePostSize->handle()
#40 /mnt/Felo/Courses/learing/PHP/Laravel/Gorge/vendor/laravel/framework/src/Illuminate/Foundation/Http/Middleware/PreventRequestsDuringMaintenance.php(109): Illuminate\\Pipeline\\Pipeline->{closure:{closure:Illuminate\\Pipeline\\Pipeline::carry():194}:195}()
#41 /mnt/Felo/Courses/learing/PHP/Laravel/Gorge/vendor/laravel/framework/src/Illuminate/Pipeline/Pipeline.php(219): Illuminate\\Foundation\\Http\\Middleware\\PreventRequestsDuringMaintenance->handle()
#42 /mnt/Felo/Courses/learing/PHP/Laravel/Gorge/vendor/laravel/framework/src/Illuminate/Http/Middleware/HandleCors.php(61): Illuminate\\Pipeline\\Pipeline->{closure:{closure:Illuminate\\Pipeline\\Pipeline::carry():194}:195}()
#43 /mnt/Felo/Courses/learing/PHP/Laravel/Gorge/vendor/laravel/framework/src/Illuminate/Pipeline/Pipeline.php(219): Illuminate\\Http\\Middleware\\HandleCors->handle()
#44 /mnt/Felo/Courses/learing/PHP/Laravel/Gorge/vendor/laravel/framework/src/Illuminate/Http/Middleware/TrustProxies.php(58): Illuminate\\Pipeline\\Pipeline->{closure:{closure:Illuminate\\Pipeline\\Pipeline::carry():194}:195}()
#45 /mnt/Felo/Courses/learing/PHP/Laravel/Gorge/vendor/laravel/framework/src/Illuminate/Pipeline/Pipeline.php(219): Illuminate\\Http\\Middleware\\TrustProxies->handle()
#46 /mnt/Felo/Courses/learing/PHP/Laravel/Gorge/vendor/laravel/framework/src/Illuminate/Foundation/Http/Middleware/InvokeDeferredCallbacks.php(22): Illuminate\\Pipeline\\Pipeline->{closure:{closure:Illuminate\\Pipeline\\Pipeline::carry():194}:195}()
#47 /mnt/Felo/Courses/learing/PHP/Laravel/Gorge/vendor/laravel/framework/src/Illuminate/Pipeline/Pipeline.php(219): Illuminate\\Foundation\\Http\\Middleware\\InvokeDeferredCallbacks->handle()
#48 /mnt/Felo/Courses/learing/PHP/Laravel/Gorge/vendor/laravel/framework/src/Illuminate/Http/Middleware/ValidatePathEncoding.php(28): Illuminate\\Pipeline\\Pipeline->{closure:{closure:Illuminate\\Pipeline\\Pipeline::carry():194}:195}()
#49 /mnt/Felo/Courses/learing/PHP/Laravel/Gorge/vendor/laravel/framework/src/Illuminate/Pipeline/Pipeline.php(219): Illuminate\\Http\\Middleware\\ValidatePathEncoding->handle()
#50 /mnt/Felo/Courses/learing/PHP/Laravel/Gorge/vendor/laravel/framework/src/Illuminate/Pipeline/Pipeline.php(137): Illuminate\\Pipeline\\Pipeline->{closure:{closure:Illuminate\\Pipeline\\Pipeline::carry():194}:195}()
#51 /mnt/Felo/Courses/learing/PHP/Laravel/Gorge/vendor/laravel/framework/src/Illuminate/Foundation/Http/Kernel.php(175): Illuminate\\Pipeline\\Pipeline->then()
#52 /mnt/Felo/Courses/learing/PHP/Laravel/Gorge/vendor/laravel/framework/src/Illuminate/Foundation/Http/Kernel.php(144): Illuminate\\Foundation\\Http\\Kernel->sendRequestThroughRouter()
#53 /mnt/Felo/Courses/learing/PHP/Laravel/Gorge/vendor/laravel/framework/src/Illuminate/Foundation/Application.php(1220): Illuminate\\Foundation\\Http\\Kernel->handle()
#54 /mnt/Felo/Courses/learing/PHP/Laravel/Gorge/public/index.php(20): Illuminate\\Foundation\\Application->handleRequest()
#55 /mnt/Felo/Courses/learing/PHP/Laravel/Gorge/vendor/laravel/framework/src/Illuminate/Foundation/resources/server.php(23): require_once('...')
#56 {main}
"} 
[2026-07-16 21:07:41] local.ERROR: Class "App\Http\Resources\SessionResource" not found {"userId":1,"exception":"[object] (Error(code: 0): Class \"App\\Http\\Resources\\SessionResource\" not found at /mnt/Felo/Courses/learing/PHP/Laravel/Gorge/app/Http/Controllers/Admin/AdminSessionController.php:25)
[stacktrace]
#0 /mnt/Felo/Courses/learing/PHP/Laravel/Gorge/vendor/laravel/framework/src/Illuminate/Routing/Controller.php(54): App\\Http\\Controllers\\Admin\\AdminSessionController->store()
#1 /mnt/Felo/Courses/learing/PHP/Laravel/Gorge/vendor/laravel/framework/src/Illuminate/Routing/ControllerDispatcher.php(43): Illuminate\\Routing\\Controller->callAction()
#2 /mnt/Felo/Courses/learing/PHP/Laravel/Gorge/vendor/laravel/framework/src/Illuminate/Routing/Route.php(275): Illuminate\\Routing\\ControllerDispatcher->dispatch()
#3 /mnt/Felo/Courses/learing/PHP/Laravel/Gorge/vendor/laravel/framework/src/Illuminate/Routing/Route.php(215): Illuminate\\Routing\\Route->runController()
#4 /mnt/Felo/Courses/learing/PHP/Laravel/Gorge/vendor/laravel/framework/src/Illuminate/Routing/Router.php(822): Illuminate\\Routing\\Route->run()
#5 /mnt/Felo/Courses/learing/PHP/Laravel/Gorge/vendor/laravel/framework/src/Illuminate/Pipeline/Pipeline.php(180): Illuminate\\Routing\\Router->{closure:Illuminate\\Routing\\Router::runRouteWithinStack():821}()
#6 /mnt/Felo/Courses/learing/PHP/Laravel/Gorge/app/Http/Middleware/AdminMiddleware.php(22): Illuminate\\Pipeline\\Pipeline->{closure:Illuminate\\Pipeline\\Pipeline::prepareDestination():178}()
#7 /mnt/Felo/Courses/learing/PHP/Laravel/Gorge/vendor/laravel/framework/src/Illuminate/Pipeline/Pipeline.php(219): App\\Http\\Middleware\\AdminMiddleware->handle()
#8 /mnt/Felo/Courses/learing/PHP/Laravel/Gorge/app/Http/Middleware/SecurityHeadersMiddleware.php(17): Illuminate\\Pipeline\\Pipeline->{closure:{closure:Illuminate\\Pipeline\\Pipeline::carry():194}:195}()
#9 /mnt/Felo/Courses/learing/PHP/Laravel/Gorge/vendor/laravel/framework/src/Illuminate/Pipeline/Pipeline.php(219): App\\Http\\Middleware\\SecurityHeadersMiddleware->handle()
#10 /mnt/Felo/Courses/learing/PHP/Laravel/Gorge/vendor/laravel/framework/src/Illuminate/Routing/Middleware/SubstituteBindings.php(52): Illuminate\\Pipeline\\Pipeline->{closure:{closure:Illuminate\\Pipeline\\Pipeline::carry():194}:195}()
#11 /mnt/Felo/Courses/learing/PHP/Laravel/Gorge/vendor/laravel/framework/src/Illuminate/Pipeline/Pipeline.php(219): Illuminate\\Routing\\Middleware\\SubstituteBindings->handle()
#12 /mnt/Felo/Courses/learing/PHP/Laravel/Gorge/vendor/laravel/framework/src/Illuminate/Auth/Middleware/Authenticate.php(63): Illuminate\\Pipeline\\Pipeline->{closure:{closure:Illuminate\\Pipeline\\Pipeline::carry():194}:195}()
#13 /mnt/Felo/Courses/learing/PHP/Laravel/Gorge/vendor/laravel/framework/src/Illuminate/Pipeline/Pipeline.php(219): Illuminate\\Auth\\Middleware\\Authenticate->handle()
#14 /mnt/Felo/Courses/learing/PHP/Laravel/Gorge/vendor/laravel/framework/src/Illuminate/Foundation/Http/Middleware/PreventRequestForgery.php(104): Illuminate\\Pipeline\\Pipeline->{closure:{closure:Illuminate\\Pipeline\\Pipeline::carry():194}:195}()
#15 /mnt/Felo/Courses/learing/PHP/Laravel/Gorge/vendor/laravel/framework/src/Illuminate/Pipeline/Pipeline.php(219): Illuminate\\Foundation\\Http\\Middleware\\PreventRequestForgery->handle()
#16 /mnt/Felo/Courses/learing/PHP/Laravel/Gorge/vendor/laravel/framework/src/Illuminate/View/Middleware/ShareErrorsFromSession.php(48): Illuminate\\Pipeline\\Pipeline->{closure:{closure:Illuminate\\Pipeline\\Pipeline::carry():194}:195}()
#17 /mnt/Felo/Courses/learing/PHP/Laravel/Gorge/vendor/laravel/framework/src/Illuminate/Pipeline/Pipeline.php(219): Illuminate\\View\\Middleware\\ShareErrorsFromSession->handle()
#18 /mnt/Felo/Courses/learing/PHP/Laravel/Gorge/vendor/laravel/framework/src/Illuminate/Session/Middleware/StartSession.php(120): Illuminate\\Pipeline\\Pipeline->{closure:{closure:Illuminate\\Pipeline\\Pipeline::carry():194}:195}()
#19 /mnt/Felo/Courses/learing/PHP/Laravel/Gorge/vendor/laravel/framework/src/Illuminate/Session/Middleware/StartSession.php(63): Illuminate\\Session\\Middleware\\StartSession->handleStatefulRequest()
#20 /mnt/Felo/Courses/learing/PHP/Laravel/Gorge/vendor/laravel/framework/src/Illuminate/Pipeline/Pipeline.php(219): Illuminate\\Session\\Middleware\\StartSession->handle()
#21 /mnt/Felo/Courses/learing/PHP/Laravel/Gorge/vendor/laravel/framework/src/Illuminate/Cookie/Middleware/AddQueuedCookiesToResponse.php(36): Illuminate\\Pipeline\\Pipeline->{closure:{closure:Illuminate\\Pipeline\\Pipeline::carry():194}:195}()
#22 /mnt/Felo/Courses/learing/PHP/Laravel/Gorge/vendor/laravel/framework/src/Illuminate/Pipeline/Pipeline.php(219): Illuminate\\Cookie\\Middleware\\AddQueuedCookiesToResponse->handle()
#23 /mnt/Felo/Courses/learing/PHP/Laravel/Gorge/vendor/laravel/framework/src/Illuminate/Cookie/Middleware/EncryptCookies.php(74): Illuminate\\Pipeline\\Pipeline->{closure:{closure:Illuminate\\Pipeline\\Pipeline::carry():194}:195}()
#24 /mnt/Felo/Courses/learing/PHP/Laravel/Gorge/vendor/laravel/framework/src/Illuminate/Pipeline/Pipeline.php(219): Illuminate\\Cookie\\Middleware\\EncryptCookies->handle()
#25 /mnt/Felo/Courses/learing/PHP/Laravel/Gorge/vendor/laravel/framework/src/Illuminate/Pipeline/Pipeline.php(137): Illuminate\\Pipeline\\Pipeline->{closure:{closure:Illuminate\\Pipeline\\Pipeline::carry():194}:195}()
#26 /mnt/Felo/Courses/learing/PHP/Laravel/Gorge/vendor/laravel/framework/src/Illuminate/Routing/Router.php(821): Illuminate\\Pipeline\\Pipeline->then()
#27 /mnt/Felo/Courses/learing/PHP/Laravel/Gorge/vendor/laravel/framework/src/Illuminate/Routing/Router.php(800): Illuminate\\Routing\\Router->runRouteWithinStack()
#28 /mnt/Felo/Courses/learing/PHP/Laravel/Gorge/vendor/laravel/framework/src/Illuminate/Routing/Router.php(764): Illuminate\\Routing\\Router->runRoute()
#29 /mnt/Felo/Courses/learing/PHP/Laravel/Gorge/vendor/laravel/framework/src/Illuminate/Routing/Router.php(753): Illuminate\\Routing\\Router->dispatchToRoute()
#30 /mnt/Felo/Courses/learing/PHP/Laravel/Gorge/vendor/laravel/framework/src/Illuminate/Foundation/Http/Kernel.php(200): Illuminate\\Routing\\Router->dispatch()
#31 /mnt/Felo/Courses/learing/PHP/Laravel/Gorge/vendor/laravel/framework/src/Illuminate/Pipeline/Pipeline.php(180): Illuminate\\Foundation\\Http\\Kernel->{closure:Illuminate\\Foundation\\Http\\Kernel::dispatchToRouter():197}()
#32 /mnt/Felo/Courses/learing/PHP/Laravel/Gorge/vendor/laravel/framework/src/Illuminate/Foundation/Http/Middleware/TransformsRequest.php(21): Illuminate\\Pipeline\\Pipeline->{closure:Illuminate\\Pipeline\\Pipeline::prepareDestination():178}()
#33 /mnt/Felo/Courses/learing/PHP/Laravel/Gorge/vendor/laravel/framework/src/Illuminate/Foundation/Http/Middleware/ConvertEmptyStringsToNull.php(31): Illuminate\\Foundation\\Http\\Middleware\\TransformsRequest->handle()
#34 /mnt/Felo/Courses/learing/PHP/Laravel/Gorge/vendor/laravel/framework/src/Illuminate/Pipeline/Pipeline.php(219): Illuminate\\Foundation\\Http\\Middleware\\ConvertEmptyStringsToNull->handle()
#35 /mnt/Felo/Courses/learing/PHP/Laravel/Gorge/vendor/laravel/framework/src/Illuminate/Foundation/Http/Middleware/TransformsRequest.php(21): Illuminate\\Pipeline\\Pipeline->{closure:{closure:Illuminate\\Pipeline\\Pipeline::carry():194}:195}()
#36 /mnt/Felo/Courses/learing/PHP/Laravel/Gorge/vendor/laravel/framework/src/Illuminate/Foundation/Http/Middleware/TrimStrings.php(51): Illuminate\\Foundation\\Http\\Middleware\\TransformsRequest->handle()
#37 /mnt/Felo/Courses/learing/PHP/Laravel/Gorge/vendor/laravel/framework/src/Illuminate/Pipeline/Pipeline.php(219): Illuminate\\Foundation\\Http\\Middleware\\TrimStrings->handle()
#38 /mnt/Felo/Courses/learing/PHP/Laravel/Gorge/vendor/laravel/framework/src/Illuminate/Http/Middleware/ValidatePostSize.php(27): Illuminate\\Pipeline\\Pipeline->{closure:{closure:Illuminate\\Pipeline\\Pipeline::carry():194}:195}()
#39 /mnt/Felo/Courses/learing/PHP/Laravel/Gorge/vendor/laravel/framework/src/Illuminate/Pipeline/Pipeline.php(219): Illuminate\\Http\\Middleware\\ValidatePostSize->handle()
#40 /mnt/Felo/Courses/learing/PHP/Laravel/Gorge/vendor/laravel/framework/src/Illuminate/Foundation/Http/Middleware/PreventRequestsDuringMaintenance.php(109): Illuminate\\Pipeline\\Pipeline->{closure:{closure:Illuminate\\Pipeline\\Pipeline::carry():194}:195}()
#41 /mnt/Felo/Courses/learing/PHP/Laravel/Gorge/vendor/laravel/framework/src/Illuminate/Pipeline/Pipeline.php(219): Illuminate\\Foundation\\Http\\Middleware\\PreventRequestsDuringMaintenance->handle()
#42 /mnt/Felo/Courses/learing/PHP/Laravel/Gorge/vendor/laravel/framework/src/Illuminate/Http/Middleware/HandleCors.php(61): Illuminate\\Pipeline\\Pipeline->{closure:{closure:Illuminate\\Pipeline\\Pipeline::carry():194}:195}()
#43 /mnt/Felo/Courses/learing/PHP/Laravel/Gorge/vendor/laravel/framework/src/Illuminate/Pipeline/Pipeline.php(219): Illuminate\\Http\\Middleware\\HandleCors->handle()
#44 /mnt/Felo/Courses/learing/PHP/Laravel/Gorge/vendor/laravel/framework/src/Illuminate/Http/Middleware/TrustProxies.php(58): Illuminate\\Pipeline\\Pipeline->{closure:{closure:Illuminate\\Pipeline\\Pipeline::carry():194}:195}()
#45 /mnt/Felo/Courses/learing/PHP/Laravel/Gorge/vendor/laravel/framework/src/Illuminate/Pipeline/Pipeline.php(219): Illuminate\\Http\\Middleware\\TrustProxies->handle()
#46 /mnt/Felo/Courses/learing/PHP/Laravel/Gorge/vendor/laravel/framework/src/Illuminate/Foundation/Http/Middleware/InvokeDeferredCallbacks.php(22): Illuminate\\Pipeline\\Pipeline->{closure:{closure:Illuminate\\Pipeline\\Pipeline::carry():194}:195}()
#47 /mnt/Felo/Courses/learing/PHP/Laravel/Gorge/vendor/laravel/framework/src/Illuminate/Pipeline/Pipeline.php(219): Illuminate\\Foundation\\Http\\Middleware\\InvokeDeferredCallbacks->handle()
#48 /mnt/Felo/Courses/learing/PHP/Laravel/Gorge/vendor/laravel/framework/src/Illuminate/Http/Middleware/ValidatePathEncoding.php(28): Illuminate\\Pipeline\\Pipeline->{closure:{closure:Illuminate\\Pipeline\\Pipeline::carry():194}:195}()
#49 /mnt/Felo/Courses/learing/PHP/Laravel/Gorge/vendor/laravel/framework/src/Illuminate/Pipeline/Pipeline.php(219): Illuminate\\Http\\Middleware\\ValidatePathEncoding->handle()
#50 /mnt/Felo/Courses/learing/PHP/Laravel/Gorge/vendor/laravel/framework/src/Illuminate/Pipeline/Pipeline.php(137): Illuminate\\Pipeline\\Pipeline->{closure:{closure:Illuminate\\Pipeline\\Pipeline::carry():194}:195}()
#51 /mnt/Felo/Courses/learing/PHP/Laravel/Gorge/vendor/laravel/framework/src/Illuminate/Foundation/Http/Kernel.php(175): Illuminate\\Pipeline\\Pipeline->then()
#52 /mnt/Felo/Courses/learing/PHP/Laravel/Gorge/vendor/laravel/framework/src/Illuminate/Foundation/Http/Kernel.php(144): Illuminate\\Foundation\\Http\\Kernel->sendRequestThroughRouter()
#53 /mnt/Felo/Courses/learing/PHP/Laravel/Gorge/vendor/laravel/framework/src/Illuminate/Foundation/Application.php(1220): Illuminate\\Foundation\\Http\\Kernel->handle()
#54 /mnt/Felo/Courses/learing/PHP/Laravel/Gorge/public/index.php(20): Illuminate\\Foundation\\Application->handleRequest()
#55 /mnt/Felo/Courses/learing/PHP/Laravel/Gorge/vendor/laravel/framework/src/Illuminate/Foundation/resources/server.php(23): require_once('...')
#56 {main}
"} 
[2026-07-16 21:07:41] local.ERROR: Class "App\Http\Resources\SessionResource" not found {"userId":1,"exception":"[object] (Error(code: 0): Class \"App\\Http\\Resources\\SessionResource\" not found at /mnt/Felo/Courses/learing/PHP/Laravel/Gorge/app/Http/Controllers/Admin/AdminSessionController.php:25)
[stacktrace]
#0 /mnt/Felo/Courses/learing/PHP/Laravel/Gorge/vendor/laravel/framework/src/Illuminate/Routing/Controller.php(54): App\\Http\\Controllers\\Admin\\AdminSessionController->store()
#1 /mnt/Felo/Courses/learing/PHP/Laravel/Gorge/vendor/laravel/framework/src/Illuminate/Routing/ControllerDispatcher.php(43): Illuminate\\Routing\\Controller->callAction()
#2 /mnt/Felo/Courses/learing/PHP/Laravel/Gorge/vendor/laravel/framework/src/Illuminate/Routing/Route.php(275): Illuminate\\Routing\\ControllerDispatcher->dispatch()
#3 /mnt/Felo/Courses/learing/PHP/Laravel/Gorge/vendor/laravel/framework/src/Illuminate/Routing/Route.php(215): Illuminate\\Routing\\Route->runController()
#4 /mnt/Felo/Courses/learing/PHP/Laravel/Gorge/vendor/laravel/framework/src/Illuminate/Routing/Router.php(822): Illuminate\\Routing\\Route->run()
#5 /mnt/Felo/Courses/learing/PHP/Laravel/Gorge/vendor/laravel/framework/src/Illuminate/Pipeline/Pipeline.php(180): Illuminate\\Routing\\Router->{closure:Illuminate\\Routing\\Router::runRouteWithinStack():821}()
#6 /mnt/Felo/Courses/learing/PHP/Laravel/Gorge/app/Http/Middleware/AdminMiddleware.php(22): Illuminate\\Pipeline\\Pipeline->{closure:Illuminate\\Pipeline\\Pipeline::prepareDestination():178}()
#7 /mnt/Felo/Courses/learing/PHP/Laravel/Gorge/vendor/laravel/framework/src/Illuminate/Pipeline/Pipeline.php(219): App\\Http\\Middleware\\AdminMiddleware->handle()
#8 /mnt/Felo/Courses/learing/PHP/Laravel/Gorge/app/Http/Middleware/SecurityHeadersMiddleware.php(17): Illuminate\\Pipeline\\Pipeline->{closure:{closure:Illuminate\\Pipeline\\Pipeline::carry():194}:195}()
#9 /mnt/Felo/Courses/learing/PHP/Laravel/Gorge/vendor/laravel/framework/src/Illuminate/Pipeline/Pipeline.php(219): App\\Http\\Middleware\\SecurityHeadersMiddleware->handle()
#10 /mnt/Felo/Courses/learing/PHP/Laravel/Gorge/vendor/laravel/framework/src/Illuminate/Routing/Middleware/SubstituteBindings.php(52): Illuminate\\Pipeline\\Pipeline->{closure:{closure:Illuminate\\Pipeline\\Pipeline::carry():194}:195}()
#11 /mnt/Felo/Courses/learing/PHP/Laravel/Gorge/vendor/laravel/framework/src/Illuminate/Pipeline/Pipeline.php(219): Illuminate\\Routing\\Middleware\\SubstituteBindings->handle()
#12 /mnt/Felo/Courses/learing/PHP/Laravel/Gorge/vendor/laravel/framework/src/Illuminate/Auth/Middleware/Authenticate.php(63): Illuminate\\Pipeline\\Pipeline->{closure:{closure:Illuminate\\Pipeline\\Pipeline::carry():194}:195}()
#13 /mnt/Felo/Courses/learing/PHP/Laravel/Gorge/vendor/laravel/framework/src/Illuminate/Pipeline/Pipeline.php(219): Illuminate\\Auth\\Middleware\\Authenticate->handle()
#14 /mnt/Felo/Courses/learing/PHP/Laravel/Gorge/vendor/laravel/framework/src/Illuminate/Foundation/Http/Middleware/PreventRequestForgery.php(104): Illuminate\\Pipeline\\Pipeline->{closure:{closure:Illuminate\\Pipeline\\Pipeline::carry():194}:195}()
#15 /mnt/Felo/Courses/learing/PHP/Laravel/Gorge/vendor/laravel/framework/src/Illuminate/Pipeline/Pipeline.php(219): Illuminate\\Foundation\\Http\\Middleware\\PreventRequestForgery->handle()
#16 /mnt/Felo/Courses/learing/PHP/Laravel/Gorge/vendor/laravel/framework/src/Illuminate/View/Middleware/ShareErrorsFromSession.php(48): Illuminate\\Pipeline\\Pipeline->{closure:{closure:Illuminate\\Pipeline\\Pipeline::carry():194}:195}()
#17 /mnt/Felo/Courses/learing/PHP/Laravel/Gorge/vendor/laravel/framework/src/Illuminate/Pipeline/Pipeline.php(219): Illuminate\\View\\Middleware\\ShareErrorsFromSession->handle()
#18 /mnt/Felo/Courses/learing/PHP/Laravel/Gorge/vendor/laravel/framework/src/Illuminate/Session/Middleware/StartSession.php(120): Illuminate\\Pipeline\\Pipeline->{closure:{closure:Illuminate\\Pipeline\\Pipeline::carry():194}:195}()
#19 /mnt/Felo/Courses/learing/PHP/Laravel/Gorge/vendor/laravel/framework/src/Illuminate/Session/Middleware/StartSession.php(63): Illuminate\\Session\\Middleware\\StartSession->handleStatefulRequest()
#20 /mnt/Felo/Courses/learing/PHP/Laravel/Gorge/vendor/laravel/framework/src/Illuminate/Pipeline/Pipeline.php(219): Illuminate\\Session\\Middleware\\StartSession->handle()
#21 /mnt/Felo/Courses/learing/PHP/Laravel/Gorge/vendor/laravel/framework/src/Illuminate/Cookie/Middleware/AddQueuedCookiesToResponse.php(36): Illuminate\\Pipeline\\Pipeline->{closure:{closure:Illuminate\\Pipeline\\Pipeline::carry():194}:195}()
#22 /mnt/Felo/Courses/learing/PHP/Laravel/Gorge/vendor/laravel/framework/src/Illuminate/Pipeline/Pipeline.php(219): Illuminate\\Cookie\\Middleware\\AddQueuedCookiesToResponse->handle()
#23 /mnt/Felo/Courses/learing/PHP/Laravel/Gorge/vendor/laravel/framework/src/Illuminate/Cookie/Middleware/EncryptCookies.php(74): Illuminate\\Pipeline\\Pipeline->{closure:{closure:Illuminate\\Pipeline\\Pipeline::carry():194}:195}()
#24 /mnt/Felo/Courses/learing/PHP/Laravel/Gorge/vendor/laravel/framework/src/Illuminate/Pipeline/Pipeline.php(219): Illuminate\\Cookie\\Middleware\\EncryptCookies->handle()
#25 /mnt/Felo/Courses/learing/PHP/Laravel/Gorge/vendor/laravel/framework/src/Illuminate/Pipeline/Pipeline.php(137): Illuminate\\Pipeline\\Pipeline->{closure:{closure:Illuminate\\Pipeline\\Pipeline::carry():194}:195}()
#26 /mnt/Felo/Courses/learing/PHP/Laravel/Gorge/vendor/laravel/framework/src/Illuminate/Routing/Router.php(821): Illuminate\\Pipeline\\Pipeline->then()
#27 /mnt/Felo/Courses/learing/PHP/Laravel/Gorge/vendor/laravel/framework/src/Illuminate/Routing/Router.php(800): Illuminate\\Routing\\Router->runRouteWithinStack()
#28 /mnt/Felo/Courses/learing/PHP/Laravel/Gorge/vendor/laravel/framework/src/Illuminate/Routing/Router.php(764): Illuminate\\Routing\\Router->runRoute()
#29 /mnt/Felo/Courses/learing/PHP/Laravel/Gorge/vendor/laravel/framework/src/Illuminate/Routing/Router.php(753): Illuminate\\Routing\\Router->dispatchToRoute()
#30 /mnt/Felo/Courses/learing/PHP/Laravel/Gorge/vendor/laravel/framework/src/Illuminate/Foundation/Http/Kernel.php(200): Illuminate\\Routing\\Router->dispatch()
#31 /mnt/Felo/Courses/learing/PHP/Laravel/Gorge/vendor/laravel/framework/src/Illuminate/Pipeline/Pipeline.php(180): Illuminate\\Foundation\\Http\\Kernel->{closure:Illuminate\\Foundation\\Http\\Kernel::dispatchToRouter():197}()
#32 /mnt/Felo/Courses/learing/PHP/Laravel/Gorge/vendor/laravel/framework/src/Illuminate/Foundation/Http/Middleware/TransformsRequest.php(21): Illuminate\\Pipeline\\Pipeline->{closure:Illuminate\\Pipeline\\Pipeline::prepareDestination():178}()
#33 /mnt/Felo/Courses/learing/PHP/Laravel/Gorge/vendor/laravel/framework/src/Illuminate/Foundation/Http/Middleware/ConvertEmptyStringsToNull.php(31): Illuminate\\Foundation\\Http\\Middleware\\TransformsRequest->handle()
#34 /mnt/Felo/Courses/learing/PHP/Laravel/Gorge/vendor/laravel/framework/src/Illuminate/Pipeline/Pipeline.php(219): Illuminate\\Foundation\\Http\\Middleware\\ConvertEmptyStringsToNull->handle()
#35 /mnt/Felo/Courses/learing/PHP/Laravel/Gorge/vendor/laravel/framework/src/Illuminate/Foundation/Http/Middleware/TransformsRequest.php(21): Illuminate\\Pipeline\\Pipeline->{closure:{closure:Illuminate\\Pipeline\\Pipeline::carry():194}:195}()
#36 /mnt/Felo/Courses/learing/PHP/Laravel/Gorge/vendor/laravel/framework/src/Illuminate/Foundation/Http/Middleware/TrimStrings.php(51): Illuminate\\Foundation\\Http\\Middleware\\TransformsRequest->handle()
#37 /mnt/Felo/Courses/learing/PHP/Laravel/Gorge/vendor/laravel/framework/src/Illuminate/Pipeline/Pipeline.php(219): Illuminate\\Foundation\\Http\\Middleware\\TrimStrings->handle()
#38 /mnt/Felo/Courses/learing/PHP/Laravel/Gorge/vendor/laravel/framework/src/Illuminate/Http/Middleware/ValidatePostSize.php(27): Illuminate\\Pipeline\\Pipeline->{closure:{closure:Illuminate\\Pipeline\\Pipeline::carry():194}:195}()
#39 /mnt/Felo/Courses/learing/PHP/Laravel/Gorge/vendor/laravel/framework/src/Illuminate/Pipeline/Pipeline.php(219): Illuminate\\Http\\Middleware\\ValidatePostSize->handle()
#40 /mnt/Felo/Courses/learing/PHP/Laravel/Gorge/vendor/laravel/framework/src/Illuminate/Foundation/Http/Middleware/PreventRequestsDuringMaintenance.php(109): Illuminate\\Pipeline\\Pipeline->{closure:{closure:Illuminate\\Pipeline\\Pipeline::carry():194}:195}()
#41 /mnt/Felo/Courses/learing/PHP/Laravel/Gorge/vendor/laravel/framework/src/Illuminate/Pipeline/Pipeline.php(219): Illuminate\\Foundation\\Http\\Middleware\\PreventRequestsDuringMaintenance->handle()
#42 /mnt/Felo/Courses/learing/PHP/Laravel/Gorge/vendor/laravel/framework/src/Illuminate/Http/Middleware/HandleCors.php(61): Illuminate\\Pipeline\\Pipeline->{closure:{closure:Illuminate\\Pipeline\\Pipeline::carry():194}:195}()
#43 /mnt/Felo/Courses/learing/PHP/Laravel/Gorge/vendor/laravel/framework/src/Illuminate/Pipeline/Pipeline.php(219): Illuminate\\Http\\Middleware\\HandleCors->handle()
#44 /mnt/Felo/Courses/learing/PHP/Laravel/Gorge/vendor/laravel/framework/src/Illuminate/Http/Middleware/TrustProxies.php(58): Illuminate\\Pipeline\\Pipeline->{closure:{closure:Illuminate\\Pipeline\\Pipeline::carry():194}:195}()
#45 /mnt/Felo/Courses/learing/PHP/Laravel/Gorge/vendor/laravel/framework/src/Illuminate/Pipeline/Pipeline.php(219): Illuminate\\Http\\Middleware\\TrustProxies->handle()
#46 /mnt/Felo/Courses/learing/PHP/Laravel/Gorge/vendor/laravel/framework/src/Illuminate/Foundation/Http/Middleware/InvokeDeferredCallbacks.php(22): Illuminate\\Pipeline\\Pipeline->{closure:{closure:Illuminate\\Pipeline\\Pipeline::carry():194}:195}()
#47 /mnt/Felo/Courses/learing/PHP/Laravel/Gorge/vendor/laravel/framework/src/Illuminate/Pipeline/Pipeline.php(219): Illuminate\\Foundation\\Http\\Middleware\\InvokeDeferredCallbacks->handle()
#48 /mnt/Felo/Courses/learing/PHP/Laravel/Gorge/vendor/laravel/framework/src/Illuminate/Http/Middleware/ValidatePathEncoding.php(28): Illuminate\\Pipeline\\Pipeline->{closure:{closure:Illuminate\\Pipeline\\Pipeline::carry():194}:195}()
#49 /mnt/Felo/Courses/learing/PHP/Laravel/Gorge/vendor/laravel/framework/src/Illuminate/Pipeline/Pipeline.php(219): Illuminate\\Http\\Middleware\\ValidatePathEncoding->handle()
#50 /mnt/Felo/Courses/learing/PHP/Laravel/Gorge/vendor/laravel/framework/src/Illuminate/Pipeline/Pipeline.php(137): Illuminate\\Pipeline\\Pipeline->{closure:{closure:Illuminate\\Pipeline\\Pipeline::carry():194}:195}()
#51 /mnt/Felo/Courses/learing/PHP/Laravel/Gorge/vendor/laravel/framework/src/Illuminate/Foundation/Http/Kernel.php(175): Illuminate\\Pipeline\\Pipeline->then()
#52 /mnt/Felo/Courses/learing/PHP/Laravel/Gorge/vendor/laravel/framework/src/Illuminate/Foundation/Http/Kernel.php(144): Illuminate\\Foundation\\Http\\Kernel->sendRequestThroughRouter()
#53 /mnt/Felo/Courses/learing/PHP/Laravel/Gorge/vendor/laravel/framework/src/Illuminate/Foundation/Application.php(1220): Illuminate\\Foundation\\Http\\Kernel->handle()
#54 /mnt/Felo/Courses/learing/PHP/Laravel/Gorge/public/index.php(20): Illuminate\\Foundation\\Application->handleRequest()
#55 /mnt/Felo/Courses/learing/PHP/Laravel/Gorge/vendor/laravel/framework/src/Illuminate/Foundation/resources/server.php(23): require_once('...')
#56 {main}
"} 
[2026-07-16 21:07:41] local.ERROR: Class "App\Http\Resources\SessionResource" not found {"userId":1,"exception":"[object] (Error(code: 0): Class \"App\\Http\\Resources\\SessionResource\" not found at /mnt/Felo/Courses/learing/PHP/Laravel/Gorge/app/Http/Controllers/Admin/AdminSessionController.php:25)
[stacktrace]
#0 /mnt/Felo/Courses/learing/PHP/Laravel/Gorge/vendor/laravel/framework/src/Illuminate/Routing/Controller.php(54): App\\Http\\Controllers\\Admin\\AdminSessionController->store()
#1 /mnt/Felo/Courses/learing/PHP/Laravel/Gorge/vendor/laravel/framework/src/Illuminate/Routing/ControllerDispatcher.php(43): Illuminate\\Routing\\Controller->callAction()
#2 /mnt/Felo/Courses/learing/PHP/Laravel/Gorge/vendor/laravel/framework/src/Illuminate/Routing/Route.php(275): Illuminate\\Routing\\ControllerDispatcher->dispatch()
#3 /mnt/Felo/Courses/learing/PHP/Laravel/Gorge/vendor/laravel/framework/src/Illuminate/Routing/Route.php(215): Illuminate\\Routing\\Route->runController()
#4 /mnt/Felo/Courses/learing/PHP/Laravel/Gorge/vendor/laravel/framework/src/Illuminate/Routing/Router.php(822): Illuminate\\Routing\\Route->run()
#5 /mnt/Felo/Courses/learing/PHP/Laravel/Gorge/vendor/laravel/framework/src/Illuminate/Pipeline/Pipeline.php(180): Illuminate\\Routing\\Router->{closure:Illuminate\\Routing\\Router::runRouteWithinStack():821}()
#6 /mnt/Felo/Courses/learing/PHP/Laravel/Gorge/app/Http/Middleware/AdminMiddleware.php(22): Illuminate\\Pipeline\\Pipeline->{closure:Illuminate\\Pipeline\\Pipeline::prepareDestination():178}()
#7 /mnt/Felo/Courses/learing/PHP/Laravel/Gorge/vendor/laravel/framework/src/Illuminate/Pipeline/Pipeline.php(219): App\\Http\\Middleware\\AdminMiddleware->handle()
#8 /mnt/Felo/Courses/learing/PHP/Laravel/Gorge/app/Http/Middleware/SecurityHeadersMiddleware.php(17): Illuminate\\Pipeline\\Pipeline->{closure:{closure:Illuminate\\Pipeline\\Pipeline::carry():194}:195}()
#9 /mnt/Felo/Courses/learing/PHP/Laravel/Gorge/vendor/laravel/framework/src/Illuminate/Pipeline/Pipeline.php(219): App\\Http\\Middleware\\SecurityHeadersMiddleware->handle()
#10 /mnt/Felo/Courses/learing/PHP/Laravel/Gorge/vendor/laravel/framework/src/Illuminate/Routing/Middleware/SubstituteBindings.php(52): Illuminate\\Pipeline\\Pipeline->{closure:{closure:Illuminate\\Pipeline\\Pipeline::carry():194}:195}()
#11 /mnt/Felo/Courses/learing/PHP/Laravel/Gorge/vendor/laravel/framework/src/Illuminate/Pipeline/Pipeline.php(219): Illuminate\\Routing\\Middleware\\SubstituteBindings->handle()
#12 /mnt/Felo/Courses/learing/PHP/Laravel/Gorge/vendor/laravel/framework/src/Illuminate/Auth/Middleware/Authenticate.php(63): Illuminate\\Pipeline\\Pipeline->{closure:{closure:Illuminate\\Pipeline\\Pipeline::carry():194}:195}()
#13 /mnt/Felo/Courses/learing/PHP/Laravel/Gorge/vendor/laravel/framework/src/Illuminate/Pipeline/Pipeline.php(219): Illuminate\\Auth\\Middleware\\Authenticate->handle()
#14 /mnt/Felo/Courses/learing/PHP/Laravel/Gorge/vendor/laravel/framework/src/Illuminate/Foundation/Http/Middleware/PreventRequestForgery.php(104): Illuminate\\Pipeline\\Pipeline->{closure:{closure:Illuminate\\Pipeline\\Pipeline::carry():194}:195}()
#15 /mnt/Felo/Courses/learing/PHP/Laravel/Gorge/vendor/laravel/framework/src/Illuminate/Pipeline/Pipeline.php(219): Illuminate\\Foundation\\Http\\Middleware\\PreventRequestForgery->handle()
#16 /mnt/Felo/Courses/learing/PHP/Laravel/Gorge/vendor/laravel/framework/src/Illuminate/View/Middleware/ShareErrorsFromSession.php(48): Illuminate\\Pipeline\\Pipeline->{closure:{closure:Illuminate\\Pipeline\\Pipeline::carry():194}:195}()
#17 /mnt/Felo/Courses/learing/PHP/Laravel/Gorge/vendor/laravel/framework/src/Illuminate/Pipeline/Pipeline.php(219): Illuminate\\View\\Middleware\\ShareErrorsFromSession->handle()
#18 /mnt/Felo/Courses/learing/PHP/Laravel/Gorge/vendor/laravel/framework/src/Illuminate/Session/Middleware/StartSession.php(120): Illuminate\\Pipeline\\Pipeline->{closure:{closure:Illuminate\\Pipeline\\Pipeline::carry():194}:195}()
#19 /mnt/Felo/Courses/learing/PHP/Laravel/Gorge/vendor/laravel/framework/src/Illuminate/Session/Middleware/StartSession.php(63): Illuminate\\Session\\Middleware\\StartSession->handleStatefulRequest()
#20 /mnt/Felo/Courses/learing/PHP/Laravel/Gorge/vendor/laravel/framework/src/Illuminate/Pipeline/Pipeline.php(219): Illuminate\\Session\\Middleware\\StartSession->handle()
#21 /mnt/Felo/Courses/learing/PHP/Laravel/Gorge/vendor/laravel/framework/src/Illuminate/Cookie/Middleware/AddQueuedCookiesToResponse.php(36): Illuminate\\Pipeline\\Pipeline->{closure:{closure:Illuminate\\Pipeline\\Pipeline::carry():194}:195}()
#22 /mnt/Felo/Courses/learing/PHP/Laravel/Gorge/vendor/laravel/framework/src/Illuminate/Pipeline/Pipeline.php(219): Illuminate\\Cookie\\Middleware\\AddQueuedCookiesToResponse->handle()
#23 /mnt/Felo/Courses/learing/PHP/Laravel/Gorge/vendor/laravel/framework/src/Illuminate/Cookie/Middleware/EncryptCookies.php(74): Illuminate\\Pipeline\\Pipeline->{closure:{closure:Illuminate\\Pipeline\\Pipeline::carry():194}:195}()
#24 /mnt/Felo/Courses/learing/PHP/Laravel/Gorge/vendor/laravel/framework/src/Illuminate/Pipeline/Pipeline.php(219): Illuminate\\Cookie\\Middleware\\EncryptCookies->handle()
#25 /mnt/Felo/Courses/learing/PHP/Laravel/Gorge/vendor/laravel/framework/src/Illuminate/Pipeline/Pipeline.php(137): Illuminate\\Pipeline\\Pipeline->{closure:{closure:Illuminate\\Pipeline\\Pipeline::carry():194}:195}()
#26 /mnt/Felo/Courses/learing/PHP/Laravel/Gorge/vendor/laravel/framework/src/Illuminate/Routing/Router.php(821): Illuminate\\Pipeline\\Pipeline->then()
#27 /mnt/Felo/Courses/learing/PHP/Laravel/Gorge/vendor/laravel/framework/src/Illuminate/Routing/Router.php(800): Illuminate\\Routing\\Router->runRouteWithinStack()
#28 /mnt/Felo/Courses/learing/PHP/Laravel/Gorge/vendor/laravel/framework/src/Illuminate/Routing/Router.php(764): Illuminate\\Routing\\Router->runRoute()
#29 /mnt/Felo/Courses/learing/PHP/Laravel/Gorge/vendor/laravel/framework/src/Illuminate/Routing/Router.php(753): Illuminate\\Routing\\Router->dispatchToRoute()
#30 /mnt/Felo/Courses/learing/PHP/Laravel/Gorge/vendor/laravel/framework/src/Illuminate/Foundation/Http/Kernel.php(200): Illuminate\\Routing\\Router->dispatch()
#31 /mnt/Felo/Courses/learing/PHP/Laravel/Gorge/vendor/laravel/framework/src/Illuminate/Pipeline/Pipeline.php(180): Illuminate\\Foundation\\Http\\Kernel->{closure:Illuminate\\Foundation\\Http\\Kernel::dispatchToRouter():197}()
#32 /mnt/Felo/Courses/learing/PHP/Laravel/Gorge/vendor/laravel/framework/src/Illuminate/Foundation/Http/Middleware/TransformsRequest.php(21): Illuminate\\Pipeline\\Pipeline->{closure:Illuminate\\Pipeline\\Pipeline::prepareDestination():178}()
#33 /mnt/Felo/Courses/learing/PHP/Laravel/Gorge/vendor/laravel/framework/src/Illuminate/Foundation/Http/Middleware/ConvertEmptyStringsToNull.php(31): Illuminate\\Foundation\\Http\\Middleware\\TransformsRequest->handle()
#34 /mnt/Felo/Courses/learing/PHP/Laravel/Gorge/vendor/laravel/framework/src/Illuminate/Pipeline/Pipeline.php(219): Illuminate\\Foundation\\Http\\Middleware\\ConvertEmptyStringsToNull->handle()
#35 /mnt/Felo/Courses/learing/PHP/Laravel/Gorge/vendor/laravel/framework/src/Illuminate/Foundation/Http/Middleware/TransformsRequest.php(21): Illuminate\\Pipeline\\Pipeline->{closure:{closure:Illuminate\\Pipeline\\Pipeline::carry():194}:195}()
#36 /mnt/Felo/Courses/learing/PHP/Laravel/Gorge/vendor/laravel/framework/src/Illuminate/Foundation/Http/Middleware/TrimStrings.php(51): Illuminate\\Foundation\\Http\\Middleware\\TransformsRequest->handle()
#37 /mnt/Felo/Courses/learing/PHP/Laravel/Gorge/vendor/laravel/framework/src/Illuminate/Pipeline/Pipeline.php(219): Illuminate\\Foundation\\Http\\Middleware\\TrimStrings->handle()
#38 /mnt/Felo/Courses/learing/PHP/Laravel/Gorge/vendor/laravel/framework/src/Illuminate/Http/Middleware/ValidatePostSize.php(27): Illuminate\\Pipeline\\Pipeline->{closure:{closure:Illuminate\\Pipeline\\Pipeline::carry():194}:195}()
#39 /mnt/Felo/Courses/learing/PHP/Laravel/Gorge/vendor/laravel/framework/src/Illuminate/Pipeline/Pipeline.php(219): Illuminate\\Http\\Middleware\\ValidatePostSize->handle()
#40 /mnt/Felo/Courses/learing/PHP/Laravel/Gorge/vendor/laravel/framework/src/Illuminate/Foundation/Http/Middleware/PreventRequestsDuringMaintenance.php(109): Illuminate\\Pipeline\\Pipeline->{closure:{closure:Illuminate\\Pipeline\\Pipeline::carry():194}:195}()
#41 /mnt/Felo/Courses/learing/PHP/Laravel/Gorge/vendor/laravel/framework/src/Illuminate/Pipeline/Pipeline.php(219): Illuminate\\Foundation\\Http\\Middleware\\PreventRequestsDuringMaintenance->handle()
#42 /mnt/Felo/Courses/learing/PHP/Laravel/Gorge/vendor/laravel/framework/src/Illuminate/Http/Middleware/HandleCors.php(61): Illuminate\\Pipeline\\Pipeline->{closure:{closure:Illuminate\\Pipeline\\Pipeline::carry():194}:195}()
#43 /mnt/Felo/Courses/learing/PHP/Laravel/Gorge/vendor/laravel/framework/src/Illuminate/Pipeline/Pipeline.php(219): Illuminate\\Http\\Middleware\\HandleCors->handle()
#44 /mnt/Felo/Courses/learing/PHP/Laravel/Gorge/vendor/laravel/framework/src/Illuminate/Http/Middleware/TrustProxies.php(58): Illuminate\\Pipeline\\Pipeline->{closure:{closure:Illuminate\\Pipeline\\Pipeline::carry():194}:195}()
#45 /mnt/Felo/Courses/learing/PHP/Laravel/Gorge/vendor/laravel/framework/src/Illuminate/Pipeline/Pipeline.php(219): Illuminate\\Http\\Middleware\\TrustProxies->handle()
#46 /mnt/Felo/Courses/learing/PHP/Laravel/Gorge/vendor/laravel/framework/src/Illuminate/Foundation/Http/Middleware/InvokeDeferredCallbacks.php(22): Illuminate\\Pipeline\\Pipeline->{closure:{closure:Illuminate\\Pipeline\\Pipeline::carry():194}:195}()
#47 /mnt/Felo/Courses/learing/PHP/Laravel/Gorge/vendor/laravel/framework/src/Illuminate/Pipeline/Pipeline.php(219): Illuminate\\Foundation\\Http\\Middleware\\InvokeDeferredCallbacks->handle()
#48 /mnt/Felo/Courses/learing/PHP/Laravel/Gorge/vendor/laravel/framework/src/Illuminate/Http/Middleware/ValidatePathEncoding.php(28): Illuminate\\Pipeline\\Pipeline->{closure:{closure:Illuminate\\Pipeline\\Pipeline::carry():194}:195}()
#49 /mnt/Felo/Courses/learing/PHP/Laravel/Gorge/vendor/laravel/framework/src/Illuminate/Pipeline/Pipeline.php(219): Illuminate\\Http\\Middleware\\ValidatePathEncoding->handle()
#50 /mnt/Felo/Courses/learing/PHP/Laravel/Gorge/vendor/laravel/framework/src/Illuminate/Pipeline/Pipeline.php(137): Illuminate\\Pipeline\\Pipeline->{closure:{closure:Illuminate\\Pipeline\\Pipeline::carry():194}:195}()
#51 /mnt/Felo/Courses/learing/PHP/Laravel/Gorge/vendor/laravel/framework/src/Illuminate/Foundation/Http/Kernel.php(175): Illuminate\\Pipeline\\Pipeline->then()
#52 /mnt/Felo/Courses/learing/PHP/Laravel/Gorge/vendor/laravel/framework/src/Illuminate/Foundation/Http/Kernel.php(144): Illuminate\\Foundation\\Http\\Kernel->sendRequestThroughRouter()
#53 /mnt/Felo/Courses/learing/PHP/Laravel/Gorge/vendor/laravel/framework/src/Illuminate/Foundation/Application.php(1220): Illuminate\\Foundation\\Http\\Kernel->handle()
#54 /mnt/Felo/Courses/learing/PHP/Laravel/Gorge/public/index.php(20): Illuminate\\Foundation\\Application->handleRequest()
#55 /mnt/Felo/Courses/learing/PHP/Laravel/Gorge/vendor/laravel/framework/src/Illuminate/Foundation/resources/server.php(23): require_once('...')
#56 {main}
"} 
[2026-07-16 21:07:41] local.ERROR: Class "App\Http\Resources\SessionResource" not found {"userId":1,"exception":"[object] (Error(code: 0): Class \"App\\Http\\Resources\\SessionResource\" not found at /mnt/Felo/Courses/learing/PHP/Laravel/Gorge/app/Http/Controllers/Admin/AdminSessionController.php:25)
[stacktrace]
#0 /mnt/Felo/Courses/learing/PHP/Laravel/Gorge/vendor/laravel/framework/src/Illuminate/Routing/Controller.php(54): App\\Http\\Controllers\\Admin\\AdminSessionController->store()
#1 /mnt/Felo/Courses/learing/PHP/Laravel/Gorge/vendor/laravel/framework/src/Illuminate/Routing/ControllerDispatcher.php(43): Illuminate\\Routing\\Controller->callAction()
#2 /mnt/Felo/Courses/learing/PHP/Laravel/Gorge/vendor/laravel/framework/src/Illuminate/Routing/Route.php(275): Illuminate\\Routing\\ControllerDispatcher->dispatch()
#3 /mnt/Felo/Courses/learing/PHP/Laravel/Gorge/vendor/laravel/framework/src/Illuminate/Routing/Route.php(215): Illuminate\\Routing\\Route->runController()
#4 /mnt/Felo/Courses/learing/PHP/Laravel/Gorge/vendor/laravel/framework/src/Illuminate/Routing/Router.php(822): Illuminate\\Routing\\Route->run()
#5 /mnt/Felo/Courses/learing/PHP/Laravel/Gorge/vendor/laravel/framework/src/Illuminate/Pipeline/Pipeline.php(180): Illuminate\\Routing\\Router->{closure:Illuminate\\Routing\\Router::runRouteWithinStack():821}()
#6 /mnt/Felo/Courses/learing/PHP/Laravel/Gorge/app/Http/Middleware/AdminMiddleware.php(22): Illuminate\\Pipeline\\Pipeline->{closure:Illuminate\\Pipeline\\Pipeline::prepareDestination():178}()
#7 /mnt/Felo/Courses/learing/PHP/Laravel/Gorge/vendor/laravel/framework/src/Illuminate/Pipeline/Pipeline.php(219): App\\Http\\Middleware\\AdminMiddleware->handle()
#8 /mnt/Felo/Courses/learing/PHP/Laravel/Gorge/app/Http/Middleware/SecurityHeadersMiddleware.php(17): Illuminate\\Pipeline\\Pipeline->{closure:{closure:Illuminate\\Pipeline\\Pipeline::carry():194}:195}()
#9 /mnt/Felo/Courses/learing/PHP/Laravel/Gorge/vendor/laravel/framework/src/Illuminate/Pipeline/Pipeline.php(219): App\\Http\\Middleware\\SecurityHeadersMiddleware->handle()
#10 /mnt/Felo/Courses/learing/PHP/Laravel/Gorge/vendor/laravel/framework/src/Illuminate/Routing/Middleware/SubstituteBindings.php(52): Illuminate\\Pipeline\\Pipeline->{closure:{closure:Illuminate\\Pipeline\\Pipeline::carry():194}:195}()
#11 /mnt/Felo/Courses/learing/PHP/Laravel/Gorge/vendor/laravel/framework/src/Illuminate/Pipeline/Pipeline.php(219): Illuminate\\Routing\\Middleware\\SubstituteBindings->handle()
#12 /mnt/Felo/Courses/learing/PHP/Laravel/Gorge/vendor/laravel/framework/src/Illuminate/Auth/Middleware/Authenticate.php(63): Illuminate\\Pipeline\\Pipeline->{closure:{closure:Illuminate\\Pipeline\\Pipeline::carry():194}:195}()
#13 /mnt/Felo/Courses/learing/PHP/Laravel/Gorge/vendor/laravel/framework/src/Illuminate/Pipeline/Pipeline.php(219): Illuminate\\Auth\\Middleware\\Authenticate->handle()
#14 /mnt/Felo/Courses/learing/PHP/Laravel/Gorge/vendor/laravel/framework/src/Illuminate/Foundation/Http/Middleware/PreventRequestForgery.php(104): Illuminate\\Pipeline\\Pipeline->{closure:{closure:Illuminate\\Pipeline\\Pipeline::carry():194}:195}()
#15 /mnt/Felo/Courses/learing/PHP/Laravel/Gorge/vendor/laravel/framework/src/Illuminate/Pipeline/Pipeline.php(219): Illuminate\\Foundation\\Http\\Middleware\\PreventRequestForgery->handle()
#16 /mnt/Felo/Courses/learing/PHP/Laravel/Gorge/vendor/laravel/framework/src/Illuminate/View/Middleware/ShareErrorsFromSession.php(48): Illuminate\\Pipeline\\Pipeline->{closure:{closure:Illuminate\\Pipeline\\Pipeline::carry():194}:195}()
#17 /mnt/Felo/Courses/learing/PHP/Laravel/Gorge/vendor/laravel/framework/src/Illuminate/Pipeline/Pipeline.php(219): Illuminate\\View\\Middleware\\ShareErrorsFromSession->handle()
#18 /mnt/Felo/Courses/learing/PHP/Laravel/Gorge/vendor/laravel/framework/src/Illuminate/Session/Middleware/StartSession.php(120): Illuminate\\Pipeline\\Pipeline->{closure:{closure:Illuminate\\Pipeline\\Pipeline::carry():194}:195}()
#19 /mnt/Felo/Courses/learing/PHP/Laravel/Gorge/vendor/laravel/framework/src/Illuminate/Session/Middleware/StartSession.php(63): Illuminate\\Session\\Middleware\\StartSession->handleStatefulRequest()
#20 /mnt/Felo/Courses/learing/PHP/Laravel/Gorge/vendor/laravel/framework/src/Illuminate/Pipeline/Pipeline.php(219): Illuminate\\Session\\Middleware\\StartSession->handle()
#21 /mnt/Felo/Courses/learing/PHP/Laravel/Gorge/vendor/laravel/framework/src/Illuminate/Cookie/Middleware/AddQueuedCookiesToResponse.php(36): Illuminate\\Pipeline\\Pipeline->{closure:{closure:Illuminate\\Pipeline\\Pipeline::carry():194}:195}()
#22 /mnt/Felo/Courses/learing/PHP/Laravel/Gorge/vendor/laravel/framework/src/Illuminate/Pipeline/Pipeline.php(219): Illuminate\\Cookie\\Middleware\\AddQueuedCookiesToResponse->handle()
#23 /mnt/Felo/Courses/learing/PHP/Laravel/Gorge/vendor/laravel/framework/src/Illuminate/Cookie/Middleware/EncryptCookies.php(74): Illuminate\\Pipeline\\Pipeline->{closure:{closure:Illuminate\\Pipeline\\Pipeline::carry():194}:195}()
#24 /mnt/Felo/Courses/learing/PHP/Laravel/Gorge/vendor/laravel/framework/src/Illuminate/Pipeline/Pipeline.php(219): Illuminate\\Cookie\\Middleware\\EncryptCookies->handle()
#25 /mnt/Felo/Courses/learing/PHP/Laravel/Gorge/vendor/laravel/framework/src/Illuminate/Pipeline/Pipeline.php(137): Illuminate\\Pipeline\\Pipeline->{closure:{closure:Illuminate\\Pipeline\\Pipeline::carry():194}:195}()
#26 /mnt/Felo/Courses/learing/PHP/Laravel/Gorge/vendor/laravel/framework/src/Illuminate/Routing/Router.php(821): Illuminate\\Pipeline\\Pipeline->then()
#27 /mnt/Felo/Courses/learing/PHP/Laravel/Gorge/vendor/laravel/framework/src/Illuminate/Routing/Router.php(800): Illuminate\\Routing\\Router->runRouteWithinStack()
#28 /mnt/Felo/Courses/learing/PHP/Laravel/Gorge/vendor/laravel/framework/src/Illuminate/Routing/Router.php(764): Illuminate\\Routing\\Router->runRoute()
#29 /mnt/Felo/Courses/learing/PHP/Laravel/Gorge/vendor/laravel/framework/src/Illuminate/Routing/Router.php(753): Illuminate\\Routing\\Router->dispatchToRoute()
#30 /mnt/Felo/Courses/learing/PHP/Laravel/Gorge/vendor/laravel/framework/src/Illuminate/Foundation/Http/Kernel.php(200): Illuminate\\Routing\\Router->dispatch()
#31 /mnt/Felo/Courses/learing/PHP/Laravel/Gorge/vendor/laravel/framework/src/Illuminate/Pipeline/Pipeline.php(180): Illuminate\\Foundation\\Http\\Kernel->{closure:Illuminate\\Foundation\\Http\\Kernel::dispatchToRouter():197}()
#32 /mnt/Felo/Courses/learing/PHP/Laravel/Gorge/vendor/laravel/framework/src/Illuminate/Foundation/Http/Middleware/TransformsRequest.php(21): Illuminate\\Pipeline\\Pipeline->{closure:Illuminate\\Pipeline\\Pipeline::prepareDestination():178}()
#33 /mnt/Felo/Courses/learing/PHP/Laravel/Gorge/vendor/laravel/framework/src/Illuminate/Foundation/Http/Middleware/ConvertEmptyStringsToNull.php(31): Illuminate\\Foundation\\Http\\Middleware\\TransformsRequest->handle()
#34 /mnt/Felo/Courses/learing/PHP/Laravel/Gorge/vendor/laravel/framework/src/Illuminate/Pipeline/Pipeline.php(219): Illuminate\\Foundation\\Http\\Middleware\\ConvertEmptyStringsToNull->handle()
#35 /mnt/Felo/Courses/learing/PHP/Laravel/Gorge/vendor/laravel/framework/src/Illuminate/Foundation/Http/Middleware/TransformsRequest.php(21): Illuminate\\Pipeline\\Pipeline->{closure:{closure:Illuminate\\Pipeline\\Pipeline::carry():194}:195}()
#36 /mnt/Felo/Courses/learing/PHP/Laravel/Gorge/vendor/laravel/framework/src/Illuminate/Foundation/Http/Middleware/TrimStrings.php(51): Illuminate\\Foundation\\Http\\Middleware\\TransformsRequest->handle()
#37 /mnt/Felo/Courses/learing/PHP/Laravel/Gorge/vendor/laravel/framework/src/Illuminate/Pipeline/Pipeline.php(219): Illuminate\\Foundation\\Http\\Middleware\\TrimStrings->handle()
#38 /mnt/Felo/Courses/learing/PHP/Laravel/Gorge/vendor/laravel/framework/src/Illuminate/Http/Middleware/ValidatePostSize.php(27): Illuminate\\Pipeline\\Pipeline->{closure:{closure:Illuminate\\Pipeline\\Pipeline::carry():194}:195}()
#39 /mnt/Felo/Courses/learing/PHP/Laravel/Gorge/vendor/laravel/framework/src/Illuminate/Pipeline/Pipeline.php(219): Illuminate\\Http\\Middleware\\ValidatePostSize->handle()
#40 /mnt/Felo/Courses/learing/PHP/Laravel/Gorge/vendor/laravel/framework/src/Illuminate/Foundation/Http/Middleware/PreventRequestsDuringMaintenance.php(109): Illuminate\\Pipeline\\Pipeline->{closure:{closure:Illuminate\\Pipeline\\Pipeline::carry():194}:195}()
#41 /mnt/Felo/Courses/learing/PHP/Laravel/Gorge/vendor/laravel/framework/src/Illuminate/Pipeline/Pipeline.php(219): Illuminate\\Foundation\\Http\\Middleware\\PreventRequestsDuringMaintenance->handle()
#42 /mnt/Felo/Courses/learing/PHP/Laravel/Gorge/vendor/laravel/framework/src/Illuminate/Http/Middleware/HandleCors.php(61): Illuminate\\Pipeline\\Pipeline->{closure:{closure:Illuminate\\Pipeline\\Pipeline::carry():194}:195}()
#43 /mnt/Felo/Courses/learing/PHP/Laravel/Gorge/vendor/laravel/framework/src/Illuminate/Pipeline/Pipeline.php(219): Illuminate\\Http\\Middleware\\HandleCors->handle()
#44 /mnt/Felo/Courses/learing/PHP/Laravel/Gorge/vendor/laravel/framework/src/Illuminate/Http/Middleware/TrustProxies.php(58): Illuminate\\Pipeline\\Pipeline->{closure:{closure:Illuminate\\Pipeline\\Pipeline::carry():194}:195}()
#45 /mnt/Felo/Courses/learing/PHP/Laravel/Gorge/vendor/laravel/framework/src/Illuminate/Pipeline/Pipeline.php(219): Illuminate\\Http\\Middleware\\TrustProxies->handle()
#46 /mnt/Felo/Courses/learing/PHP/Laravel/Gorge/vendor/laravel/framework/src/Illuminate/Foundation/Http/Middleware/InvokeDeferredCallbacks.php(22): Illuminate\\Pipeline\\Pipeline->{closure:{closure:Illuminate\\Pipeline\\Pipeline::carry():194}:195}()
#47 /mnt/Felo/Courses/learing/PHP/Laravel/Gorge/vendor/laravel/framework/src/Illuminate/Pipeline/Pipeline.php(219): Illuminate\\Foundation\\Http\\Middleware\\InvokeDeferredCallbacks->handle()
#48 /mnt/Felo/Courses/learing/PHP/Laravel/Gorge/vendor/laravel/framework/src/Illuminate/Http/Middleware/ValidatePathEncoding.php(28): Illuminate\\Pipeline\\Pipeline->{closure:{closure:Illuminate\\Pipeline\\Pipeline::carry():194}:195}()
#49 /mnt/Felo/Courses/learing/PHP/Laravel/Gorge/vendor/laravel/framework/src/Illuminate/Pipeline/Pipeline.php(219): Illuminate\\Http\\Middleware\\ValidatePathEncoding->handle()
#50 /mnt/Felo/Courses/learing/PHP/Laravel/Gorge/vendor/laravel/framework/src/Illuminate/Pipeline/Pipeline.php(137): Illuminate\\Pipeline\\Pipeline->{closure:{closure:Illuminate\\Pipeline\\Pipeline::carry():194}:195}()
#51 /mnt/Felo/Courses/learing/PHP/Laravel/Gorge/vendor/laravel/framework/src/Illuminate/Foundation/Http/Kernel.php(175): Illuminate\\Pipeline\\Pipeline->then()
#52 /mnt/Felo/Courses/learing/PHP/Laravel/Gorge/vendor/laravel/framework/src/Illuminate/Foundation/Http/Kernel.php(144): Illuminate\\Foundation\\Http\\Kernel->sendRequestThroughRouter()
#53 /mnt/Felo/Courses/learing/PHP/Laravel/Gorge/vendor/laravel/framework/src/Illuminate/Foundation/Application.php(1220): Illuminate\\Foundation\\Http\\Kernel->handle()
#54 /mnt/Felo/Courses/learing/PHP/Laravel/Gorge/public/index.php(20): Illuminate\\Foundation\\Application->handleRequest()
#55 /mnt/Felo/Courses/learing/PHP/Laravel/Gorge/vendor/laravel/framework/src/Illuminate/Foundation/resources/server.php(23): require_once('...')
#56 {main}
"} 
[2026-07-16 21:07:42] local.ERROR: Class "App\Http\Resources\SessionResource" not found {"userId":1,"exception":"[object] (Error(code: 0): Class \"App\\Http\\Resources\\SessionResource\" not found at /mnt/Felo/Courses/learing/PHP/Laravel/Gorge/app/Http/Controllers/Admin/AdminSessionController.php:25)
[stacktrace]
#0 /mnt/Felo/Courses/learing/PHP/Laravel/Gorge/vendor/laravel/framework/src/Illuminate/Routing/Controller.php(54): App\\Http\\Controllers\\Admin\\AdminSessionController->store()
#1 /mnt/Felo/Courses/learing/PHP/Laravel/Gorge/vendor/laravel/framework/src/Illuminate/Routing/ControllerDispatcher.php(43): Illuminate\\Routing\\Controller->callAction()
#2 /mnt/Felo/Courses/learing/PHP/Laravel/Gorge/vendor/laravel/framework/src/Illuminate/Routing/Route.php(275): Illuminate\\Routing\\ControllerDispatcher->dispatch()
#3 /mnt/Felo/Courses/learing/PHP/Laravel/Gorge/vendor/laravel/framework/src/Illuminate/Routing/Route.php(215): Illuminate\\Routing\\Route->runController()
#4 /mnt/Felo/Courses/learing/PHP/Laravel/Gorge/vendor/laravel/framework/src/Illuminate/Routing/Router.php(822): Illuminate\\Routing\\Route->run()
#5 /mnt/Felo/Courses/learing/PHP/Laravel/Gorge/vendor/laravel/framework/src/Illuminate/Pipeline/Pipeline.php(180): Illuminate\\Routing\\Router->{closure:Illuminate\\Routing\\Router::runRouteWithinStack():821}()
#6 /mnt/Felo/Courses/learing/PHP/Laravel/Gorge/app/Http/Middleware/AdminMiddleware.php(22): Illuminate\\Pipeline\\Pipeline->{closure:Illuminate\\Pipeline\\Pipeline::prepareDestination():178}()
#7 /mnt/Felo/Courses/learing/PHP/Laravel/Gorge/vendor/laravel/framework/src/Illuminate/Pipeline/Pipeline.php(219): App\\Http\\Middleware\\AdminMiddleware->handle()
#8 /mnt/Felo/Courses/learing/PHP/Laravel/Gorge/app/Http/Middleware/SecurityHeadersMiddleware.php(17): Illuminate\\Pipeline\\Pipeline->{closure:{closure:Illuminate\\Pipeline\\Pipeline::carry():194}:195}()
#9 /mnt/Felo/Courses/learing/PHP/Laravel/Gorge/vendor/laravel/framework/src/Illuminate/Pipeline/Pipeline.php(219): App\\Http\\Middleware\\SecurityHeadersMiddleware->handle()
#10 /mnt/Felo/Courses/learing/PHP/Laravel/Gorge/vendor/laravel/framework/src/Illuminate/Routing/Middleware/SubstituteBindings.php(52): Illuminate\\Pipeline\\Pipeline->{closure:{closure:Illuminate\\Pipeline\\Pipeline::carry():194}:195}()
#11 /mnt/Felo/Courses/learing/PHP/Laravel/Gorge/vendor/laravel/framework/src/Illuminate/Pipeline/Pipeline.php(219): Illuminate\\Routing\\Middleware\\SubstituteBindings->handle()
#12 /mnt/Felo/Courses/learing/PHP/Laravel/Gorge/vendor/laravel/framework/src/Illuminate/Auth/Middleware/Authenticate.php(63): Illuminate\\Pipeline\\Pipeline->{closure:{closure:Illuminate\\Pipeline\\Pipeline::carry():194}:195}()
#13 /mnt/Felo/Courses/learing/PHP/Laravel/Gorge/vendor/laravel/framework/src/Illuminate/Pipeline/Pipeline.php(219): Illuminate\\Auth\\Middleware\\Authenticate->handle()
#14 /mnt/Felo/Courses/learing/PHP/Laravel/Gorge/vendor/laravel/framework/src/Illuminate/Foundation/Http/Middleware/PreventRequestForgery.php(104): Illuminate\\Pipeline\\Pipeline->{closure:{closure:Illuminate\\Pipeline\\Pipeline::carry():194}:195}()
#15 /mnt/Felo/Courses/learing/PHP/Laravel/Gorge/vendor/laravel/framework/src/Illuminate/Pipeline/Pipeline.php(219): Illuminate\\Foundation\\Http\\Middleware\\PreventRequestForgery->handle()
#16 /mnt/Felo/Courses/learing/PHP/Laravel/Gorge/vendor/laravel/framework/src/Illuminate/View/Middleware/ShareErrorsFromSession.php(48): Illuminate\\Pipeline\\Pipeline->{closure:{closure:Illuminate\\Pipeline\\Pipeline::carry():194}:195}()
#17 /mnt/Felo/Courses/learing/PHP/Laravel/Gorge/vendor/laravel/framework/src/Illuminate/Pipeline/Pipeline.php(219): Illuminate\\View\\Middleware\\ShareErrorsFromSession->handle()
#18 /mnt/Felo/Courses/learing/PHP/Laravel/Gorge/vendor/laravel/framework/src/Illuminate/Session/Middleware/StartSession.php(120): Illuminate\\Pipeline\\Pipeline->{closure:{closure:Illuminate\\Pipeline\\Pipeline::carry():194}:195}()
#19 /mnt/Felo/Courses/learing/PHP/Laravel/Gorge/vendor/laravel/framework/src/Illuminate/Session/Middleware/StartSession.php(63): Illuminate\\Session\\Middleware\\StartSession->handleStatefulRequest()
#20 /mnt/Felo/Courses/learing/PHP/Laravel/Gorge/vendor/laravel/framework/src/Illuminate/Pipeline/Pipeline.php(219): Illuminate\\Session\\Middleware\\StartSession->handle()
#21 /mnt/Felo/Courses/learing/PHP/Laravel/Gorge/vendor/laravel/framework/src/Illuminate/Cookie/Middleware/AddQueuedCookiesToResponse.php(36): Illuminate\\Pipeline\\Pipeline->{closure:{closure:Illuminate\\Pipeline\\Pipeline::carry():194}:195}()
#22 /mnt/Felo/Courses/learing/PHP/Laravel/Gorge/vendor/laravel/framework/src/Illuminate/Pipeline/Pipeline.php(219): Illuminate\\Cookie\\Middleware\\AddQueuedCookiesToResponse->handle()
#23 /mnt/Felo/Courses/learing/PHP/Laravel/Gorge/vendor/laravel/framework/src/Illuminate/Cookie/Middleware/EncryptCookies.php(74): Illuminate\\Pipeline\\Pipeline->{closure:{closure:Illuminate\\Pipeline\\Pipeline::carry():194}:195}()
#24 /mnt/Felo/Courses/learing/PHP/Laravel/Gorge/vendor/laravel/framework/src/Illuminate/Pipeline/Pipeline.php(219): Illuminate\\Cookie\\Middleware\\EncryptCookies->handle()
#25 /mnt/Felo/Courses/learing/PHP/Laravel/Gorge/vendor/laravel/framework/src/Illuminate/Pipeline/Pipeline.php(137): Illuminate\\Pipeline\\Pipeline->{closure:{closure:Illuminate\\Pipeline\\Pipeline::carry():194}:195}()
#26 /mnt/Felo/Courses/learing/PHP/Laravel/Gorge/vendor/laravel/framework/src/Illuminate/Routing/Router.php(821): Illuminate\\Pipeline\\Pipeline->then()
#27 /mnt/Felo/Courses/learing/PHP/Laravel/Gorge/vendor/laravel/framework/src/Illuminate/Routing/Router.php(800): Illuminate\\Routing\\Router->runRouteWithinStack()
#28 /mnt/Felo/Courses/learing/PHP/Laravel/Gorge/vendor/laravel/framework/src/Illuminate/Routing/Router.php(764): Illuminate\\Routing\\Router->runRoute()
#29 /mnt/Felo/Courses/learing/PHP/Laravel/Gorge/vendor/laravel/framework/src/Illuminate/Routing/Router.php(753): Illuminate\\Routing\\Router->dispatchToRoute()
#30 /mnt/Felo/Courses/learing/PHP/Laravel/Gorge/vendor/laravel/framework/src/Illuminate/Foundation/Http/Kernel.php(200): Illuminate\\Routing\\Router->dispatch()
#31 /mnt/Felo/Courses/learing/PHP/Laravel/Gorge/vendor/laravel/framework/src/Illuminate/Pipeline/Pipeline.php(180): Illuminate\\Foundation\\Http\\Kernel->{closure:Illuminate\\Foundation\\Http\\Kernel::dispatchToRouter():197}()
#32 /mnt/Felo/Courses/learing/PHP/Laravel/Gorge/vendor/laravel/framework/src/Illuminate/Foundation/Http/Middleware/TransformsRequest.php(21): Illuminate\\Pipeline\\Pipeline->{closure:Illuminate\\Pipeline\\Pipeline::prepareDestination():178}()
#33 /mnt/Felo/Courses/learing/PHP/Laravel/Gorge/vendor/laravel/framework/src/Illuminate/Foundation/Http/Middleware/ConvertEmptyStringsToNull.php(31): Illuminate\\Foundation\\Http\\Middleware\\TransformsRequest->handle()
#34 /mnt/Felo/Courses/learing/PHP/Laravel/Gorge/vendor/laravel/framework/src/Illuminate/Pipeline/Pipeline.php(219): Illuminate\\Foundation\\Http\\Middleware\\ConvertEmptyStringsToNull->handle()
#35 /mnt/Felo/Courses/learing/PHP/Laravel/Gorge/vendor/laravel/framework/src/Illuminate/Foundation/Http/Middleware/TransformsRequest.php(21): Illuminate\\Pipeline\\Pipeline->{closure:{closure:Illuminate\\Pipeline\\Pipeline::carry():194}:195}()
#36 /mnt/Felo/Courses/learing/PHP/Laravel/Gorge/vendor/laravel/framework/src/Illuminate/Foundation/Http/Middleware/TrimStrings.php(51): Illuminate\\Foundation\\Http\\Middleware\\TransformsRequest->handle()
#37 /mnt/Felo/Courses/learing/PHP/Laravel/Gorge/vendor/laravel/framework/src/Illuminate/Pipeline/Pipeline.php(219): Illuminate\\Foundation\\Http\\Middleware\\TrimStrings->handle()
#38 /mnt/Felo/Courses/learing/PHP/Laravel/Gorge/vendor/laravel/framework/src/Illuminate/Http/Middleware/ValidatePostSize.php(27): Illuminate\\Pipeline\\Pipeline->{closure:{closure:Illuminate\\Pipeline\\Pipeline::carry():194}:195}()
#39 /mnt/Felo/Courses/learing/PHP/Laravel/Gorge/vendor/laravel/framework/src/Illuminate/Pipeline/Pipeline.php(219): Illuminate\\Http\\Middleware\\ValidatePostSize->handle()
#40 /mnt/Felo/Courses/learing/PHP/Laravel/Gorge/vendor/laravel/framework/src/Illuminate/Foundation/Http/Middleware/PreventRequestsDuringMaintenance.php(109): Illuminate\\Pipeline\\Pipeline->{closure:{closure:Illuminate\\Pipeline\\Pipeline::carry():194}:195}()
#41 /mnt/Felo/Courses/learing/PHP/Laravel/Gorge/vendor/laravel/framework/src/Illuminate/Pipeline/Pipeline.php(219): Illuminate\\Foundation\\Http\\Middleware\\PreventRequestsDuringMaintenance->handle()
#42 /mnt/Felo/Courses/learing/PHP/Laravel/Gorge/vendor/laravel/framework/src/Illuminate/Http/Middleware/HandleCors.php(61): Illuminate\\Pipeline\\Pipeline->{closure:{closure:Illuminate\\Pipeline\\Pipeline::carry():194}:195}()
#43 /mnt/Felo/Courses/learing/PHP/Laravel/Gorge/vendor/laravel/framework/src/Illuminate/Pipeline/Pipeline.php(219): Illuminate\\Http\\Middleware\\HandleCors->handle()
#44 /mnt/Felo/Courses/learing/PHP/Laravel/Gorge/vendor/laravel/framework/src/Illuminate/Http/Middleware/TrustProxies.php(58): Illuminate\\Pipeline\\Pipeline->{closure:{closure:Illuminate\\Pipeline\\Pipeline::carry():194}:195}()
#45 /mnt/Felo/Courses/learing/PHP/Laravel/Gorge/vendor/laravel/framework/src/Illuminate/Pipeline/Pipeline.php(219): Illuminate\\Http\\Middleware\\TrustProxies->handle()
#46 /mnt/Felo/Courses/learing/PHP/Laravel/Gorge/vendor/laravel/framework/src/Illuminate/Foundation/Http/Middleware/InvokeDeferredCallbacks.php(22): Illuminate\\Pipeline\\Pipeline->{closure:{closure:Illuminate\\Pipeline\\Pipeline::carry():194}:195}()
#47 /mnt/Felo/Courses/learing/PHP/Laravel/Gorge/vendor/laravel/framework/src/Illuminate/Pipeline/Pipeline.php(219): Illuminate\\Foundation\\Http\\Middleware\\InvokeDeferredCallbacks->handle()
#48 /mnt/Felo/Courses/learing/PHP/Laravel/Gorge/vendor/laravel/framework/src/Illuminate/Http/Middleware/ValidatePathEncoding.php(28): Illuminate\\Pipeline\\Pipeline->{closure:{closure:Illuminate\\Pipeline\\Pipeline::carry():194}:195}()
#49 /mnt/Felo/Courses/learing/PHP/Laravel/Gorge/vendor/laravel/framework/src/Illuminate/Pipeline/Pipeline.php(219): Illuminate\\Http\\Middleware\\ValidatePathEncoding->handle()
#50 /mnt/Felo/Courses/learing/PHP/Laravel/Gorge/vendor/laravel/framework/src/Illuminate/Pipeline/Pipeline.php(137): Illuminate\\Pipeline\\Pipeline->{closure:{closure:Illuminate\\Pipeline\\Pipeline::carry():194}:195}()
#51 /mnt/Felo/Courses/learing/PHP/Laravel/Gorge/vendor/laravel/framework/src/Illuminate/Foundation/Http/Kernel.php(175): Illuminate\\Pipeline\\Pipeline->then()
#52 /mnt/Felo/Courses/learing/PHP/Laravel/Gorge/vendor/laravel/framework/src/Illuminate/Foundation/Http/Kernel.php(144): Illuminate\\Foundation\\Http\\Kernel->sendRequestThroughRouter()
#53 /mnt/Felo/Courses/learing/PHP/Laravel/Gorge/vendor/laravel/framework/src/Illuminate/Foundation/Application.php(1220): Illuminate\\Foundation\\Http\\Kernel->handle()
#54 /mnt/Felo/Courses/learing/PHP/Laravel/Gorge/public/index.php(20): Illuminate\\Foundation\\Application->handleRequest()
#55 /mnt/Felo/Courses/learing/PHP/Laravel/Gorge/vendor/laravel/framework/src/Illuminate/Foundation/resources/server.php(23): require_once('...')
#56 {main}
"} 
[2026-07-16 21:07:43] local.ERROR: Class "App\Http\Resources\SessionResource" not found {"userId":1,"exception":"[object] (Error(code: 0): Class \"App\\Http\\Resources\\SessionResource\" not found at /mnt/Felo/Courses/learing/PHP/Laravel/Gorge/app/Http/Controllers/Admin/AdminSessionController.php:25)
[stacktrace]
#0 /mnt/Felo/Courses/learing/PHP/Laravel/Gorge/vendor/laravel/framework/src/Illuminate/Routing/Controller.php(54): App\\Http\\Controllers\\Admin\\AdminSessionController->store()
#1 /mnt/Felo/Courses/learing/PHP/Laravel/Gorge/vendor/laravel/framework/src/Illuminate/Routing/ControllerDispatcher.php(43): Illuminate\\Routing\\Controller->callAction()
#2 /mnt/Felo/Courses/learing/PHP/Laravel/Gorge/vendor/laravel/framework/src/Illuminate/Routing/Route.php(275): Illuminate\\Routing\\ControllerDispatcher->dispatch()
#3 /mnt/Felo/Courses/learing/PHP/Laravel/Gorge/vendor/laravel/framework/src/Illuminate/Routing/Route.php(215): Illuminate\\Routing\\Route->runController()
#4 /mnt/Felo/Courses/learing/PHP/Laravel/Gorge/vendor/laravel/framework/src/Illuminate/Routing/Router.php(822): Illuminate\\Routing\\Route->run()
#5 /mnt/Felo/Courses/learing/PHP/Laravel/Gorge/vendor/laravel/framework/src/Illuminate/Pipeline/Pipeline.php(180): Illuminate\\Routing\\Router->{closure:Illuminate\\Routing\\Router::runRouteWithinStack():821}()
#6 /mnt/Felo/Courses/learing/PHP/Laravel/Gorge/app/Http/Middleware/AdminMiddleware.php(22): Illuminate\\Pipeline\\Pipeline->{closure:Illuminate\\Pipeline\\Pipeline::prepareDestination():178}()
#7 /mnt/Felo/Courses/learing/PHP/Laravel/Gorge/vendor/laravel/framework/src/Illuminate/Pipeline/Pipeline.php(219): App\\Http\\Middleware\\AdminMiddleware->handle()
#8 /mnt/Felo/Courses/learing/PHP/Laravel/Gorge/app/Http/Middleware/SecurityHeadersMiddleware.php(17): Illuminate\\Pipeline\\Pipeline->{closure:{closure:Illuminate\\Pipeline\\Pipeline::carry():194}:195}()
#9 /mnt/Felo/Courses/learing/PHP/Laravel/Gorge/vendor/laravel/framework/src/Illuminate/Pipeline/Pipeline.php(219): App\\Http\\Middleware\\SecurityHeadersMiddleware->handle()
#10 /mnt/Felo/Courses/learing/PHP/Laravel/Gorge/vendor/laravel/framework/src/Illuminate/Routing/Middleware/SubstituteBindings.php(52): Illuminate\\Pipeline\\Pipeline->{closure:{closure:Illuminate\\Pipeline\\Pipeline::carry():194}:195}()
#11 /mnt/Felo/Courses/learing/PHP/Laravel/Gorge/vendor/laravel/framework/src/Illuminate/Pipeline/Pipeline.php(219): Illuminate\\Routing\\Middleware\\SubstituteBindings->handle()
#12 /mnt/Felo/Courses/learing/PHP/Laravel/Gorge/vendor/laravel/framework/src/Illuminate/Auth/Middleware/Authenticate.php(63): Illuminate\\Pipeline\\Pipeline->{closure:{closure:Illuminate\\Pipeline\\Pipeline::carry():194}:195}()
#13 /mnt/Felo/Courses/learing/PHP/Laravel/Gorge/vendor/laravel/framework/src/Illuminate/Pipeline/Pipeline.php(219): Illuminate\\Auth\\Middleware\\Authenticate->handle()
#14 /mnt/Felo/Courses/learing/PHP/Laravel/Gorge/vendor/laravel/framework/src/Illuminate/Foundation/Http/Middleware/PreventRequestForgery.php(104): Illuminate\\Pipeline\\Pipeline->{closure:{closure:Illuminate\\Pipeline\\Pipeline::carry():194}:195}()
#15 /mnt/Felo/Courses/learing/PHP/Laravel/Gorge/vendor/laravel/framework/src/Illuminate/Pipeline/Pipeline.php(219): Illuminate\\Foundation\\Http\\Middleware\\PreventRequestForgery->handle()
#16 /mnt/Felo/Courses/learing/PHP/Laravel/Gorge/vendor/laravel/framework/src/Illuminate/View/Middleware/ShareErrorsFromSession.php(48): Illuminate\\Pipeline\\Pipeline->{closure:{closure:Illuminate\\Pipeline\\Pipeline::carry():194}:195}()
#17 /mnt/Felo/Courses/learing/PHP/Laravel/Gorge/vendor/laravel/framework/src/Illuminate/Pipeline/Pipeline.php(219): Illuminate\\View\\Middleware\\ShareErrorsFromSession->handle()
#18 /mnt/Felo/Courses/learing/PHP/Laravel/Gorge/vendor/laravel/framework/src/Illuminate/Session/Middleware/StartSession.php(120): Illuminate\\Pipeline\\Pipeline->{closure:{closure:Illuminate\\Pipeline\\Pipeline::carry():194}:195}()
#19 /mnt/Felo/Courses/learing/PHP/Laravel/Gorge/vendor/laravel/framework/src/Illuminate/Session/Middleware/StartSession.php(63): Illuminate\\Session\\Middleware\\StartSession->handleStatefulRequest()
#20 /mnt/Felo/Courses/learing/PHP/Laravel/Gorge/vendor/laravel/framework/src/Illuminate/Pipeline/Pipeline.php(219): Illuminate\\Session\\Middleware\\StartSession->handle()
#21 /mnt/Felo/Courses/learing/PHP/Laravel/Gorge/vendor/laravel/framework/src/Illuminate/Cookie/Middleware/AddQueuedCookiesToResponse.php(36): Illuminate\\Pipeline\\Pipeline->{closure:{closure:Illuminate\\Pipeline\\Pipeline::carry():194}:195}()
#22 /mnt/Felo/Courses/learing/PHP/Laravel/Gorge/vendor/laravel/framework/src/Illuminate/Pipeline/Pipeline.php(219): Illuminate\\Cookie\\Middleware\\AddQueuedCookiesToResponse->handle()
#23 /mnt/Felo/Courses/learing/PHP/Laravel/Gorge/vendor/laravel/framework/src/Illuminate/Cookie/Middleware/EncryptCookies.php(74): Illuminate\\Pipeline\\Pipeline->{closure:{closure:Illuminate\\Pipeline\\Pipeline::carry():194}:195}()
#24 /mnt/Felo/Courses/learing/PHP/Laravel/Gorge/vendor/laravel/framework/src/Illuminate/Pipeline/Pipeline.php(219): Illuminate\\Cookie\\Middleware\\EncryptCookies->handle()
#25 /mnt/Felo/Courses/learing/PHP/Laravel/Gorge/vendor/laravel/framework/src/Illuminate/Pipeline/Pipeline.php(137): Illuminate\\Pipeline\\Pipeline->{closure:{closure:Illuminate\\Pipeline\\Pipeline::carry():194}:195}()
#26 /mnt/Felo/Courses/learing/PHP/Laravel/Gorge/vendor/laravel/framework/src/Illuminate/Routing/Router.php(821): Illuminate\\Pipeline\\Pipeline->then()
#27 /mnt/Felo/Courses/learing/PHP/Laravel/Gorge/vendor/laravel/framework/src/Illuminate/Routing/Router.php(800): Illuminate\\Routing\\Router->runRouteWithinStack()
#28 /mnt/Felo/Courses/learing/PHP/Laravel/Gorge/vendor/laravel/framework/src/Illuminate/Routing/Router.php(764): Illuminate\\Routing\\Router->runRoute()
#29 /mnt/Felo/Courses/learing/PHP/Laravel/Gorge/vendor/laravel/framework/src/Illuminate/Routing/Router.php(753): Illuminate\\Routing\\Router->dispatchToRoute()
#30 /mnt/Felo/Courses/learing/PHP/Laravel/Gorge/vendor/laravel/framework/src/Illuminate/Foundation/Http/Kernel.php(200): Illuminate\\Routing\\Router->dispatch()
#31 /mnt/Felo/Courses/learing/PHP/Laravel/Gorge/vendor/laravel/framework/src/Illuminate/Pipeline/Pipeline.php(180): Illuminate\\Foundation\\Http\\Kernel->{closure:Illuminate\\Foundation\\Http\\Kernel::dispatchToRouter():197}()
#32 /mnt/Felo/Courses/learing/PHP/Laravel/Gorge/vendor/laravel/framework/src/Illuminate/Foundation/Http/Middleware/TransformsRequest.php(21): Illuminate\\Pipeline\\Pipeline->{closure:Illuminate\\Pipeline\\Pipeline::prepareDestination():178}()
#33 /mnt/Felo/Courses/learing/PHP/Laravel/Gorge/vendor/laravel/framework/src/Illuminate/Foundation/Http/Middleware/ConvertEmptyStringsToNull.php(31): Illuminate\\Foundation\\Http\\Middleware\\TransformsRequest->handle()
#34 /mnt/Felo/Courses/learing/PHP/Laravel/Gorge/vendor/laravel/framework/src/Illuminate/Pipeline/Pipeline.php(219): Illuminate\\Foundation\\Http\\Middleware\\ConvertEmptyStringsToNull->handle()
#35 /mnt/Felo/Courses/learing/PHP/Laravel/Gorge/vendor/laravel/framework/src/Illuminate/Foundation/Http/Middleware/TransformsRequest.php(21): Illuminate\\Pipeline\\Pipeline->{closure:{closure:Illuminate\\Pipeline\\Pipeline::carry():194}:195}()
#36 /mnt/Felo/Courses/learing/PHP/Laravel/Gorge/vendor/laravel/framework/src/Illuminate/Foundation/Http/Middleware/TrimStrings.php(51): Illuminate\\Foundation\\Http\\Middleware\\TransformsRequest->handle()
#37 /mnt/Felo/Courses/learing/PHP/Laravel/Gorge/vendor/laravel/framework/src/Illuminate/Pipeline/Pipeline.php(219): Illuminate\\Foundation\\Http\\Middleware\\TrimStrings->handle()
#38 /mnt/Felo/Courses/learing/PHP/Laravel/Gorge/vendor/laravel/framework/src/Illuminate/Http/Middleware/ValidatePostSize.php(27): Illuminate\\Pipeline\\Pipeline->{closure:{closure:Illuminate\\Pipeline\\Pipeline::carry():194}:195}()
#39 /mnt/Felo/Courses/learing/PHP/Laravel/Gorge/vendor/laravel/framework/src/Illuminate/Pipeline/Pipeline.php(219): Illuminate\\Http\\Middleware\\ValidatePostSize->handle()
#40 /mnt/Felo/Courses/learing/PHP/Laravel/Gorge/vendor/laravel/framework/src/Illuminate/Foundation/Http/Middleware/PreventRequestsDuringMaintenance.php(109): Illuminate\\Pipeline\\Pipeline->{closure:{closure:Illuminate\\Pipeline\\Pipeline::carry():194}:195}()
#41 /mnt/Felo/Courses/learing/PHP/Laravel/Gorge/vendor/laravel/framework/src/Illuminate/Pipeline/Pipeline.php(219): Illuminate\\Foundation\\Http\\Middleware\\PreventRequestsDuringMaintenance->handle()
#42 /mnt/Felo/Courses/learing/PHP/Laravel/Gorge/vendor/laravel/framework/src/Illuminate/Http/Middleware/HandleCors.php(61): Illuminate\\Pipeline\\Pipeline->{closure:{closure:Illuminate\\Pipeline\\Pipeline::carry():194}:195}()
#43 /mnt/Felo/Courses/learing/PHP/Laravel/Gorge/vendor/laravel/framework/src/Illuminate/Pipeline/Pipeline.php(219): Illuminate\\Http\\Middleware\\HandleCors->handle()
#44 /mnt/Felo/Courses/learing/PHP/Laravel/Gorge/vendor/laravel/framework/src/Illuminate/Http/Middleware/TrustProxies.php(58): Illuminate\\Pipeline\\Pipeline->{closure:{closure:Illuminate\\Pipeline\\Pipeline::carry():194}:195}()
#45 /mnt/Felo/Courses/learing/PHP/Laravel/Gorge/vendor/laravel/framework/src/Illuminate/Pipeline/Pipeline.php(219): Illuminate\\Http\\Middleware\\TrustProxies->handle()
#46 /mnt/Felo/Courses/learing/PHP/Laravel/Gorge/vendor/laravel/framework/src/Illuminate/Foundation/Http/Middleware/InvokeDeferredCallbacks.php(22): Illuminate\\Pipeline\\Pipeline->{closure:{closure:Illuminate\\Pipeline\\Pipeline::carry():194}:195}()
#47 /mnt/Felo/Courses/learing/PHP/Laravel/Gorge/vendor/laravel/framework/src/Illuminate/Pipeline/Pipeline.php(219): Illuminate\\Foundation\\Http\\Middleware\\InvokeDeferredCallbacks->handle()
#48 /mnt/Felo/Courses/learing/PHP/Laravel/Gorge/vendor/laravel/framework/src/Illuminate/Http/Middleware/ValidatePathEncoding.php(28): Illuminate\\Pipeline\\Pipeline->{closure:{closure:Illuminate\\Pipeline\\Pipeline::carry():194}:195}()
#49 /mnt/Felo/Courses/learing/PHP/Laravel/Gorge/vendor/laravel/framework/src/Illuminate/Pipeline/Pipeline.php(219): Illuminate\\Http\\Middleware\\ValidatePathEncoding->handle()
#50 /mnt/Felo/Courses/learing/PHP/Laravel/Gorge/vendor/laravel/framework/src/Illuminate/Pipeline/Pipeline.php(137): Illuminate\\Pipeline\\Pipeline->{closure:{closure:Illuminate\\Pipeline\\Pipeline::carry():194}:195}()
#51 /mnt/Felo/Courses/learing/PHP/Laravel/Gorge/vendor/laravel/framework/src/Illuminate/Foundation/Http/Kernel.php(175): Illuminate\\Pipeline\\Pipeline->then()
#52 /mnt/Felo/Courses/learing/PHP/Laravel/Gorge/vendor/laravel/framework/src/Illuminate/Foundation/Http/Kernel.php(144): Illuminate\\Foundation\\Http\\Kernel->sendRequestThroughRouter()
#53 /mnt/Felo/Courses/learing/PHP/Laravel/Gorge/vendor/laravel/framework/src/Illuminate/Foundation/Application.php(1220): Illuminate\\Foundation\\Http\\Kernel->handle()
#54 /mnt/Felo/Courses/learing/PHP/Laravel/Gorge/public/index.php(20): Illuminate\\Foundation\\Application->handleRequest()
#55 /mnt/Felo/Courses/learing/PHP/Laravel/Gorge/vendor/laravel/framework/src/Illuminate/Foundation/resources/server.php(23): require_once('...')
#56 {main}
"} 
[2026-07-16 21:07:43] local.ERROR: Class "App\Http\Resources\SessionResource" not found {"userId":1,"exception":"[object] (Error(code: 0): Class \"App\\Http\\Resources\\SessionResource\" not found at /mnt/Felo/Courses/learing/PHP/Laravel/Gorge/app/Http/Controllers/Admin/AdminSessionController.php:25)
[stacktrace]
#0 /mnt/Felo/Courses/learing/PHP/Laravel/Gorge/vendor/laravel/framework/src/Illuminate/Routing/Controller.php(54): App\\Http\\Controllers\\Admin\\AdminSessionController->store()
#1 /mnt/Felo/Courses/learing/PHP/Laravel/Gorge/vendor/laravel/framework/src/Illuminate/Routing/ControllerDispatcher.php(43): Illuminate\\Routing\\Controller->callAction()
#2 /mnt/Felo/Courses/learing/PHP/Laravel/Gorge/vendor/laravel/framework/src/Illuminate/Routing/Route.php(275): Illuminate\\Routing\\ControllerDispatcher->dispatch()
#3 /mnt/Felo/Courses/learing/PHP/Laravel/Gorge/vendor/laravel/framework/src/Illuminate/Routing/Route.php(215): Illuminate\\Routing\\Route->runController()
#4 /mnt/Felo/Courses/learing/PHP/Laravel/Gorge/vendor/laravel/framework/src/Illuminate/Routing/Router.php(822): Illuminate\\Routing\\Route->run()
#5 /mnt/Felo/Courses/learing/PHP/Laravel/Gorge/vendor/laravel/framework/src/Illuminate/Pipeline/Pipeline.php(180): Illuminate\\Routing\\Router->{closure:Illuminate\\Routing\\Router::runRouteWithinStack():821}()
#6 /mnt/Felo/Courses/learing/PHP/Laravel/Gorge/app/Http/Middleware/AdminMiddleware.php(22): Illuminate\\Pipeline\\Pipeline->{closure:Illuminate\\Pipeline\\Pipeline::prepareDestination():178}()
#7 /mnt/Felo/Courses/learing/PHP/Laravel/Gorge/vendor/laravel/framework/src/Illuminate/Pipeline/Pipeline.php(219): App\\Http\\Middleware\\AdminMiddleware->handle()
#8 /mnt/Felo/Courses/learing/PHP/Laravel/Gorge/app/Http/Middleware/SecurityHeadersMiddleware.php(17): Illuminate\\Pipeline\\Pipeline->{closure:{closure:Illuminate\\Pipeline\\Pipeline::carry():194}:195}()
#9 /mnt/Felo/Courses/learing/PHP/Laravel/Gorge/vendor/laravel/framework/src/Illuminate/Pipeline/Pipeline.php(219): App\\Http\\Middleware\\SecurityHeadersMiddleware->handle()
#10 /mnt/Felo/Courses/learing/PHP/Laravel/Gorge/vendor/laravel/framework/src/Illuminate/Routing/Middleware/SubstituteBindings.php(52): Illuminate\\Pipeline\\Pipeline->{closure:{closure:Illuminate\\Pipeline\\Pipeline::carry():194}:195}()
#11 /mnt/Felo/Courses/learing/PHP/Laravel/Gorge/vendor/laravel/framework/src/Illuminate/Pipeline/Pipeline.php(219): Illuminate\\Routing\\Middleware\\SubstituteBindings->handle()
#12 /mnt/Felo/Courses/learing/PHP/Laravel/Gorge/vendor/laravel/framework/src/Illuminate/Auth/Middleware/Authenticate.php(63): Illuminate\\Pipeline\\Pipeline->{closure:{closure:Illuminate\\Pipeline\\Pipeline::carry():194}:195}()
#13 /mnt/Felo/Courses/learing/PHP/Laravel/Gorge/vendor/laravel/framework/src/Illuminate/Pipeline/Pipeline.php(219): Illuminate\\Auth\\Middleware\\Authenticate->handle()
#14 /mnt/Felo/Courses/learing/PHP/Laravel/Gorge/vendor/laravel/framework/src/Illuminate/Foundation/Http/Middleware/PreventRequestForgery.php(104): Illuminate\\Pipeline\\Pipeline->{closure:{closure:Illuminate\\Pipeline\\Pipeline::carry():194}:195}()
#15 /mnt/Felo/Courses/learing/PHP/Laravel/Gorge/vendor/laravel/framework/src/Illuminate/Pipeline/Pipeline.php(219): Illuminate\\Foundation\\Http\\Middleware\\PreventRequestForgery->handle()
#16 /mnt/Felo/Courses/learing/PHP/Laravel/Gorge/vendor/laravel/framework/src/Illuminate/View/Middleware/ShareErrorsFromSession.php(48): Illuminate\\Pipeline\\Pipeline->{closure:{closure:Illuminate\\Pipeline\\Pipeline::carry():194}:195}()
#17 /mnt/Felo/Courses/learing/PHP/Laravel/Gorge/vendor/laravel/framework/src/Illuminate/Pipeline/Pipeline.php(219): Illuminate\\View\\Middleware\\ShareErrorsFromSession->handle()
#18 /mnt/Felo/Courses/learing/PHP/Laravel/Gorge/vendor/laravel/framework/src/Illuminate/Session/Middleware/StartSession.php(120): Illuminate\\Pipeline\\Pipeline->{closure:{closure:Illuminate\\Pipeline\\Pipeline::carry():194}:195}()
#19 /mnt/Felo/Courses/learing/PHP/Laravel/Gorge/vendor/laravel/framework/src/Illuminate/Session/Middleware/StartSession.php(63): Illuminate\\Session\\Middleware\\StartSession->handleStatefulRequest()
#20 /mnt/Felo/Courses/learing/PHP/Laravel/Gorge/vendor/laravel/framework/src/Illuminate/Pipeline/Pipeline.php(219): Illuminate\\Session\\Middleware\\StartSession->handle()
#21 /mnt/Felo/Courses/learing/PHP/Laravel/Gorge/vendor/laravel/framework/src/Illuminate/Cookie/Middleware/AddQueuedCookiesToResponse.php(36): Illuminate\\Pipeline\\Pipeline->{closure:{closure:Illuminate\\Pipeline\\Pipeline::carry():194}:195}()
#22 /mnt/Felo/Courses/learing/PHP/Laravel/Gorge/vendor/laravel/framework/src/Illuminate/Pipeline/Pipeline.php(219): Illuminate\\Cookie\\Middleware\\AddQueuedCookiesToResponse->handle()
#23 /mnt/Felo/Courses/learing/PHP/Laravel/Gorge/vendor/laravel/framework/src/Illuminate/Cookie/Middleware/EncryptCookies.php(74): Illuminate\\Pipeline\\Pipeline->{closure:{closure:Illuminate\\Pipeline\\Pipeline::carry():194}:195}()
#24 /mnt/Felo/Courses/learing/PHP/Laravel/Gorge/vendor/laravel/framework/src/Illuminate/Pipeline/Pipeline.php(219): Illuminate\\Cookie\\Middleware\\EncryptCookies->handle()
#25 /mnt/Felo/Courses/learing/PHP/Laravel/Gorge/vendor/laravel/framework/src/Illuminate/Pipeline/Pipeline.php(137): Illuminate\\Pipeline\\Pipeline->{closure:{closure:Illuminate\\Pipeline\\Pipeline::carry():194}:195}()
#26 /mnt/Felo/Courses/learing/PHP/Laravel/Gorge/vendor/laravel/framework/src/Illuminate/Routing/Router.php(821): Illuminate\\Pipeline\\Pipeline->then()
#27 /mnt/Felo/Courses/learing/PHP/Laravel/Gorge/vendor/laravel/framework/src/Illuminate/Routing/Router.php(800): Illuminate\\Routing\\Router->runRouteWithinStack()
#28 /mnt/Felo/Courses/learing/PHP/Laravel/Gorge/vendor/laravel/framework/src/Illuminate/Routing/Router.php(764): Illuminate\\Routing\\Router->runRoute()
#29 /mnt/Felo/Courses/learing/PHP/Laravel/Gorge/vendor/laravel/framework/src/Illuminate/Routing/Router.php(753): Illuminate\\Routing\\Router->dispatchToRoute()
#30 /mnt/Felo/Courses/learing/PHP/Laravel/Gorge/vendor/laravel/framework/src/Illuminate/Foundation/Http/Kernel.php(200): Illuminate\\Routing\\Router->dispatch()
#31 /mnt/Felo/Courses/learing/PHP/Laravel/Gorge/vendor/laravel/framework/src/Illuminate/Pipeline/Pipeline.php(180): Illuminate\\Foundation\\Http\\Kernel->{closure:Illuminate\\Foundation\\Http\\Kernel::dispatchToRouter():197}()
#32 /mnt/Felo/Courses/learing/PHP/Laravel/Gorge/vendor/laravel/framework/src/Illuminate/Foundation/Http/Middleware/TransformsRequest.php(21): Illuminate\\Pipeline\\Pipeline->{closure:Illuminate\\Pipeline\\Pipeline::prepareDestination():178}()
#33 /mnt/Felo/Courses/learing/PHP/Laravel/Gorge/vendor/laravel/framework/src/Illuminate/Foundation/Http/Middleware/ConvertEmptyStringsToNull.php(31): Illuminate\\Foundation\\Http\\Middleware\\TransformsRequest->handle()
#34 /mnt/Felo/Courses/learing/PHP/Laravel/Gorge/vendor/laravel/framework/src/Illuminate/Pipeline/Pipeline.php(219): Illuminate\\Foundation\\Http\\Middleware\\ConvertEmptyStringsToNull->handle()
#35 /mnt/Felo/Courses/learing/PHP/Laravel/Gorge/vendor/laravel/framework/src/Illuminate/Foundation/Http/Middleware/TransformsRequest.php(21): Illuminate\\Pipeline\\Pipeline->{closure:{closure:Illuminate\\Pipeline\\Pipeline::carry():194}:195}()
#36 /mnt/Felo/Courses/learing/PHP/Laravel/Gorge/vendor/laravel/framework/src/Illuminate/Foundation/Http/Middleware/TrimStrings.php(51): Illuminate\\Foundation\\Http\\Middleware\\TransformsRequest->handle()
#37 /mnt/Felo/Courses/learing/PHP/Laravel/Gorge/vendor/laravel/framework/src/Illuminate/Pipeline/Pipeline.php(219): Illuminate\\Foundation\\Http\\Middleware\\TrimStrings->handle()
#38 /mnt/Felo/Courses/learing/PHP/Laravel/Gorge/vendor/laravel/framework/src/Illuminate/Http/Middleware/ValidatePostSize.php(27): Illuminate\\Pipeline\\Pipeline->{closure:{closure:Illuminate\\Pipeline\\Pipeline::carry():194}:195}()
#39 /mnt/Felo/Courses/learing/PHP/Laravel/Gorge/vendor/laravel/framework/src/Illuminate/Pipeline/Pipeline.php(219): Illuminate\\Http\\Middleware\\ValidatePostSize->handle()
#40 /mnt/Felo/Courses/learing/PHP/Laravel/Gorge/vendor/laravel/framework/src/Illuminate/Foundation/Http/Middleware/PreventRequestsDuringMaintenance.php(109): Illuminate\\Pipeline\\Pipeline->{closure:{closure:Illuminate\\Pipeline\\Pipeline::carry():194}:195}()
#41 /mnt/Felo/Courses/learing/PHP/Laravel/Gorge/vendor/laravel/framework/src/Illuminate/Pipeline/Pipeline.php(219): Illuminate\\Foundation\\Http\\Middleware\\PreventRequestsDuringMaintenance->handle()
#42 /mnt/Felo/Courses/learing/PHP/Laravel/Gorge/vendor/laravel/framework/src/Illuminate/Http/Middleware/HandleCors.php(61): Illuminate\\Pipeline\\Pipeline->{closure:{closure:Illuminate\\Pipeline\\Pipeline::carry():194}:195}()
#43 /mnt/Felo/Courses/learing/PHP/Laravel/Gorge/vendor/laravel/framework/src/Illuminate/Pipeline/Pipeline.php(219): Illuminate\\Http\\Middleware\\HandleCors->handle()
#44 /mnt/Felo/Courses/learing/PHP/Laravel/Gorge/vendor/laravel/framework/src/Illuminate/Http/Middleware/TrustProxies.php(58): Illuminate\\Pipeline\\Pipeline->{closure:{closure:Illuminate\\Pipeline\\Pipeline::carry():194}:195}()
#45 /mnt/Felo/Courses/learing/PHP/Laravel/Gorge/vendor/laravel/framework/src/Illuminate/Pipeline/Pipeline.php(219): Illuminate\\Http\\Middleware\\TrustProxies->handle()
#46 /mnt/Felo/Courses/learing/PHP/Laravel/Gorge/vendor/laravel/framework/src/Illuminate/Foundation/Http/Middleware/InvokeDeferredCallbacks.php(22): Illuminate\\Pipeline\\Pipeline->{closure:{closure:Illuminate\\Pipeline\\Pipeline::carry():194}:195}()
#47 /mnt/Felo/Courses/learing/PHP/Laravel/Gorge/vendor/laravel/framework/src/Illuminate/Pipeline/Pipeline.php(219): Illuminate\\Foundation\\Http\\Middleware\\InvokeDeferredCallbacks->handle()
#48 /mnt/Felo/Courses/learing/PHP/Laravel/Gorge/vendor/laravel/framework/src/Illuminate/Http/Middleware/ValidatePathEncoding.php(28): Illuminate\\Pipeline\\Pipeline->{closure:{closure:Illuminate\\Pipeline\\Pipeline::carry():194}:195}()
#49 /mnt/Felo/Courses/learing/PHP/Laravel/Gorge/vendor/laravel/framework/src/Illuminate/Pipeline/Pipeline.php(219): Illuminate\\Http\\Middleware\\ValidatePathEncoding->handle()
#50 /mnt/Felo/Courses/learing/PHP/Laravel/Gorge/vendor/laravel/framework/src/Illuminate/Pipeline/Pipeline.php(137): Illuminate\\Pipeline\\Pipeline->{closure:{closure:Illuminate\\Pipeline\\Pipeline::carry():194}:195}()
#51 /mnt/Felo/Courses/learing/PHP/Laravel/Gorge/vendor/laravel/framework/src/Illuminate/Foundation/Http/Kernel.php(175): Illuminate\\Pipeline\\Pipeline->then()
#52 /mnt/Felo/Courses/learing/PHP/Laravel/Gorge/vendor/laravel/framework/src/Illuminate/Foundation/Http/Kernel.php(144): Illuminate\\Foundation\\Http\\Kernel->sendRequestThroughRouter()
#53 /mnt/Felo/Courses/learing/PHP/Laravel/Gorge/vendor/laravel/framework/src/Illuminate/Foundation/Application.php(1220): Illuminate\\Foundation\\Http\\Kernel->handle()
#54 /mnt/Felo/Courses/learing/PHP/Laravel/Gorge/public/index.php(20): Illuminate\\Foundation\\Application->handleRequest()
#55 /mnt/Felo/Courses/learing/PHP/Laravel/Gorge/vendor/laravel/framework/src/Illuminate/Foundation/resources/server.php(23): require_once('...')
#56 {main}
"} 
[2026-07-16 21:07:43] local.ERROR: Class "App\Http\Resources\SessionResource" not found {"userId":1,"exception":"[object] (Error(code: 0): Class \"App\\Http\\Resources\\SessionResource\" not found at /mnt/Felo/Courses/learing/PHP/Laravel/Gorge/app/Http/Controllers/Admin/AdminSessionController.php:25)
[stacktrace]
#0 /mnt/Felo/Courses/learing/PHP/Laravel/Gorge/vendor/laravel/framework/src/Illuminate/Routing/Controller.php(54): App\\Http\\Controllers\\Admin\\AdminSessionController->store()
#1 /mnt/Felo/Courses/learing/PHP/Laravel/Gorge/vendor/laravel/framework/src/Illuminate/Routing/ControllerDispatcher.php(43): Illuminate\\Routing\\Controller->callAction()
#2 /mnt/Felo/Courses/learing/PHP/Laravel/Gorge/vendor/laravel/framework/src/Illuminate/Routing/Route.php(275): Illuminate\\Routing\\ControllerDispatcher->dispatch()
#3 /mnt/Felo/Courses/learing/PHP/Laravel/Gorge/vendor/laravel/framework/src/Illuminate/Routing/Route.php(215): Illuminate\\Routing\\Route->runController()
#4 /mnt/Felo/Courses/learing/PHP/Laravel/Gorge/vendor/laravel/framework/src/Illuminate/Routing/Router.php(822): Illuminate\\Routing\\Route->run()
#5 /mnt/Felo/Courses/learing/PHP/Laravel/Gorge/vendor/laravel/framework/src/Illuminate/Pipeline/Pipeline.php(180): Illuminate\\Routing\\Router->{closure:Illuminate\\Routing\\Router::runRouteWithinStack():821}()
#6 /mnt/Felo/Courses/learing/PHP/Laravel/Gorge/app/Http/Middleware/AdminMiddleware.php(22): Illuminate\\Pipeline\\Pipeline->{closure:Illuminate\\Pipeline\\Pipeline::prepareDestination():178}()
#7 /mnt/Felo/Courses/learing/PHP/Laravel/Gorge/vendor/laravel/framework/src/Illuminate/Pipeline/Pipeline.php(219): App\\Http\\Middleware\\AdminMiddleware->handle()
#8 /mnt/Felo/Courses/learing/PHP/Laravel/Gorge/app/Http/Middleware/SecurityHeadersMiddleware.php(17): Illuminate\\Pipeline\\Pipeline->{closure:{closure:Illuminate\\Pipeline\\Pipeline::carry():194}:195}()
#9 /mnt/Felo/Courses/learing/PHP/Laravel/Gorge/vendor/laravel/framework/src/Illuminate/Pipeline/Pipeline.php(219): App\\Http\\Middleware\\SecurityHeadersMiddleware->handle()
#10 /mnt/Felo/Courses/learing/PHP/Laravel/Gorge/vendor/laravel/framework/src/Illuminate/Routing/Middleware/SubstituteBindings.php(52): Illuminate\\Pipeline\\Pipeline->{closure:{closure:Illuminate\\Pipeline\\Pipeline::carry():194}:195}()
#11 /mnt/Felo/Courses/learing/PHP/Laravel/Gorge/vendor/laravel/framework/src/Illuminate/Pipeline/Pipeline.php(219): Illuminate\\Routing\\Middleware\\SubstituteBindings->handle()
#12 /mnt/Felo/Courses/learing/PHP/Laravel/Gorge/vendor/laravel/framework/src/Illuminate/Auth/Middleware/Authenticate.php(63): Illuminate\\Pipeline\\Pipeline->{closure:{closure:Illuminate\\Pipeline\\Pipeline::carry():194}:195}()
#13 /mnt/Felo/Courses/learing/PHP/Laravel/Gorge/vendor/laravel/framework/src/Illuminate/Pipeline/Pipeline.php(219): Illuminate\\Auth\\Middleware\\Authenticate->handle()
#14 /mnt/Felo/Courses/learing/PHP/Laravel/Gorge/vendor/laravel/framework/src/Illuminate/Foundation/Http/Middleware/PreventRequestForgery.php(104): Illuminate\\Pipeline\\Pipeline->{closure:{closure:Illuminate\\Pipeline\\Pipeline::carry():194}:195}()
#15 /mnt/Felo/Courses/learing/PHP/Laravel/Gorge/vendor/laravel/framework/src/Illuminate/Pipeline/Pipeline.php(219): Illuminate\\Foundation\\Http\\Middleware\\PreventRequestForgery->handle()
#16 /mnt/Felo/Courses/learing/PHP/Laravel/Gorge/vendor/laravel/framework/src/Illuminate/View/Middleware/ShareErrorsFromSession.php(48): Illuminate\\Pipeline\\Pipeline->{closure:{closure:Illuminate\\Pipeline\\Pipeline::carry():194}:195}()
#17 /mnt/Felo/Courses/learing/PHP/Laravel/Gorge/vendor/laravel/framework/src/Illuminate/Pipeline/Pipeline.php(219): Illuminate\\View\\Middleware\\ShareErrorsFromSession->handle()
#18 /mnt/Felo/Courses/learing/PHP/Laravel/Gorge/vendor/laravel/framework/src/Illuminate/Session/Middleware/StartSession.php(120): Illuminate\\Pipeline\\Pipeline->{closure:{closure:Illuminate\\Pipeline\\Pipeline::carry():194}:195}()
#19 /mnt/Felo/Courses/learing/PHP/Laravel/Gorge/vendor/laravel/framework/src/Illuminate/Session/Middleware/StartSession.php(63): Illuminate\\Session\\Middleware\\StartSession->handleStatefulRequest()
#20 /mnt/Felo/Courses/learing/PHP/Laravel/Gorge/vendor/laravel/framework/src/Illuminate/Pipeline/Pipeline.php(219): Illuminate\\Session\\Middleware\\StartSession->handle()
#21 /mnt/Felo/Courses/learing/PHP/Laravel/Gorge/vendor/laravel/framework/src/Illuminate/Cookie/Middleware/AddQueuedCookiesToResponse.php(36): Illuminate\\Pipeline\\Pipeline->{closure:{closure:Illuminate\\Pipeline\\Pipeline::carry():194}:195}()
#22 /mnt/Felo/Courses/learing/PHP/Laravel/Gorge/vendor/laravel/framework/src/Illuminate/Pipeline/Pipeline.php(219): Illuminate\\Cookie\\Middleware\\AddQueuedCookiesToResponse->handle()
#23 /mnt/Felo/Courses/learing/PHP/Laravel/Gorge/vendor/laravel/framework/src/Illuminate/Cookie/Middleware/EncryptCookies.php(74): Illuminate\\Pipeline\\Pipeline->{closure:{closure:Illuminate\\Pipeline\\Pipeline::carry():194}:195}()
#24 /mnt/Felo/Courses/learing/PHP/Laravel/Gorge/vendor/laravel/framework/src/Illuminate/Pipeline/Pipeline.php(219): Illuminate\\Cookie\\Middleware\\EncryptCookies->handle()
#25 /mnt/Felo/Courses/learing/PHP/Laravel/Gorge/vendor/laravel/framework/src/Illuminate/Pipeline/Pipeline.php(137): Illuminate\\Pipeline\\Pipeline->{closure:{closure:Illuminate\\Pipeline\\Pipeline::carry():194}:195}()
#26 /mnt/Felo/Courses/learing/PHP/Laravel/Gorge/vendor/laravel/framework/src/Illuminate/Routing/Router.php(821): Illuminate\\Pipeline\\Pipeline->then()
#27 /mnt/Felo/Courses/learing/PHP/Laravel/Gorge/vendor/laravel/framework/src/Illuminate/Routing/Router.php(800): Illuminate\\Routing\\Router->runRouteWithinStack()
#28 /mnt/Felo/Courses/learing/PHP/Laravel/Gorge/vendor/laravel/framework/src/Illuminate/Routing/Router.php(764): Illuminate\\Routing\\Router->runRoute()
#29 /mnt/Felo/Courses/learing/PHP/Laravel/Gorge/vendor/laravel/framework/src/Illuminate/Routing/Router.php(753): Illuminate\\Routing\\Router->dispatchToRoute()
#30 /mnt/Felo/Courses/learing/PHP/Laravel/Gorge/vendor/laravel/framework/src/Illuminate/Foundation/Http/Kernel.php(200): Illuminate\\Routing\\Router->dispatch()
#31 /mnt/Felo/Courses/learing/PHP/Laravel/Gorge/vendor/laravel/framework/src/Illuminate/Pipeline/Pipeline.php(180): Illuminate\\Foundation\\Http\\Kernel->{closure:Illuminate\\Foundation\\Http\\Kernel::dispatchToRouter():197}()
#32 /mnt/Felo/Courses/learing/PHP/Laravel/Gorge/vendor/laravel/framework/src/Illuminate/Foundation/Http/Middleware/TransformsRequest.php(21): Illuminate\\Pipeline\\Pipeline->{closure:Illuminate\\Pipeline\\Pipeline::prepareDestination():178}()
#33 /mnt/Felo/Courses/learing/PHP/Laravel/Gorge/vendor/laravel/framework/src/Illuminate/Foundation/Http/Middleware/ConvertEmptyStringsToNull.php(31): Illuminate\\Foundation\\Http\\Middleware\\TransformsRequest->handle()
#34 /mnt/Felo/Courses/learing/PHP/Laravel/Gorge/vendor/laravel/framework/src/Illuminate/Pipeline/Pipeline.php(219): Illuminate\\Foundation\\Http\\Middleware\\ConvertEmptyStringsToNull->handle()
#35 /mnt/Felo/Courses/learing/PHP/Laravel/Gorge/vendor/laravel/framework/src/Illuminate/Foundation/Http/Middleware/TransformsRequest.php(21): Illuminate\\Pipeline\\Pipeline->{closure:{closure:Illuminate\\Pipeline\\Pipeline::carry():194}:195}()
#36 /mnt/Felo/Courses/learing/PHP/Laravel/Gorge/vendor/laravel/framework/src/Illuminate/Foundation/Http/Middleware/TrimStrings.php(51): Illuminate\\Foundation\\Http\\Middleware\\TransformsRequest->handle()
#37 /mnt/Felo/Courses/learing/PHP/Laravel/Gorge/vendor/laravel/framework/src/Illuminate/Pipeline/Pipeline.php(219): Illuminate\\Foundation\\Http\\Middleware\\TrimStrings->handle()
#38 /mnt/Felo/Courses/learing/PHP/Laravel/Gorge/vendor/laravel/framework/src/Illuminate/Http/Middleware/ValidatePostSize.php(27): Illuminate\\Pipeline\\Pipeline->{closure:{closure:Illuminate\\Pipeline\\Pipeline::carry():194}:195}()
#39 /mnt/Felo/Courses/learing/PHP/Laravel/Gorge/vendor/laravel/framework/src/Illuminate/Pipeline/Pipeline.php(219): Illuminate\\Http\\Middleware\\ValidatePostSize->handle()
#40 /mnt/Felo/Courses/learing/PHP/Laravel/Gorge/vendor/laravel/framework/src/Illuminate/Foundation/Http/Middleware/PreventRequestsDuringMaintenance.php(109): Illuminate\\Pipeline\\Pipeline->{closure:{closure:Illuminate\\Pipeline\\Pipeline::carry():194}:195}()
#41 /mnt/Felo/Courses/learing/PHP/Laravel/Gorge/vendor/laravel/framework/src/Illuminate/Pipeline/Pipeline.php(219): Illuminate\\Foundation\\Http\\Middleware\\PreventRequestsDuringMaintenance->handle()
#42 /mnt/Felo/Courses/learing/PHP/Laravel/Gorge/vendor/laravel/framework/src/Illuminate/Http/Middleware/HandleCors.php(61): Illuminate\\Pipeline\\Pipeline->{closure:{closure:Illuminate\\Pipeline\\Pipeline::carry():194}:195}()
#43 /mnt/Felo/Courses/learing/PHP/Laravel/Gorge/vendor/laravel/framework/src/Illuminate/Pipeline/Pipeline.php(219): Illuminate\\Http\\Middleware\\HandleCors->handle()
#44 /mnt/Felo/Courses/learing/PHP/Laravel/Gorge/vendor/laravel/framework/src/Illuminate/Http/Middleware/TrustProxies.php(58): Illuminate\\Pipeline\\Pipeline->{closure:{closure:Illuminate\\Pipeline\\Pipeline::carry():194}:195}()
#45 /mnt/Felo/Courses/learing/PHP/Laravel/Gorge/vendor/laravel/framework/src/Illuminate/Pipeline/Pipeline.php(219): Illuminate\\Http\\Middleware\\TrustProxies->handle()
#46 /mnt/Felo/Courses/learing/PHP/Laravel/Gorge/vendor/laravel/framework/src/Illuminate/Foundation/Http/Middleware/InvokeDeferredCallbacks.php(22): Illuminate\\Pipeline\\Pipeline->{closure:{closure:Illuminate\\Pipeline\\Pipeline::carry():194}:195}()
#47 /mnt/Felo/Courses/learing/PHP/Laravel/Gorge/vendor/laravel/framework/src/Illuminate/Pipeline/Pipeline.php(219): Illuminate\\Foundation\\Http\\Middleware\\InvokeDeferredCallbacks->handle()
#48 /mnt/Felo/Courses/learing/PHP/Laravel/Gorge/vendor/laravel/framework/src/Illuminate/Http/Middleware/ValidatePathEncoding.php(28): Illuminate\\Pipeline\\Pipeline->{closure:{closure:Illuminate\\Pipeline\\Pipeline::carry():194}:195}()
#49 /mnt/Felo/Courses/learing/PHP/Laravel/Gorge/vendor/laravel/framework/src/Illuminate/Pipeline/Pipeline.php(219): Illuminate\\Http\\Middleware\\ValidatePathEncoding->handle()
#50 /mnt/Felo/Courses/learing/PHP/Laravel/Gorge/vendor/laravel/framework/src/Illuminate/Pipeline/Pipeline.php(137): Illuminate\\Pipeline\\Pipeline->{closure:{closure:Illuminate\\Pipeline\\Pipeline::carry():194}:195}()
#51 /mnt/Felo/Courses/learing/PHP/Laravel/Gorge/vendor/laravel/framework/src/Illuminate/Foundation/Http/Kernel.php(175): Illuminate\\Pipeline\\Pipeline->then()
#52 /mnt/Felo/Courses/learing/PHP/Laravel/Gorge/vendor/laravel/framework/src/Illuminate/Foundation/Http/Kernel.php(144): Illuminate\\Foundation\\Http\\Kernel->sendRequestThroughRouter()
#53 /mnt/Felo/Courses/learing/PHP/Laravel/Gorge/vendor/laravel/framework/src/Illuminate/Foundation/Application.php(1220): Illuminate\\Foundation\\Http\\Kernel->handle()
#54 /mnt/Felo/Courses/learing/PHP/Laravel/Gorge/public/index.php(20): Illuminate\\Foundation\\Application->handleRequest()
#55 /mnt/Felo/Courses/learing/PHP/Laravel/Gorge/vendor/laravel/framework/src/Illuminate/Foundation/resources/server.php(23): require_once('...')
#56 {main}
"} 
[2026-07-16 21:08:03] local.ERROR: Class "App\Http\Resources\SessionResource" not found {"userId":1,"exception":"[object] (Error(code: 0): Class \"App\\Http\\Resources\\SessionResource\" not found at /mnt/Felo/Courses/learing/PHP/Laravel/Gorge/app/Http/Resources/CourseResource.php:25)
[stacktrace]
#0 /mnt/Felo/Courses/learing/PHP/Laravel/Gorge/vendor/laravel/framework/src/Illuminate/Http/Resources/Json/JsonResource.php(147): App\\Http\\Resources\\CourseResource->toArray()
#1 /mnt/Felo/Courses/learing/PHP/Laravel/Gorge/vendor/laravel/framework/src/Illuminate/Http/Resources/Json/JsonResource.php(158): Illuminate\\Http\\Resources\\Json\\JsonResource->toAttributes()
#2 /mnt/Felo/Courses/learing/PHP/Laravel/Gorge/vendor/laravel/framework/src/Illuminate/Http/Resources/Json/JsonResource.php(122): Illuminate\\Http\\Resources\\Json\\JsonResource->resolveResourceData()
#3 /mnt/Felo/Courses/learing/PHP/Laravel/Gorge/vendor/laravel/framework/src/Illuminate/Http/Resources/Json/JsonResource.php(318): Illuminate\\Http\\Resources\\Json\\JsonResource->resolve()
#4 [internal function]: Illuminate\\Http\\Resources\\Json\\JsonResource->jsonSerialize()
#5 /mnt/Felo/Courses/learing/PHP/Laravel/Gorge/vendor/laravel/framework/src/Illuminate/Http/JsonResponse.php(87): json_encode()
#6 /mnt/Felo/Courses/learing/PHP/Laravel/Gorge/vendor/symfony/http-foundation/JsonResponse.php(49): Illuminate\\Http\\JsonResponse->setData()
#7 /mnt/Felo/Courses/learing/PHP/Laravel/Gorge/vendor/laravel/framework/src/Illuminate/Http/JsonResponse.php(31): Symfony\\Component\\HttpFoundation\\JsonResponse->__construct()
#8 /mnt/Felo/Courses/learing/PHP/Laravel/Gorge/vendor/laravel/framework/src/Illuminate/Routing/ResponseFactory.php(105): Illuminate\\Http\\JsonResponse->__construct()
#9 /mnt/Felo/Courses/learing/PHP/Laravel/Gorge/app/Http/Controllers/Admin/AdminCourseController.php(25): Illuminate\\Routing\\ResponseFactory->json()
#10 /mnt/Felo/Courses/learing/PHP/Laravel/Gorge/vendor/laravel/framework/src/Illuminate/Routing/Controller.php(54): App\\Http\\Controllers\\Admin\\AdminCourseController->store()
#11 /mnt/Felo/Courses/learing/PHP/Laravel/Gorge/vendor/laravel/framework/src/Illuminate/Routing/ControllerDispatcher.php(43): Illuminate\\Routing\\Controller->callAction()
#12 /mnt/Felo/Courses/learing/PHP/Laravel/Gorge/vendor/laravel/framework/src/Illuminate/Routing/Route.php(275): Illuminate\\Routing\\ControllerDispatcher->dispatch()
#13 /mnt/Felo/Courses/learing/PHP/Laravel/Gorge/vendor/laravel/framework/src/Illuminate/Routing/Route.php(215): Illuminate\\Routing\\Route->runController()
#14 /mnt/Felo/Courses/learing/PHP/Laravel/Gorge/vendor/laravel/framework/src/Illuminate/Routing/Router.php(822): Illuminate\\Routing\\Route->run()
#15 /mnt/Felo/Courses/learing/PHP/Laravel/Gorge/vendor/laravel/framework/src/Illuminate/Pipeline/Pipeline.php(180): Illuminate\\Routing\\Router->{closure:Illuminate\\Routing\\Router::runRouteWithinStack():821}()
#16 /mnt/Felo/Courses/learing/PHP/Laravel/Gorge/app/Http/Middleware/AdminMiddleware.php(22): Illuminate\\Pipeline\\Pipeline->{closure:Illuminate\\Pipeline\\Pipeline::prepareDestination():178}()
#17 /mnt/Felo/Courses/learing/PHP/Laravel/Gorge/vendor/laravel/framework/src/Illuminate/Pipeline/Pipeline.php(219): App\\Http\\Middleware\\AdminMiddleware->handle()
#18 /mnt/Felo/Courses/learing/PHP/Laravel/Gorge/app/Http/Middleware/SecurityHeadersMiddleware.php(17): Illuminate\\Pipeline\\Pipeline->{closure:{closure:Illuminate\\Pipeline\\Pipeline::carry():194}:195}()
#19 /mnt/Felo/Courses/learing/PHP/Laravel/Gorge/vendor/laravel/framework/src/Illuminate/Pipeline/Pipeline.php(219): App\\Http\\Middleware\\SecurityHeadersMiddleware->handle()
#20 /mnt/Felo/Courses/learing/PHP/Laravel/Gorge/vendor/laravel/framework/src/Illuminate/Routing/Middleware/SubstituteBindings.php(52): Illuminate\\Pipeline\\Pipeline->{closure:{closure:Illuminate\\Pipeline\\Pipeline::carry():194}:195}()
#21 /mnt/Felo/Courses/learing/PHP/Laravel/Gorge/vendor/laravel/framework/src/Illuminate/Pipeline/Pipeline.php(219): Illuminate\\Routing\\Middleware\\SubstituteBindings->handle()
#22 /mnt/Felo/Courses/learing/PHP/Laravel/Gorge/vendor/laravel/framework/src/Illuminate/Auth/Middleware/Authenticate.php(63): Illuminate\\Pipeline\\Pipeline->{closure:{closure:Illuminate\\Pipeline\\Pipeline::carry():194}:195}()
#23 /mnt/Felo/Courses/learing/PHP/Laravel/Gorge/vendor/laravel/framework/src/Illuminate/Pipeline/Pipeline.php(219): Illuminate\\Auth\\Middleware\\Authenticate->handle()
#24 /mnt/Felo/Courses/learing/PHP/Laravel/Gorge/vendor/laravel/framework/src/Illuminate/Foundation/Http/Middleware/PreventRequestForgery.php(104): Illuminate\\Pipeline\\Pipeline->{closure:{closure:Illuminate\\Pipeline\\Pipeline::carry():194}:195}()
#25 /mnt/Felo/Courses/learing/PHP/Laravel/Gorge/vendor/laravel/framework/src/Illuminate/Pipeline/Pipeline.php(219): Illuminate\\Foundation\\Http\\Middleware\\PreventRequestForgery->handle()
#26 /mnt/Felo/Courses/learing/PHP/Laravel/Gorge/vendor/laravel/framework/src/Illuminate/View/Middleware/ShareErrorsFromSession.php(48): Illuminate\\Pipeline\\Pipeline->{closure:{closure:Illuminate\\Pipeline\\Pipeline::carry():194}:195}()
#27 /mnt/Felo/Courses/learing/PHP/Laravel/Gorge/vendor/laravel/framework/src/Illuminate/Pipeline/Pipeline.php(219): Illuminate\\View\\Middleware\\ShareErrorsFromSession->handle()
#28 /mnt/Felo/Courses/learing/PHP/Laravel/Gorge/vendor/laravel/framework/src/Illuminate/Session/Middleware/StartSession.php(120): Illuminate\\Pipeline\\Pipeline->{closure:{closure:Illuminate\\Pipeline\\Pipeline::carry():194}:195}()
#29 /mnt/Felo/Courses/learing/PHP/Laravel/Gorge/vendor/laravel/framework/src/Illuminate/Session/Middleware/StartSession.php(63): Illuminate\\Session\\Middleware\\StartSession->handleStatefulRequest()
#30 /mnt/Felo/Courses/learing/PHP/Laravel/Gorge/vendor/laravel/framework/src/Illuminate/Pipeline/Pipeline.php(219): Illuminate\\Session\\Middleware\\StartSession->handle()
#31 /mnt/Felo/Courses/learing/PHP/Laravel/Gorge/vendor/laravel/framework/src/Illuminate/Cookie/Middleware/AddQueuedCookiesToResponse.php(36): Illuminate\\Pipeline\\Pipeline->{closure:{closure:Illuminate\\Pipeline\\Pipeline::carry():194}:195}()
#32 /mnt/Felo/Courses/learing/PHP/Laravel/Gorge/vendor/laravel/framework/src/Illuminate/Pipeline/Pipeline.php(219): Illuminate\\Cookie\\Middleware\\AddQueuedCookiesToResponse->handle()
#33 /mnt/Felo/Courses/learing/PHP/Laravel/Gorge/vendor/laravel/framework/src/Illuminate/Cookie/Middleware/EncryptCookies.php(74): Illuminate\\Pipeline\\Pipeline->{closure:{closure:Illuminate\\Pipeline\\Pipeline::carry():194}:195}()
#34 /mnt/Felo/Courses/learing/PHP/Laravel/Gorge/vendor/laravel/framework/src/Illuminate/Pipeline/Pipeline.php(219): Illuminate\\Cookie\\Middleware\\EncryptCookies->handle()
#35 /mnt/Felo/Courses/learing/PHP/Laravel/Gorge/vendor/laravel/framework/src/Illuminate/Pipeline/Pipeline.php(137): Illuminate\\Pipeline\\Pipeline->{closure:{closure:Illuminate\\Pipeline\\Pipeline::carry():194}:195}()
#36 /mnt/Felo/Courses/learing/PHP/Laravel/Gorge/vendor/laravel/framework/src/Illuminate/Routing/Router.php(821): Illuminate\\Pipeline\\Pipeline->then()
#37 /mnt/Felo/Courses/learing/PHP/Laravel/Gorge/vendor/laravel/framework/src/Illuminate/Routing/Router.php(800): Illuminate\\Routing\\Router->runRouteWithinStack()
#38 /mnt/Felo/Courses/learing/PHP/Laravel/Gorge/vendor/laravel/framework/src/Illuminate/Routing/Router.php(764): Illuminate\\Routing\\Router->runRoute()
#39 /mnt/Felo/Courses/learing/PHP/Laravel/Gorge/vendor/laravel/framework/src/Illuminate/Routing/Router.php(753): Illuminate\\Routing\\Router->dispatchToRoute()
#40 /mnt/Felo/Courses/learing/PHP/Laravel/Gorge/vendor/laravel/framework/src/Illuminate/Foundation/Http/Kernel.php(200): Illuminate\\Routing\\Router->dispatch()
#41 /mnt/Felo/Courses/learing/PHP/Laravel/Gorge/vendor/laravel/framework/src/Illuminate/Pipeline/Pipeline.php(180): Illuminate\\Foundation\\Http\\Kernel->{closure:Illuminate\\Foundation\\Http\\Kernel::dispatchToRouter():197}()
#42 /mnt/Felo/Courses/learing/PHP/Laravel/Gorge/vendor/laravel/framework/src/Illuminate/Foundation/Http/Middleware/TransformsRequest.php(21): Illuminate\\Pipeline\\Pipeline->{closure:Illuminate\\Pipeline\\Pipeline::prepareDestination():178}()
#43 /mnt/Felo/Courses/learing/PHP/Laravel/Gorge/vendor/laravel/framework/src/Illuminate/Foundation/Http/Middleware/ConvertEmptyStringsToNull.php(31): Illuminate\\Foundation\\Http\\Middleware\\TransformsRequest->handle()
#44 /mnt/Felo/Courses/learing/PHP/Laravel/Gorge/vendor/laravel/framework/src/Illuminate/Pipeline/Pipeline.php(219): Illuminate\\Foundation\\Http\\Middleware\\ConvertEmptyStringsToNull->handle()
#45 /mnt/Felo/Courses/learing/PHP/Laravel/Gorge/vendor/laravel/framework/src/Illuminate/Foundation/Http/Middleware/TransformsRequest.php(21): Illuminate\\Pipeline\\Pipeline->{closure:{closure:Illuminate\\Pipeline\\Pipeline::carry():194}:195}()
#46 /mnt/Felo/Courses/learing/PHP/Laravel/Gorge/vendor/laravel/framework/src/Illuminate/Foundation/Http/Middleware/TrimStrings.php(51): Illuminate\\Foundation\\Http\\Middleware\\TransformsRequest->handle()
#47 /mnt/Felo/Courses/learing/PHP/Laravel/Gorge/vendor/laravel/framework/src/Illuminate/Pipeline/Pipeline.php(219): Illuminate\\Foundation\\Http\\Middleware\\TrimStrings->handle()
#48 /mnt/Felo/Courses/learing/PHP/Laravel/Gorge/vendor/laravel/framework/src/Illuminate/Http/Middleware/ValidatePostSize.php(27): Illuminate\\Pipeline\\Pipeline->{closure:{closure:Illuminate\\Pipeline\\Pipeline::carry():194}:195}()
#49 /mnt/Felo/Courses/learing/PHP/Laravel/Gorge/vendor/laravel/framework/src/Illuminate/Pipeline/Pipeline.php(219): Illuminate\\Http\\Middleware\\ValidatePostSize->handle()
#50 /mnt/Felo/Courses/learing/PHP/Laravel/Gorge/vendor/laravel/framework/src/Illuminate/Foundation/Http/Middleware/PreventRequestsDuringMaintenance.php(109): Illuminate\\Pipeline\\Pipeline->{closure:{closure:Illuminate\\Pipeline\\Pipeline::carry():194}:195}()
#51 /mnt/Felo/Courses/learing/PHP/Laravel/Gorge/vendor/laravel/framework/src/Illuminate/Pipeline/Pipeline.php(219): Illuminate\\Foundation\\Http\\Middleware\\PreventRequestsDuringMaintenance->handle()
#52 /mnt/Felo/Courses/learing/PHP/Laravel/Gorge/vendor/laravel/framework/src/Illuminate/Http/Middleware/HandleCors.php(61): Illuminate\\Pipeline\\Pipeline->{closure:{closure:Illuminate\\Pipeline\\Pipeline::carry():194}:195}()
#53 /mnt/Felo/Courses/learing/PHP/Laravel/Gorge/vendor/laravel/framework/src/Illuminate/Pipeline/Pipeline.php(219): Illuminate\\Http\\Middleware\\HandleCors->handle()
#54 /mnt/Felo/Courses/learing/PHP/Laravel/Gorge/vendor/laravel/framework/src/Illuminate/Http/Middleware/TrustProxies.php(58): Illuminate\\Pipeline\\Pipeline->{closure:{closure:Illuminate\\Pipeline\\Pipeline::carry():194}:195}()
#55 /mnt/Felo/Courses/learing/PHP/Laravel/Gorge/vendor/laravel/framework/src/Illuminate/Pipeline/Pipeline.php(219): Illuminate\\Http\\Middleware\\TrustProxies->handle()
#56 /mnt/Felo/Courses/learing/PHP/Laravel/Gorge/vendor/laravel/framework/src/Illuminate/Foundation/Http/Middleware/InvokeDeferredCallbacks.php(22): Illuminate\\Pipeline\\Pipeline->{closure:{closure:Illuminate\\Pipeline\\Pipeline::carry():194}:195}()
#57 /mnt/Felo/Courses/learing/PHP/Laravel/Gorge/vendor/laravel/framework/src/Illuminate/Pipeline/Pipeline.php(219): Illuminate\\Foundation\\Http\\Middleware\\InvokeDeferredCallbacks->handle()
#58 /mnt/Felo/Courses/learing/PHP/Laravel/Gorge/vendor/laravel/framework/src/Illuminate/Http/Middleware/ValidatePathEncoding.php(28): Illuminate\\Pipeline\\Pipeline->{closure:{closure:Illuminate\\Pipeline\\Pipeline::carry():194}:195}()
#59 /mnt/Felo/Courses/learing/PHP/Laravel/Gorge/vendor/laravel/framework/src/Illuminate/Pipeline/Pipeline.php(219): Illuminate\\Http\\Middleware\\ValidatePathEncoding->handle()
#60 /mnt/Felo/Courses/learing/PHP/Laravel/Gorge/vendor/laravel/framework/src/Illuminate/Pipeline/Pipeline.php(137): Illuminate\\Pipeline\\Pipeline->{closure:{closure:Illuminate\\Pipeline\\Pipeline::carry():194}:195}()
#61 /mnt/Felo/Courses/learing/PHP/Laravel/Gorge/vendor/laravel/framework/src/Illuminate/Foundation/Http/Kernel.php(175): Illuminate\\Pipeline\\Pipeline->then()
#62 /mnt/Felo/Courses/learing/PHP/Laravel/Gorge/vendor/laravel/framework/src/Illuminate/Foundation/Http/Kernel.php(144): Illuminate\\Foundation\\Http\\Kernel->sendRequestThroughRouter()
#63 /mnt/Felo/Courses/learing/PHP/Laravel/Gorge/vendor/laravel/framework/src/Illuminate/Foundation/Application.php(1220): Illuminate\\Foundation\\Http\\Kernel->handle()
#64 /mnt/Felo/Courses/learing/PHP/Laravel/Gorge/public/index.php(20): Illuminate\\Foundation\\Application->handleRequest()
#65 /mnt/Felo/Courses/learing/PHP/Laravel/Gorge/vendor/laravel/framework/src/Illuminate/Foundation/resources/server.php(23): require_once('...')
#66 {main}
"} 
[2026-07-16 21:08:04] local.ERROR: Class "App\Http\Resources\SessionResource" not found {"userId":1,"exception":"[object] (Error(code: 0): Class \"App\\Http\\Resources\\SessionResource\" not found at /mnt/Felo/Courses/learing/PHP/Laravel/Gorge/app/Http/Resources/CourseResource.php:25)
[stacktrace]
#0 /mnt/Felo/Courses/learing/PHP/Laravel/Gorge/vendor/laravel/framework/src/Illuminate/Http/Resources/Json/JsonResource.php(147): App\\Http\\Resources\\CourseResource->toArray()
#1 /mnt/Felo/Courses/learing/PHP/Laravel/Gorge/vendor/laravel/framework/src/Illuminate/Http/Resources/Json/JsonResource.php(158): Illuminate\\Http\\Resources\\Json\\JsonResource->toAttributes()
#2 /mnt/Felo/Courses/learing/PHP/Laravel/Gorge/vendor/laravel/framework/src/Illuminate/Http/Resources/Json/JsonResource.php(122): Illuminate\\Http\\Resources\\Json\\JsonResource->resolveResourceData()
#3 /mnt/Felo/Courses/learing/PHP/Laravel/Gorge/vendor/laravel/framework/src/Illuminate/Http/Resources/Json/JsonResource.php(318): Illuminate\\Http\\Resources\\Json\\JsonResource->resolve()
#4 [internal function]: Illuminate\\Http\\Resources\\Json\\JsonResource->jsonSerialize()
#5 /mnt/Felo/Courses/learing/PHP/Laravel/Gorge/vendor/laravel/framework/src/Illuminate/Http/JsonResponse.php(87): json_encode()
#6 /mnt/Felo/Courses/learing/PHP/Laravel/Gorge/vendor/symfony/http-foundation/JsonResponse.php(49): Illuminate\\Http\\JsonResponse->setData()
#7 /mnt/Felo/Courses/learing/PHP/Laravel/Gorge/vendor/laravel/framework/src/Illuminate/Http/JsonResponse.php(31): Symfony\\Component\\HttpFoundation\\JsonResponse->__construct()
#8 /mnt/Felo/Courses/learing/PHP/Laravel/Gorge/vendor/laravel/framework/src/Illuminate/Routing/ResponseFactory.php(105): Illuminate\\Http\\JsonResponse->__construct()
#9 /mnt/Felo/Courses/learing/PHP/Laravel/Gorge/app/Http/Controllers/Admin/AdminCourseController.php(25): Illuminate\\Routing\\ResponseFactory->json()
#10 /mnt/Felo/Courses/learing/PHP/Laravel/Gorge/vendor/laravel/framework/src/Illuminate/Routing/Controller.php(54): App\\Http\\Controllers\\Admin\\AdminCourseController->store()
#11 /mnt/Felo/Courses/learing/PHP/Laravel/Gorge/vendor/laravel/framework/src/Illuminate/Routing/ControllerDispatcher.php(43): Illuminate\\Routing\\Controller->callAction()
#12 /mnt/Felo/Courses/learing/PHP/Laravel/Gorge/vendor/laravel/framework/src/Illuminate/Routing/Route.php(275): Illuminate\\Routing\\ControllerDispatcher->dispatch()
#13 /mnt/Felo/Courses/learing/PHP/Laravel/Gorge/vendor/laravel/framework/src/Illuminate/Routing/Route.php(215): Illuminate\\Routing\\Route->runController()
#14 /mnt/Felo/Courses/learing/PHP/Laravel/Gorge/vendor/laravel/framework/src/Illuminate/Routing/Router.php(822): Illuminate\\Routing\\Route->run()
#15 /mnt/Felo/Courses/learing/PHP/Laravel/Gorge/vendor/laravel/framework/src/Illuminate/Pipeline/Pipeline.php(180): Illuminate\\Routing\\Router->{closure:Illuminate\\Routing\\Router::runRouteWithinStack():821}()
#16 /mnt/Felo/Courses/learing/PHP/Laravel/Gorge/app/Http/Middleware/AdminMiddleware.php(22): Illuminate\\Pipeline\\Pipeline->{closure:Illuminate\\Pipeline\\Pipeline::prepareDestination():178}()
#17 /mnt/Felo/Courses/learing/PHP/Laravel/Gorge/vendor/laravel/framework/src/Illuminate/Pipeline/Pipeline.php(219): App\\Http\\Middleware\\AdminMiddleware->handle()
#18 /mnt/Felo/Courses/learing/PHP/Laravel/Gorge/app/Http/Middleware/SecurityHeadersMiddleware.php(17): Illuminate\\Pipeline\\Pipeline->{closure:{closure:Illuminate\\Pipeline\\Pipeline::carry():194}:195}()
#19 /mnt/Felo/Courses/learing/PHP/Laravel/Gorge/vendor/laravel/framework/src/Illuminate/Pipeline/Pipeline.php(219): App\\Http\\Middleware\\SecurityHeadersMiddleware->handle()
#20 /mnt/Felo/Courses/learing/PHP/Laravel/Gorge/vendor/laravel/framework/src/Illuminate/Routing/Middleware/SubstituteBindings.php(52): Illuminate\\Pipeline\\Pipeline->{closure:{closure:Illuminate\\Pipeline\\Pipeline::carry():194}:195}()
#21 /mnt/Felo/Courses/learing/PHP/Laravel/Gorge/vendor/laravel/framework/src/Illuminate/Pipeline/Pipeline.php(219): Illuminate\\Routing\\Middleware\\SubstituteBindings->handle()
#22 /mnt/Felo/Courses/learing/PHP/Laravel/Gorge/vendor/laravel/framework/src/Illuminate/Auth/Middleware/Authenticate.php(63): Illuminate\\Pipeline\\Pipeline->{closure:{closure:Illuminate\\Pipeline\\Pipeline::carry():194}:195}()
#23 /mnt/Felo/Courses/learing/PHP/Laravel/Gorge/vendor/laravel/framework/src/Illuminate/Pipeline/Pipeline.php(219): Illuminate\\Auth\\Middleware\\Authenticate->handle()
#24 /mnt/Felo/Courses/learing/PHP/Laravel/Gorge/vendor/laravel/framework/src/Illuminate/Foundation/Http/Middleware/PreventRequestForgery.php(104): Illuminate\\Pipeline\\Pipeline->{closure:{closure:Illuminate\\Pipeline\\Pipeline::carry():194}:195}()
#25 /mnt/Felo/Courses/learing/PHP/Laravel/Gorge/vendor/laravel/framework/src/Illuminate/Pipeline/Pipeline.php(219): Illuminate\\Foundation\\Http\\Middleware\\PreventRequestForgery->handle()
#26 /mnt/Felo/Courses/learing/PHP/Laravel/Gorge/vendor/laravel/framework/src/Illuminate/View/Middleware/ShareErrorsFromSession.php(48): Illuminate\\Pipeline\\Pipeline->{closure:{closure:Illuminate\\Pipeline\\Pipeline::carry():194}:195}()
#27 /mnt/Felo/Courses/learing/PHP/Laravel/Gorge/vendor/laravel/framework/src/Illuminate/Pipeline/Pipeline.php(219): Illuminate\\View\\Middleware\\ShareErrorsFromSession->handle()
#28 /mnt/Felo/Courses/learing/PHP/Laravel/Gorge/vendor/laravel/framework/src/Illuminate/Session/Middleware/StartSession.php(120): Illuminate\\Pipeline\\Pipeline->{closure:{closure:Illuminate\\Pipeline\\Pipeline::carry():194}:195}()
#29 /mnt/Felo/Courses/learing/PHP/Laravel/Gorge/vendor/laravel/framework/src/Illuminate/Session/Middleware/StartSession.php(63): Illuminate\\Session\\Middleware\\StartSession->handleStatefulRequest()
#30 /mnt/Felo/Courses/learing/PHP/Laravel/Gorge/vendor/laravel/framework/src/Illuminate/Pipeline/Pipeline.php(219): Illuminate\\Session\\Middleware\\StartSession->handle()
#31 /mnt/Felo/Courses/learing/PHP/Laravel/Gorge/vendor/laravel/framework/src/Illuminate/Cookie/Middleware/AddQueuedCookiesToResponse.php(36): Illuminate\\Pipeline\\Pipeline->{closure:{closure:Illuminate\\Pipeline\\Pipeline::carry():194}:195}()
#32 /mnt/Felo/Courses/learing/PHP/Laravel/Gorge/vendor/laravel/framework/src/Illuminate/Pipeline/Pipeline.php(219): Illuminate\\Cookie\\Middleware\\AddQueuedCookiesToResponse->handle()
#33 /mnt/Felo/Courses/learing/PHP/Laravel/Gorge/vendor/laravel/framework/src/Illuminate/Cookie/Middleware/EncryptCookies.php(74): Illuminate\\Pipeline\\Pipeline->{closure:{closure:Illuminate\\Pipeline\\Pipeline::carry():194}:195}()
#34 /mnt/Felo/Courses/learing/PHP/Laravel/Gorge/vendor/laravel/framework/src/Illuminate/Pipeline/Pipeline.php(219): Illuminate\\Cookie\\Middleware\\EncryptCookies->handle()
#35 /mnt/Felo/Courses/learing/PHP/Laravel/Gorge/vendor/laravel/framework/src/Illuminate/Pipeline/Pipeline.php(137): Illuminate\\Pipeline\\Pipeline->{closure:{closure:Illuminate\\Pipeline\\Pipeline::carry():194}:195}()
#36 /mnt/Felo/Courses/learing/PHP/Laravel/Gorge/vendor/laravel/framework/src/Illuminate/Routing/Router.php(821): Illuminate\\Pipeline\\Pipeline->then()
#37 /mnt/Felo/Courses/learing/PHP/Laravel/Gorge/vendor/laravel/framework/src/Illuminate/Routing/Router.php(800): Illuminate\\Routing\\Router->runRouteWithinStack()
#38 /mnt/Felo/Courses/learing/PHP/Laravel/Gorge/vendor/laravel/framework/src/Illuminate/Routing/Router.php(764): Illuminate\\Routing\\Router->runRoute()
#39 /mnt/Felo/Courses/learing/PHP/Laravel/Gorge/vendor/laravel/framework/src/Illuminate/Routing/Router.php(753): Illuminate\\Routing\\Router->dispatchToRoute()
#40 /mnt/Felo/Courses/learing/PHP/Laravel/Gorge/vendor/laravel/framework/src/Illuminate/Foundation/Http/Kernel.php(200): Illuminate\\Routing\\Router->dispatch()
#41 /mnt/Felo/Courses/learing/PHP/Laravel/Gorge/vendor/laravel/framework/src/Illuminate/Pipeline/Pipeline.php(180): Illuminate\\Foundation\\Http\\Kernel->{closure:Illuminate\\Foundation\\Http\\Kernel::dispatchToRouter():197}()
#42 /mnt/Felo/Courses/learing/PHP/Laravel/Gorge/vendor/laravel/framework/src/Illuminate/Foundation/Http/Middleware/TransformsRequest.php(21): Illuminate\\Pipeline\\Pipeline->{closure:Illuminate\\Pipeline\\Pipeline::prepareDestination():178}()
#43 /mnt/Felo/Courses/learing/PHP/Laravel/Gorge/vendor/laravel/framework/src/Illuminate/Foundation/Http/Middleware/ConvertEmptyStringsToNull.php(31): Illuminate\\Foundation\\Http\\Middleware\\TransformsRequest->handle()
#44 /mnt/Felo/Courses/learing/PHP/Laravel/Gorge/vendor/laravel/framework/src/Illuminate/Pipeline/Pipeline.php(219): Illuminate\\Foundation\\Http\\Middleware\\ConvertEmptyStringsToNull->handle()
#45 /mnt/Felo/Courses/learing/PHP/Laravel/Gorge/vendor/laravel/framework/src/Illuminate/Foundation/Http/Middleware/TransformsRequest.php(21): Illuminate\\Pipeline\\Pipeline->{closure:{closure:Illuminate\\Pipeline\\Pipeline::carry():194}:195}()
#46 /mnt/Felo/Courses/learing/PHP/Laravel/Gorge/vendor/laravel/framework/src/Illuminate/Foundation/Http/Middleware/TrimStrings.php(51): Illuminate\\Foundation\\Http\\Middleware\\TransformsRequest->handle()
#47 /mnt/Felo/Courses/learing/PHP/Laravel/Gorge/vendor/laravel/framework/src/Illuminate/Pipeline/Pipeline.php(219): Illuminate\\Foundation\\Http\\Middleware\\TrimStrings->handle()
#48 /mnt/Felo/Courses/learing/PHP/Laravel/Gorge/vendor/laravel/framework/src/Illuminate/Http/Middleware/ValidatePostSize.php(27): Illuminate\\Pipeline\\Pipeline->{closure:{closure:Illuminate\\Pipeline\\Pipeline::carry():194}:195}()
#49 /mnt/Felo/Courses/learing/PHP/Laravel/Gorge/vendor/laravel/framework/src/Illuminate/Pipeline/Pipeline.php(219): Illuminate\\Http\\Middleware\\ValidatePostSize->handle()
#50 /mnt/Felo/Courses/learing/PHP/Laravel/Gorge/vendor/laravel/framework/src/Illuminate/Foundation/Http/Middleware/PreventRequestsDuringMaintenance.php(109): Illuminate\\Pipeline\\Pipeline->{closure:{closure:Illuminate\\Pipeline\\Pipeline::carry():194}:195}()
#51 /mnt/Felo/Courses/learing/PHP/Laravel/Gorge/vendor/laravel/framework/src/Illuminate/Pipeline/Pipeline.php(219): Illuminate\\Foundation\\Http\\Middleware\\PreventRequestsDuringMaintenance->handle()
#52 /mnt/Felo/Courses/learing/PHP/Laravel/Gorge/vendor/laravel/framework/src/Illuminate/Http/Middleware/HandleCors.php(61): Illuminate\\Pipeline\\Pipeline->{closure:{closure:Illuminate\\Pipeline\\Pipeline::carry():194}:195}()
#53 /mnt/Felo/Courses/learing/PHP/Laravel/Gorge/vendor/laravel/framework/src/Illuminate/Pipeline/Pipeline.php(219): Illuminate\\Http\\Middleware\\HandleCors->handle()
#54 /mnt/Felo/Courses/learing/PHP/Laravel/Gorge/vendor/laravel/framework/src/Illuminate/Http/Middleware/TrustProxies.php(58): Illuminate\\Pipeline\\Pipeline->{closure:{closure:Illuminate\\Pipeline\\Pipeline::carry():194}:195}()
#55 /mnt/Felo/Courses/learing/PHP/Laravel/Gorge/vendor/laravel/framework/src/Illuminate/Pipeline/Pipeline.php(219): Illuminate\\Http\\Middleware\\TrustProxies->handle()
#56 /mnt/Felo/Courses/learing/PHP/Laravel/Gorge/vendor/laravel/framework/src/Illuminate/Foundation/Http/Middleware/InvokeDeferredCallbacks.php(22): Illuminate\\Pipeline\\Pipeline->{closure:{closure:Illuminate\\Pipeline\\Pipeline::carry():194}:195}()
#57 /mnt/Felo/Courses/learing/PHP/Laravel/Gorge/vendor/laravel/framework/src/Illuminate/Pipeline/Pipeline.php(219): Illuminate\\Foundation\\Http\\Middleware\\InvokeDeferredCallbacks->handle()
#58 /mnt/Felo/Courses/learing/PHP/Laravel/Gorge/vendor/laravel/framework/src/Illuminate/Http/Middleware/ValidatePathEncoding.php(28): Illuminate\\Pipeline\\Pipeline->{closure:{closure:Illuminate\\Pipeline\\Pipeline::carry():194}:195}()
#59 /mnt/Felo/Courses/learing/PHP/Laravel/Gorge/vendor/laravel/framework/src/Illuminate/Pipeline/Pipeline.php(219): Illuminate\\Http\\Middleware\\ValidatePathEncoding->handle()
#60 /mnt/Felo/Courses/learing/PHP/Laravel/Gorge/vendor/laravel/framework/src/Illuminate/Pipeline/Pipeline.php(137): Illuminate\\Pipeline\\Pipeline->{closure:{closure:Illuminate\\Pipeline\\Pipeline::carry():194}:195}()
#61 /mnt/Felo/Courses/learing/PHP/Laravel/Gorge/vendor/laravel/framework/src/Illuminate/Foundation/Http/Kernel.php(175): Illuminate\\Pipeline\\Pipeline->then()
#62 /mnt/Felo/Courses/learing/PHP/Laravel/Gorge/vendor/laravel/framework/src/Illuminate/Foundation/Http/Kernel.php(144): Illuminate\\Foundation\\Http\\Kernel->sendRequestThroughRouter()
#63 /mnt/Felo/Courses/learing/PHP/Laravel/Gorge/vendor/laravel/framework/src/Illuminate/Foundation/Application.php(1220): Illuminate\\Foundation\\Http\\Kernel->handle()
#64 /mnt/Felo/Courses/learing/PHP/Laravel/Gorge/public/index.php(20): Illuminate\\Foundation\\Application->handleRequest()
#65 /mnt/Felo/Courses/learing/PHP/Laravel/Gorge/vendor/laravel/framework/src/Illuminate/Foundation/resources/server.php(23): require_once('...')
#66 {main}
"} 
[2026-07-16 21:08:05] local.ERROR: Class "App\Http\Resources\SessionResource" not found {"userId":1,"exception":"[object] (Error(code: 0): Class \"App\\Http\\Resources\\SessionResource\" not found at /mnt/Felo/Courses/learing/PHP/Laravel/Gorge/app/Http/Resources/CourseResource.php:25)
[stacktrace]
#0 /mnt/Felo/Courses/learing/PHP/Laravel/Gorge/vendor/laravel/framework/src/Illuminate/Http/Resources/Json/JsonResource.php(147): App\\Http\\Resources\\CourseResource->toArray()
#1 /mnt/Felo/Courses/learing/PHP/Laravel/Gorge/vendor/laravel/framework/src/Illuminate/Http/Resources/Json/JsonResource.php(158): Illuminate\\Http\\Resources\\Json\\JsonResource->toAttributes()
#2 /mnt/Felo/Courses/learing/PHP/Laravel/Gorge/vendor/laravel/framework/src/Illuminate/Http/Resources/Json/JsonResource.php(122): Illuminate\\Http\\Resources\\Json\\JsonResource->resolveResourceData()
#3 /mnt/Felo/Courses/learing/PHP/Laravel/Gorge/vendor/laravel/framework/src/Illuminate/Http/Resources/Json/JsonResource.php(318): Illuminate\\Http\\Resources\\Json\\JsonResource->resolve()
#4 [internal function]: Illuminate\\Http\\Resources\\Json\\JsonResource->jsonSerialize()
#5 /mnt/Felo/Courses/learing/PHP/Laravel/Gorge/vendor/laravel/framework/src/Illuminate/Http/JsonResponse.php(87): json_encode()
#6 /mnt/Felo/Courses/learing/PHP/Laravel/Gorge/vendor/symfony/http-foundation/JsonResponse.php(49): Illuminate\\Http\\JsonResponse->setData()
#7 /mnt/Felo/Courses/learing/PHP/Laravel/Gorge/vendor/laravel/framework/src/Illuminate/Http/JsonResponse.php(31): Symfony\\Component\\HttpFoundation\\JsonResponse->__construct()
#8 /mnt/Felo/Courses/learing/PHP/Laravel/Gorge/vendor/laravel/framework/src/Illuminate/Routing/ResponseFactory.php(105): Illuminate\\Http\\JsonResponse->__construct()
#9 /mnt/Felo/Courses/learing/PHP/Laravel/Gorge/app/Http/Controllers/Admin/AdminCourseController.php(25): Illuminate\\Routing\\ResponseFactory->json()
#10 /mnt/Felo/Courses/learing/PHP/Laravel/Gorge/vendor/laravel/framework/src/Illuminate/Routing/Controller.php(54): App\\Http\\Controllers\\Admin\\AdminCourseController->store()
#11 /mnt/Felo/Courses/learing/PHP/Laravel/Gorge/vendor/laravel/framework/src/Illuminate/Routing/ControllerDispatcher.php(43): Illuminate\\Routing\\Controller->callAction()
#12 /mnt/Felo/Courses/learing/PHP/Laravel/Gorge/vendor/laravel/framework/src/Illuminate/Routing/Route.php(275): Illuminate\\Routing\\ControllerDispatcher->dispatch()
#13 /mnt/Felo/Courses/learing/PHP/Laravel/Gorge/vendor/laravel/framework/src/Illuminate/Routing/Route.php(215): Illuminate\\Routing\\Route->runController()
#14 /mnt/Felo/Courses/learing/PHP/Laravel/Gorge/vendor/laravel/framework/src/Illuminate/Routing/Router.php(822): Illuminate\\Routing\\Route->run()
#15 /mnt/Felo/Courses/learing/PHP/Laravel/Gorge/vendor/laravel/framework/src/Illuminate/Pipeline/Pipeline.php(180): Illuminate\\Routing\\Router->{closure:Illuminate\\Routing\\Router::runRouteWithinStack():821}()
#16 /mnt/Felo/Courses/learing/PHP/Laravel/Gorge/app/Http/Middleware/AdminMiddleware.php(22): Illuminate\\Pipeline\\Pipeline->{closure:Illuminate\\Pipeline\\Pipeline::prepareDestination():178}()
#17 /mnt/Felo/Courses/learing/PHP/Laravel/Gorge/vendor/laravel/framework/src/Illuminate/Pipeline/Pipeline.php(219): App\\Http\\Middleware\\AdminMiddleware->handle()
#18 /mnt/Felo/Courses/learing/PHP/Laravel/Gorge/app/Http/Middleware/SecurityHeadersMiddleware.php(17): Illuminate\\Pipeline\\Pipeline->{closure:{closure:Illuminate\\Pipeline\\Pipeline::carry():194}:195}()
#19 /mnt/Felo/Courses/learing/PHP/Laravel/Gorge/vendor/laravel/framework/src/Illuminate/Pipeline/Pipeline.php(219): App\\Http\\Middleware\\SecurityHeadersMiddleware->handle()
#20 /mnt/Felo/Courses/learing/PHP/Laravel/Gorge/vendor/laravel/framework/src/Illuminate/Routing/Middleware/SubstituteBindings.php(52): Illuminate\\Pipeline\\Pipeline->{closure:{closure:Illuminate\\Pipeline\\Pipeline::carry():194}:195}()
#21 /mnt/Felo/Courses/learing/PHP/Laravel/Gorge/vendor/laravel/framework/src/Illuminate/Pipeline/Pipeline.php(219): Illuminate\\Routing\\Middleware\\SubstituteBindings->handle()
#22 /mnt/Felo/Courses/learing/PHP/Laravel/Gorge/vendor/laravel/framework/src/Illuminate/Auth/Middleware/Authenticate.php(63): Illuminate\\Pipeline\\Pipeline->{closure:{closure:Illuminate\\Pipeline\\Pipeline::carry():194}:195}()
#23 /mnt/Felo/Courses/learing/PHP/Laravel/Gorge/vendor/laravel/framework/src/Illuminate/Pipeline/Pipeline.php(219): Illuminate\\Auth\\Middleware\\Authenticate->handle()
#24 /mnt/Felo/Courses/learing/PHP/Laravel/Gorge/vendor/laravel/framework/src/Illuminate/Foundation/Http/Middleware/PreventRequestForgery.php(104): Illuminate\\Pipeline\\Pipeline->{closure:{closure:Illuminate\\Pipeline\\Pipeline::carry():194}:195}()
#25 /mnt/Felo/Courses/learing/PHP/Laravel/Gorge/vendor/laravel/framework/src/Illuminate/Pipeline/Pipeline.php(219): Illuminate\\Foundation\\Http\\Middleware\\PreventRequestForgery->handle()
#26 /mnt/Felo/Courses/learing/PHP/Laravel/Gorge/vendor/laravel/framework/src/Illuminate/View/Middleware/ShareErrorsFromSession.php(48): Illuminate\\Pipeline\\Pipeline->{closure:{closure:Illuminate\\Pipeline\\Pipeline::carry():194}:195}()
#27 /mnt/Felo/Courses/learing/PHP/Laravel/Gorge/vendor/laravel/framework/src/Illuminate/Pipeline/Pipeline.php(219): Illuminate\\View\\Middleware\\ShareErrorsFromSession->handle()
#28 /mnt/Felo/Courses/learing/PHP/Laravel/Gorge/vendor/laravel/framework/src/Illuminate/Session/Middleware/StartSession.php(120): Illuminate\\Pipeline\\Pipeline->{closure:{closure:Illuminate\\Pipeline\\Pipeline::carry():194}:195}()
#29 /mnt/Felo/Courses/learing/PHP/Laravel/Gorge/vendor/laravel/framework/src/Illuminate/Session/Middleware/StartSession.php(63): Illuminate\\Session\\Middleware\\StartSession->handleStatefulRequest()
#30 /mnt/Felo/Courses/learing/PHP/Laravel/Gorge/vendor/laravel/framework/src/Illuminate/Pipeline/Pipeline.php(219): Illuminate\\Session\\Middleware\\StartSession->handle()
#31 /mnt/Felo/Courses/learing/PHP/Laravel/Gorge/vendor/laravel/framework/src/Illuminate/Cookie/Middleware/AddQueuedCookiesToResponse.php(36): Illuminate\\Pipeline\\Pipeline->{closure:{closure:Illuminate\\Pipeline\\Pipeline::carry():194}:195}()
#32 /mnt/Felo/Courses/learing/PHP/Laravel/Gorge/vendor/laravel/framework/src/Illuminate/Pipeline/Pipeline.php(219): Illuminate\\Cookie\\Middleware\\AddQueuedCookiesToResponse->handle()
#33 /mnt/Felo/Courses/learing/PHP/Laravel/Gorge/vendor/laravel/framework/src/Illuminate/Cookie/Middleware/EncryptCookies.php(74): Illuminate\\Pipeline\\Pipeline->{closure:{closure:Illuminate\\Pipeline\\Pipeline::carry():194}:195}()
#34 /mnt/Felo/Courses/learing/PHP/Laravel/Gorge/vendor/laravel/framework/src/Illuminate/Pipeline/Pipeline.php(219): Illuminate\\Cookie\\Middleware\\EncryptCookies->handle()
#35 /mnt/Felo/Courses/learing/PHP/Laravel/Gorge/vendor/laravel/framework/src/Illuminate/Pipeline/Pipeline.php(137): Illuminate\\Pipeline\\Pipeline->{closure:{closure:Illuminate\\Pipeline\\Pipeline::carry():194}:195}()
#36 /mnt/Felo/Courses/learing/PHP/Laravel/Gorge/vendor/laravel/framework/src/Illuminate/Routing/Router.php(821): Illuminate\\Pipeline\\Pipeline->then()
#37 /mnt/Felo/Courses/learing/PHP/Laravel/Gorge/vendor/laravel/framework/src/Illuminate/Routing/Router.php(800): Illuminate\\Routing\\Router->runRouteWithinStack()
#38 /mnt/Felo/Courses/learing/PHP/Laravel/Gorge/vendor/laravel/framework/src/Illuminate/Routing/Router.php(764): Illuminate\\Routing\\Router->runRoute()
#39 /mnt/Felo/Courses/learing/PHP/Laravel/Gorge/vendor/laravel/framework/src/Illuminate/Routing/Router.php(753): Illuminate\\Routing\\Router->dispatchToRoute()
#40 /mnt/Felo/Courses/learing/PHP/Laravel/Gorge/vendor/laravel/framework/src/Illuminate/Foundation/Http/Kernel.php(200): Illuminate\\Routing\\Router->dispatch()
#41 /mnt/Felo/Courses/learing/PHP/Laravel/Gorge/vendor/laravel/framework/src/Illuminate/Pipeline/Pipeline.php(180): Illuminate\\Foundation\\Http\\Kernel->{closure:Illuminate\\Foundation\\Http\\Kernel::dispatchToRouter():197}()
#42 /mnt/Felo/Courses/learing/PHP/Laravel/Gorge/vendor/laravel/framework/src/Illuminate/Foundation/Http/Middleware/TransformsRequest.php(21): Illuminate\\Pipeline\\Pipeline->{closure:Illuminate\\Pipeline\\Pipeline::prepareDestination():178}()
#43 /mnt/Felo/Courses/learing/PHP/Laravel/Gorge/vendor/laravel/framework/src/Illuminate/Foundation/Http/Middleware/ConvertEmptyStringsToNull.php(31): Illuminate\\Foundation\\Http\\Middleware\\TransformsRequest->handle()
#44 /mnt/Felo/Courses/learing/PHP/Laravel/Gorge/vendor/laravel/framework/src/Illuminate/Pipeline/Pipeline.php(219): Illuminate\\Foundation\\Http\\Middleware\\ConvertEmptyStringsToNull->handle()
#45 /mnt/Felo/Courses/learing/PHP/Laravel/Gorge/vendor/laravel/framework/src/Illuminate/Foundation/Http/Middleware/TransformsRequest.php(21): Illuminate\\Pipeline\\Pipeline->{closure:{closure:Illuminate\\Pipeline\\Pipeline::carry():194}:195}()
#46 /mnt/Felo/Courses/learing/PHP/Laravel/Gorge/vendor/laravel/framework/src/Illuminate/Foundation/Http/Middleware/TrimStrings.php(51): Illuminate\\Foundation\\Http\\Middleware\\TransformsRequest->handle()
#47 /mnt/Felo/Courses/learing/PHP/Laravel/Gorge/vendor/laravel/framework/src/Illuminate/Pipeline/Pipeline.php(219): Illuminate\\Foundation\\Http\\Middleware\\TrimStrings->handle()
#48 /mnt/Felo/Courses/learing/PHP/Laravel/Gorge/vendor/laravel/framework/src/Illuminate/Http/Middleware/ValidatePostSize.php(27): Illuminate\\Pipeline\\Pipeline->{closure:{closure:Illuminate\\Pipeline\\Pipeline::carry():194}:195}()
#49 /mnt/Felo/Courses/learing/PHP/Laravel/Gorge/vendor/laravel/framework/src/Illuminate/Pipeline/Pipeline.php(219): Illuminate\\Http\\Middleware\\ValidatePostSize->handle()
#50 /mnt/Felo/Courses/learing/PHP/Laravel/Gorge/vendor/laravel/framework/src/Illuminate/Foundation/Http/Middleware/PreventRequestsDuringMaintenance.php(109): Illuminate\\Pipeline\\Pipeline->{closure:{closure:Illuminate\\Pipeline\\Pipeline::carry():194}:195}()
#51 /mnt/Felo/Courses/learing/PHP/Laravel/Gorge/vendor/laravel/framework/src/Illuminate/Pipeline/Pipeline.php(219): Illuminate\\Foundation\\Http\\Middleware\\PreventRequestsDuringMaintenance->handle()
#52 /mnt/Felo/Courses/learing/PHP/Laravel/Gorge/vendor/laravel/framework/src/Illuminate/Http/Middleware/HandleCors.php(61): Illuminate\\Pipeline\\Pipeline->{closure:{closure:Illuminate\\Pipeline\\Pipeline::carry():194}:195}()
#53 /mnt/Felo/Courses/learing/PHP/Laravel/Gorge/vendor/laravel/framework/src/Illuminate/Pipeline/Pipeline.php(219): Illuminate\\Http\\Middleware\\HandleCors->handle()
#54 /mnt/Felo/Courses/learing/PHP/Laravel/Gorge/vendor/laravel/framework/src/Illuminate/Http/Middleware/TrustProxies.php(58): Illuminate\\Pipeline\\Pipeline->{closure:{closure:Illuminate\\Pipeline\\Pipeline::carry():194}:195}()
#55 /mnt/Felo/Courses/learing/PHP/Laravel/Gorge/vendor/laravel/framework/src/Illuminate/Pipeline/Pipeline.php(219): Illuminate\\Http\\Middleware\\TrustProxies->handle()
#56 /mnt/Felo/Courses/learing/PHP/Laravel/Gorge/vendor/laravel/framework/src/Illuminate/Foundation/Http/Middleware/InvokeDeferredCallbacks.php(22): Illuminate\\Pipeline\\Pipeline->{closure:{closure:Illuminate\\Pipeline\\Pipeline::carry():194}:195}()
#57 /mnt/Felo/Courses/learing/PHP/Laravel/Gorge/vendor/laravel/framework/src/Illuminate/Pipeline/Pipeline.php(219): Illuminate\\Foundation\\Http\\Middleware\\InvokeDeferredCallbacks->handle()
#58 /mnt/Felo/Courses/learing/PHP/Laravel/Gorge/vendor/laravel/framework/src/Illuminate/Http/Middleware/ValidatePathEncoding.php(28): Illuminate\\Pipeline\\Pipeline->{closure:{closure:Illuminate\\Pipeline\\Pipeline::carry():194}:195}()
#59 /mnt/Felo/Courses/learing/PHP/Laravel/Gorge/vendor/laravel/framework/src/Illuminate/Pipeline/Pipeline.php(219): Illuminate\\Http\\Middleware\\ValidatePathEncoding->handle()
#60 /mnt/Felo/Courses/learing/PHP/Laravel/Gorge/vendor/laravel/framework/src/Illuminate/Pipeline/Pipeline.php(137): Illuminate\\Pipeline\\Pipeline->{closure:{closure:Illuminate\\Pipeline\\Pipeline::carry():194}:195}()
#61 /mnt/Felo/Courses/learing/PHP/Laravel/Gorge/vendor/laravel/framework/src/Illuminate/Foundation/Http/Kernel.php(175): Illuminate\\Pipeline\\Pipeline->then()
#62 /mnt/Felo/Courses/learing/PHP/Laravel/Gorge/vendor/laravel/framework/src/Illuminate/Foundation/Http/Kernel.php(144): Illuminate\\Foundation\\Http\\Kernel->sendRequestThroughRouter()
#63 /mnt/Felo/Courses/learing/PHP/Laravel/Gorge/vendor/laravel/framework/src/Illuminate/Foundation/Application.php(1220): Illuminate\\Foundation\\Http\\Kernel->handle()
#64 /mnt/Felo/Courses/learing/PHP/Laravel/Gorge/public/index.php(20): Illuminate\\Foundation\\Application->handleRequest()
#65 /mnt/Felo/Courses/learing/PHP/Laravel/Gorge/vendor/laravel/framework/src/Illuminate/Foundation/resources/server.php(23): require_once('...')
#66 {main}
"} 
[2026-07-16 21:08:05] local.ERROR: Class "App\Http\Resources\SessionResource" not found {"userId":1,"exception":"[object] (Error(code: 0): Class \"App\\Http\\Resources\\SessionResource\" not found at /mnt/Felo/Courses/learing/PHP/Laravel/Gorge/app/Http/Resources/CourseResource.php:25)
[stacktrace]
#0 /mnt/Felo/Courses/learing/PHP/Laravel/Gorge/vendor/laravel/framework/src/Illuminate/Http/Resources/Json/JsonResource.php(147): App\\Http\\Resources\\CourseResource->toArray()
#1 /mnt/Felo/Courses/learing/PHP/Laravel/Gorge/vendor/laravel/framework/src/Illuminate/Http/Resources/Json/JsonResource.php(158): Illuminate\\Http\\Resources\\Json\\JsonResource->toAttributes()
#2 /mnt/Felo/Courses/learing/PHP/Laravel/Gorge/vendor/laravel/framework/src/Illuminate/Http/Resources/Json/JsonResource.php(122): Illuminate\\Http\\Resources\\Json\\JsonResource->resolveResourceData()
#3 /mnt/Felo/Courses/learing/PHP/Laravel/Gorge/vendor/laravel/framework/src/Illuminate/Http/Resources/Json/JsonResource.php(318): Illuminate\\Http\\Resources\\Json\\JsonResource->resolve()
#4 [internal function]: Illuminate\\Http\\Resources\\Json\\JsonResource->jsonSerialize()
#5 /mnt/Felo/Courses/learing/PHP/Laravel/Gorge/vendor/laravel/framework/src/Illuminate/Http/JsonResponse.php(87): json_encode()
#6 /mnt/Felo/Courses/learing/PHP/Laravel/Gorge/vendor/symfony/http-foundation/JsonResponse.php(49): Illuminate\\Http\\JsonResponse->setData()
#7 /mnt/Felo/Courses/learing/PHP/Laravel/Gorge/vendor/laravel/framework/src/Illuminate/Http/JsonResponse.php(31): Symfony\\Component\\HttpFoundation\\JsonResponse->__construct()
#8 /mnt/Felo/Courses/learing/PHP/Laravel/Gorge/vendor/laravel/framework/src/Illuminate/Routing/ResponseFactory.php(105): Illuminate\\Http\\JsonResponse->__construct()
#9 /mnt/Felo/Courses/learing/PHP/Laravel/Gorge/app/Http/Controllers/Admin/AdminCourseController.php(25): Illuminate\\Routing\\ResponseFactory->json()
#10 /mnt/Felo/Courses/learing/PHP/Laravel/Gorge/vendor/laravel/framework/src/Illuminate/Routing/Controller.php(54): App\\Http\\Controllers\\Admin\\AdminCourseController->store()
#11 /mnt/Felo/Courses/learing/PHP/Laravel/Gorge/vendor/laravel/framework/src/Illuminate/Routing/ControllerDispatcher.php(43): Illuminate\\Routing\\Controller->callAction()
#12 /mnt/Felo/Courses/learing/PHP/Laravel/Gorge/vendor/laravel/framework/src/Illuminate/Routing/Route.php(275): Illuminate\\Routing\\ControllerDispatcher->dispatch()
#13 /mnt/Felo/Courses/learing/PHP/Laravel/Gorge/vendor/laravel/framework/src/Illuminate/Routing/Route.php(215): Illuminate\\Routing\\Route->runController()
#14 /mnt/Felo/Courses/learing/PHP/Laravel/Gorge/vendor/laravel/framework/src/Illuminate/Routing/Router.php(822): Illuminate\\Routing\\Route->run()
#15 /mnt/Felo/Courses/learing/PHP/Laravel/Gorge/vendor/laravel/framework/src/Illuminate/Pipeline/Pipeline.php(180): Illuminate\\Routing\\Router->{closure:Illuminate\\Routing\\Router::runRouteWithinStack():821}()
#16 /mnt/Felo/Courses/learing/PHP/Laravel/Gorge/app/Http/Middleware/AdminMiddleware.php(22): Illuminate\\Pipeline\\Pipeline->{closure:Illuminate\\Pipeline\\Pipeline::prepareDestination():178}()
#17 /mnt/Felo/Courses/learing/PHP/Laravel/Gorge/vendor/laravel/framework/src/Illuminate/Pipeline/Pipeline.php(219): App\\Http\\Middleware\\AdminMiddleware->handle()
#18 /mnt/Felo/Courses/learing/PHP/Laravel/Gorge/app/Http/Middleware/SecurityHeadersMiddleware.php(17): Illuminate\\Pipeline\\Pipeline->{closure:{closure:Illuminate\\Pipeline\\Pipeline::carry():194}:195}()
#19 /mnt/Felo/Courses/learing/PHP/Laravel/Gorge/vendor/laravel/framework/src/Illuminate/Pipeline/Pipeline.php(219): App\\Http\\Middleware\\SecurityHeadersMiddleware->handle()
#20 /mnt/Felo/Courses/learing/PHP/Laravel/Gorge/vendor/laravel/framework/src/Illuminate/Routing/Middleware/SubstituteBindings.php(52): Illuminate\\Pipeline\\Pipeline->{closure:{closure:Illuminate\\Pipeline\\Pipeline::carry():194}:195}()
#21 /mnt/Felo/Courses/learing/PHP/Laravel/Gorge/vendor/laravel/framework/src/Illuminate/Pipeline/Pipeline.php(219): Illuminate\\Routing\\Middleware\\SubstituteBindings->handle()
#22 /mnt/Felo/Courses/learing/PHP/Laravel/Gorge/vendor/laravel/framework/src/Illuminate/Auth/Middleware/Authenticate.php(63): Illuminate\\Pipeline\\Pipeline->{closure:{closure:Illuminate\\Pipeline\\Pipeline::carry():194}:195}()
#23 /mnt/Felo/Courses/learing/PHP/Laravel/Gorge/vendor/laravel/framework/src/Illuminate/Pipeline/Pipeline.php(219): Illuminate\\Auth\\Middleware\\Authenticate->handle()
#24 /mnt/Felo/Courses/learing/PHP/Laravel/Gorge/vendor/laravel/framework/src/Illuminate/Foundation/Http/Middleware/PreventRequestForgery.php(104): Illuminate\\Pipeline\\Pipeline->{closure:{closure:Illuminate\\Pipeline\\Pipeline::carry():194}:195}()
#25 /mnt/Felo/Courses/learing/PHP/Laravel/Gorge/vendor/laravel/framework/src/Illuminate/Pipeline/Pipeline.php(219): Illuminate\\Foundation\\Http\\Middleware\\PreventRequestForgery->handle()
#26 /mnt/Felo/Courses/learing/PHP/Laravel/Gorge/vendor/laravel/framework/src/Illuminate/View/Middleware/ShareErrorsFromSession.php(48): Illuminate\\Pipeline\\Pipeline->{closure:{closure:Illuminate\\Pipeline\\Pipeline::carry():194}:195}()
#27 /mnt/Felo/Courses/learing/PHP/Laravel/Gorge/vendor/laravel/framework/src/Illuminate/Pipeline/Pipeline.php(219): Illuminate\\View\\Middleware\\ShareErrorsFromSession->handle()
#28 /mnt/Felo/Courses/learing/PHP/Laravel/Gorge/vendor/laravel/framework/src/Illuminate/Session/Middleware/StartSession.php(120): Illuminate\\Pipeline\\Pipeline->{closure:{closure:Illuminate\\Pipeline\\Pipeline::carry():194}:195}()
#29 /mnt/Felo/Courses/learing/PHP/Laravel/Gorge/vendor/laravel/framework/src/Illuminate/Session/Middleware/StartSession.php(63): Illuminate\\Session\\Middleware\\StartSession->handleStatefulRequest()
#30 /mnt/Felo/Courses/learing/PHP/Laravel/Gorge/vendor/laravel/framework/src/Illuminate/Pipeline/Pipeline.php(219): Illuminate\\Session\\Middleware\\StartSession->handle()
#31 /mnt/Felo/Courses/learing/PHP/Laravel/Gorge/vendor/laravel/framework/src/Illuminate/Cookie/Middleware/AddQueuedCookiesToResponse.php(36): Illuminate\\Pipeline\\Pipeline->{closure:{closure:Illuminate\\Pipeline\\Pipeline::carry():194}:195}()
#32 /mnt/Felo/Courses/learing/PHP/Laravel/Gorge/vendor/laravel/framework/src/Illuminate/Pipeline/Pipeline.php(219): Illuminate\\Cookie\\Middleware\\AddQueuedCookiesToResponse->handle()
#33 /mnt/Felo/Courses/learing/PHP/Laravel/Gorge/vendor/laravel/framework/src/Illuminate/Cookie/Middleware/EncryptCookies.php(74): Illuminate\\Pipeline\\Pipeline->{closure:{closure:Illuminate\\Pipeline\\Pipeline::carry():194}:195}()
#34 /mnt/Felo/Courses/learing/PHP/Laravel/Gorge/vendor/laravel/framework/src/Illuminate/Pipeline/Pipeline.php(219): Illuminate\\Cookie\\Middleware\\EncryptCookies->handle()
#35 /mnt/Felo/Courses/learing/PHP/Laravel/Gorge/vendor/laravel/framework/src/Illuminate/Pipeline/Pipeline.php(137): Illuminate\\Pipeline\\Pipeline->{closure:{closure:Illuminate\\Pipeline\\Pipeline::carry():194}:195}()
#36 /mnt/Felo/Courses/learing/PHP/Laravel/Gorge/vendor/laravel/framework/src/Illuminate/Routing/Router.php(821): Illuminate\\Pipeline\\Pipeline->then()
#37 /mnt/Felo/Courses/learing/PHP/Laravel/Gorge/vendor/laravel/framework/src/Illuminate/Routing/Router.php(800): Illuminate\\Routing\\Router->runRouteWithinStack()
#38 /mnt/Felo/Courses/learing/PHP/Laravel/Gorge/vendor/laravel/framework/src/Illuminate/Routing/Router.php(764): Illuminate\\Routing\\Router->runRoute()
#39 /mnt/Felo/Courses/learing/PHP/Laravel/Gorge/vendor/laravel/framework/src/Illuminate/Routing/Router.php(753): Illuminate\\Routing\\Router->dispatchToRoute()
#40 /mnt/Felo/Courses/learing/PHP/Laravel/Gorge/vendor/laravel/framework/src/Illuminate/Foundation/Http/Kernel.php(200): Illuminate\\Routing\\Router->dispatch()
#41 /mnt/Felo/Courses/learing/PHP/Laravel/Gorge/vendor/laravel/framework/src/Illuminate/Pipeline/Pipeline.php(180): Illuminate\\Foundation\\Http\\Kernel->{closure:Illuminate\\Foundation\\Http\\Kernel::dispatchToRouter():197}()
#42 /mnt/Felo/Courses/learing/PHP/Laravel/Gorge/vendor/laravel/framework/src/Illuminate/Foundation/Http/Middleware/TransformsRequest.php(21): Illuminate\\Pipeline\\Pipeline->{closure:Illuminate\\Pipeline\\Pipeline::prepareDestination():178}()
#43 /mnt/Felo/Courses/learing/PHP/Laravel/Gorge/vendor/laravel/framework/src/Illuminate/Foundation/Http/Middleware/ConvertEmptyStringsToNull.php(31): Illuminate\\Foundation\\Http\\Middleware\\TransformsRequest->handle()
#44 /mnt/Felo/Courses/learing/PHP/Laravel/Gorge/vendor/laravel/framework/src/Illuminate/Pipeline/Pipeline.php(219): Illuminate\\Foundation\\Http\\Middleware\\ConvertEmptyStringsToNull->handle()
#45 /mnt/Felo/Courses/learing/PHP/Laravel/Gorge/vendor/laravel/framework/src/Illuminate/Foundation/Http/Middleware/TransformsRequest.php(21): Illuminate\\Pipeline\\Pipeline->{closure:{closure:Illuminate\\Pipeline\\Pipeline::carry():194}:195}()
#46 /mnt/Felo/Courses/learing/PHP/Laravel/Gorge/vendor/laravel/framework/src/Illuminate/Foundation/Http/Middleware/TrimStrings.php(51): Illuminate\\Foundation\\Http\\Middleware\\TransformsRequest->handle()
#47 /mnt/Felo/Courses/learing/PHP/Laravel/Gorge/vendor/laravel/framework/src/Illuminate/Pipeline/Pipeline.php(219): Illuminate\\Foundation\\Http\\Middleware\\TrimStrings->handle()
#48 /mnt/Felo/Courses/learing/PHP/Laravel/Gorge/vendor/laravel/framework/src/Illuminate/Http/Middleware/ValidatePostSize.php(27): Illuminate\\Pipeline\\Pipeline->{closure:{closure:Illuminate\\Pipeline\\Pipeline::carry():194}:195}()
#49 /mnt/Felo/Courses/learing/PHP/Laravel/Gorge/vendor/laravel/framework/src/Illuminate/Pipeline/Pipeline.php(219): Illuminate\\Http\\Middleware\\ValidatePostSize->handle()
#50 /mnt/Felo/Courses/learing/PHP/Laravel/Gorge/vendor/laravel/framework/src/Illuminate/Foundation/Http/Middleware/PreventRequestsDuringMaintenance.php(109): Illuminate\\Pipeline\\Pipeline->{closure:{closure:Illuminate\\Pipeline\\Pipeline::carry():194}:195}()
#51 /mnt/Felo/Courses/learing/PHP/Laravel/Gorge/vendor/laravel/framework/src/Illuminate/Pipeline/Pipeline.php(219): Illuminate\\Foundation\\Http\\Middleware\\PreventRequestsDuringMaintenance->handle()
#52 /mnt/Felo/Courses/learing/PHP/Laravel/Gorge/vendor/laravel/framework/src/Illuminate/Http/Middleware/HandleCors.php(61): Illuminate\\Pipeline\\Pipeline->{closure:{closure:Illuminate\\Pipeline\\Pipeline::carry():194}:195}()
#53 /mnt/Felo/Courses/learing/PHP/Laravel/Gorge/vendor/laravel/framework/src/Illuminate/Pipeline/Pipeline.php(219): Illuminate\\Http\\Middleware\\HandleCors->handle()
#54 /mnt/Felo/Courses/learing/PHP/Laravel/Gorge/vendor/laravel/framework/src/Illuminate/Http/Middleware/TrustProxies.php(58): Illuminate\\Pipeline\\Pipeline->{closure:{closure:Illuminate\\Pipeline\\Pipeline::carry():194}:195}()
#55 /mnt/Felo/Courses/learing/PHP/Laravel/Gorge/vendor/laravel/framework/src/Illuminate/Pipeline/Pipeline.php(219): Illuminate\\Http\\Middleware\\TrustProxies->handle()
#56 /mnt/Felo/Courses/learing/PHP/Laravel/Gorge/vendor/laravel/framework/src/Illuminate/Foundation/Http/Middleware/InvokeDeferredCallbacks.php(22): Illuminate\\Pipeline\\Pipeline->{closure:{closure:Illuminate\\Pipeline\\Pipeline::carry():194}:195}()
#57 /mnt/Felo/Courses/learing/PHP/Laravel/Gorge/vendor/laravel/framework/src/Illuminate/Pipeline/Pipeline.php(219): Illuminate\\Foundation\\Http\\Middleware\\InvokeDeferredCallbacks->handle()
#58 /mnt/Felo/Courses/learing/PHP/Laravel/Gorge/vendor/laravel/framework/src/Illuminate/Http/Middleware/ValidatePathEncoding.php(28): Illuminate\\Pipeline\\Pipeline->{closure:{closure:Illuminate\\Pipeline\\Pipeline::carry():194}:195}()
#59 /mnt/Felo/Courses/learing/PHP/Laravel/Gorge/vendor/laravel/framework/src/Illuminate/Pipeline/Pipeline.php(219): Illuminate\\Http\\Middleware\\ValidatePathEncoding->handle()
#60 /mnt/Felo/Courses/learing/PHP/Laravel/Gorge/vendor/laravel/framework/src/Illuminate/Pipeline/Pipeline.php(137): Illuminate\\Pipeline\\Pipeline->{closure:{closure:Illuminate\\Pipeline\\Pipeline::carry():194}:195}()
#61 /mnt/Felo/Courses/learing/PHP/Laravel/Gorge/vendor/laravel/framework/src/Illuminate/Foundation/Http/Kernel.php(175): Illuminate\\Pipeline\\Pipeline->then()
#62 /mnt/Felo/Courses/learing/PHP/Laravel/Gorge/vendor/laravel/framework/src/Illuminate/Foundation/Http/Kernel.php(144): Illuminate\\Foundation\\Http\\Kernel->sendRequestThroughRouter()
#63 /mnt/Felo/Courses/learing/PHP/Laravel/Gorge/vendor/laravel/framework/src/Illuminate/Foundation/Application.php(1220): Illuminate\\Foundation\\Http\\Kernel->handle()
#64 /mnt/Felo/Courses/learing/PHP/Laravel/Gorge/public/index.php(20): Illuminate\\Foundation\\Application->handleRequest()
#65 /mnt/Felo/Courses/learing/PHP/Laravel/Gorge/vendor/laravel/framework/src/Illuminate/Foundation/resources/server.php(23): require_once('...')
#66 {main}
"} 
[2026-07-16 21:08:05] local.ERROR: Class "App\Http\Resources\SessionResource" not found {"userId":1,"exception":"[object] (Error(code: 0): Class \"App\\Http\\Resources\\SessionResource\" not found at /mnt/Felo/Courses/learing/PHP/Laravel/Gorge/app/Http/Resources/CourseResource.php:25)
[stacktrace]
#0 /mnt/Felo/Courses/learing/PHP/Laravel/Gorge/vendor/laravel/framework/src/Illuminate/Http/Resources/Json/JsonResource.php(147): App\\Http\\Resources\\CourseResource->toArray()
#1 /mnt/Felo/Courses/learing/PHP/Laravel/Gorge/vendor/laravel/framework/src/Illuminate/Http/Resources/Json/JsonResource.php(158): Illuminate\\Http\\Resources\\Json\\JsonResource->toAttributes()
#2 /mnt/Felo/Courses/learing/PHP/Laravel/Gorge/vendor/laravel/framework/src/Illuminate/Http/Resources/Json/JsonResource.php(122): Illuminate\\Http\\Resources\\Json\\JsonResource->resolveResourceData()
#3 /mnt/Felo/Courses/learing/PHP/Laravel/Gorge/vendor/laravel/framework/src/Illuminate/Http/Resources/Json/JsonResource.php(318): Illuminate\\Http\\Resources\\Json\\JsonResource->resolve()
#4 [internal function]: Illuminate\\Http\\Resources\\Json\\JsonResource->jsonSerialize()
#5 /mnt/Felo/Courses/learing/PHP/Laravel/Gorge/vendor/laravel/framework/src/Illuminate/Http/JsonResponse.php(87): json_encode()
#6 /mnt/Felo/Courses/learing/PHP/Laravel/Gorge/vendor/symfony/http-foundation/JsonResponse.php(49): Illuminate\\Http\\JsonResponse->setData()
#7 /mnt/Felo/Courses/learing/PHP/Laravel/Gorge/vendor/laravel/framework/src/Illuminate/Http/JsonResponse.php(31): Symfony\\Component\\HttpFoundation\\JsonResponse->__construct()
#8 /mnt/Felo/Courses/learing/PHP/Laravel/Gorge/vendor/laravel/framework/src/Illuminate/Routing/ResponseFactory.php(105): Illuminate\\Http\\JsonResponse->__construct()
#9 /mnt/Felo/Courses/learing/PHP/Laravel/Gorge/app/Http/Controllers/Admin/AdminCourseController.php(25): Illuminate\\Routing\\ResponseFactory->json()
#10 /mnt/Felo/Courses/learing/PHP/Laravel/Gorge/vendor/laravel/framework/src/Illuminate/Routing/Controller.php(54): App\\Http\\Controllers\\Admin\\AdminCourseController->store()
#11 /mnt/Felo/Courses/learing/PHP/Laravel/Gorge/vendor/laravel/framework/src/Illuminate/Routing/ControllerDispatcher.php(43): Illuminate\\Routing\\Controller->callAction()
#12 /mnt/Felo/Courses/learing/PHP/Laravel/Gorge/vendor/laravel/framework/src/Illuminate/Routing/Route.php(275): Illuminate\\Routing\\ControllerDispatcher->dispatch()
#13 /mnt/Felo/Courses/learing/PHP/Laravel/Gorge/vendor/laravel/framework/src/Illuminate/Routing/Route.php(215): Illuminate\\Routing\\Route->runController()
#14 /mnt/Felo/Courses/learing/PHP/Laravel/Gorge/vendor/laravel/framework/src/Illuminate/Routing/Router.php(822): Illuminate\\Routing\\Route->run()
#15 /mnt/Felo/Courses/learing/PHP/Laravel/Gorge/vendor/laravel/framework/src/Illuminate/Pipeline/Pipeline.php(180): Illuminate\\Routing\\Router->{closure:Illuminate\\Routing\\Router::runRouteWithinStack():821}()
#16 /mnt/Felo/Courses/learing/PHP/Laravel/Gorge/app/Http/Middleware/AdminMiddleware.php(22): Illuminate\\Pipeline\\Pipeline->{closure:Illuminate\\Pipeline\\Pipeline::prepareDestination():178}()
#17 /mnt/Felo/Courses/learing/PHP/Laravel/Gorge/vendor/laravel/framework/src/Illuminate/Pipeline/Pipeline.php(219): App\\Http\\Middleware\\AdminMiddleware->handle()
#18 /mnt/Felo/Courses/learing/PHP/Laravel/Gorge/app/Http/Middleware/SecurityHeadersMiddleware.php(17): Illuminate\\Pipeline\\Pipeline->{closure:{closure:Illuminate\\Pipeline\\Pipeline::carry():194}:195}()
#19 /mnt/Felo/Courses/learing/PHP/Laravel/Gorge/vendor/laravel/framework/src/Illuminate/Pipeline/Pipeline.php(219): App\\Http\\Middleware\\SecurityHeadersMiddleware->handle()
#20 /mnt/Felo/Courses/learing/PHP/Laravel/Gorge/vendor/laravel/framework/src/Illuminate/Routing/Middleware/SubstituteBindings.php(52): Illuminate\\Pipeline\\Pipeline->{closure:{closure:Illuminate\\Pipeline\\Pipeline::carry():194}:195}()
#21 /mnt/Felo/Courses/learing/PHP/Laravel/Gorge/vendor/laravel/framework/src/Illuminate/Pipeline/Pipeline.php(219): Illuminate\\Routing\\Middleware\\SubstituteBindings->handle()
#22 /mnt/Felo/Courses/learing/PHP/Laravel/Gorge/vendor/laravel/framework/src/Illuminate/Auth/Middleware/Authenticate.php(63): Illuminate\\Pipeline\\Pipeline->{closure:{closure:Illuminate\\Pipeline\\Pipeline::carry():194}:195}()
#23 /mnt/Felo/Courses/learing/PHP/Laravel/Gorge/vendor/laravel/framework/src/Illuminate/Pipeline/Pipeline.php(219): Illuminate\\Auth\\Middleware\\Authenticate->handle()
#24 /mnt/Felo/Courses/learing/PHP/Laravel/Gorge/vendor/laravel/framework/src/Illuminate/Foundation/Http/Middleware/PreventRequestForgery.php(104): Illuminate\\Pipeline\\Pipeline->{closure:{closure:Illuminate\\Pipeline\\Pipeline::carry():194}:195}()
#25 /mnt/Felo/Courses/learing/PHP/Laravel/Gorge/vendor/laravel/framework/src/Illuminate/Pipeline/Pipeline.php(219): Illuminate\\Foundation\\Http\\Middleware\\PreventRequestForgery->handle()
#26 /mnt/Felo/Courses/learing/PHP/Laravel/Gorge/vendor/laravel/framework/src/Illuminate/View/Middleware/ShareErrorsFromSession.php(48): Illuminate\\Pipeline\\Pipeline->{closure:{closure:Illuminate\\Pipeline\\Pipeline::carry():194}:195}()
#27 /mnt/Felo/Courses/learing/PHP/Laravel/Gorge/vendor/laravel/framework/src/Illuminate/Pipeline/Pipeline.php(219): Illuminate\\View\\Middleware\\ShareErrorsFromSession->handle()
#28 /mnt/Felo/Courses/learing/PHP/Laravel/Gorge/vendor/laravel/framework/src/Illuminate/Session/Middleware/StartSession.php(120): Illuminate\\Pipeline\\Pipeline->{closure:{closure:Illuminate\\Pipeline\\Pipeline::carry():194}:195}()
#29 /mnt/Felo/Courses/learing/PHP/Laravel/Gorge/vendor/laravel/framework/src/Illuminate/Session/Middleware/StartSession.php(63): Illuminate\\Session\\Middleware\\StartSession->handleStatefulRequest()
#30 /mnt/Felo/Courses/learing/PHP/Laravel/Gorge/vendor/laravel/framework/src/Illuminate/Pipeline/Pipeline.php(219): Illuminate\\Session\\Middleware\\StartSession->handle()
#31 /mnt/Felo/Courses/learing/PHP/Laravel/Gorge/vendor/laravel/framework/src/Illuminate/Cookie/Middleware/AddQueuedCookiesToResponse.php(36): Illuminate\\Pipeline\\Pipeline->{closure:{closure:Illuminate\\Pipeline\\Pipeline::carry():194}:195}()
#32 /mnt/Felo/Courses/learing/PHP/Laravel/Gorge/vendor/laravel/framework/src/Illuminate/Pipeline/Pipeline.php(219): Illuminate\\Cookie\\Middleware\\AddQueuedCookiesToResponse->handle()
#33 /mnt/Felo/Courses/learing/PHP/Laravel/Gorge/vendor/laravel/framework/src/Illuminate/Cookie/Middleware/EncryptCookies.php(74): Illuminate\\Pipeline\\Pipeline->{closure:{closure:Illuminate\\Pipeline\\Pipeline::carry():194}:195}()
#34 /mnt/Felo/Courses/learing/PHP/Laravel/Gorge/vendor/laravel/framework/src/Illuminate/Pipeline/Pipeline.php(219): Illuminate\\Cookie\\Middleware\\EncryptCookies->handle()
#35 /mnt/Felo/Courses/learing/PHP/Laravel/Gorge/vendor/laravel/framework/src/Illuminate/Pipeline/Pipeline.php(137): Illuminate\\Pipeline\\Pipeline->{closure:{closure:Illuminate\\Pipeline\\Pipeline::carry():194}:195}()
#36 /mnt/Felo/Courses/learing/PHP/Laravel/Gorge/vendor/laravel/framework/src/Illuminate/Routing/Router.php(821): Illuminate\\Pipeline\\Pipeline->then()
#37 /mnt/Felo/Courses/learing/PHP/Laravel/Gorge/vendor/laravel/framework/src/Illuminate/Routing/Router.php(800): Illuminate\\Routing\\Router->runRouteWithinStack()
#38 /mnt/Felo/Courses/learing/PHP/Laravel/Gorge/vendor/laravel/framework/src/Illuminate/Routing/Router.php(764): Illuminate\\Routing\\Router->runRoute()
#39 /mnt/Felo/Courses/learing/PHP/Laravel/Gorge/vendor/laravel/framework/src/Illuminate/Routing/Router.php(753): Illuminate\\Routing\\Router->dispatchToRoute()
#40 /mnt/Felo/Courses/learing/PHP/Laravel/Gorge/vendor/laravel/framework/src/Illuminate/Foundation/Http/Kernel.php(200): Illuminate\\Routing\\Router->dispatch()
#41 /mnt/Felo/Courses/learing/PHP/Laravel/Gorge/vendor/laravel/framework/src/Illuminate/Pipeline/Pipeline.php(180): Illuminate\\Foundation\\Http\\Kernel->{closure:Illuminate\\Foundation\\Http\\Kernel::dispatchToRouter():197}()
#42 /mnt/Felo/Courses/learing/PHP/Laravel/Gorge/vendor/laravel/framework/src/Illuminate/Foundation/Http/Middleware/TransformsRequest.php(21): Illuminate\\Pipeline\\Pipeline->{closure:Illuminate\\Pipeline\\Pipeline::prepareDestination():178}()
#43 /mnt/Felo/Courses/learing/PHP/Laravel/Gorge/vendor/laravel/framework/src/Illuminate/Foundation/Http/Middleware/ConvertEmptyStringsToNull.php(31): Illuminate\\Foundation\\Http\\Middleware\\TransformsRequest->handle()
#44 /mnt/Felo/Courses/learing/PHP/Laravel/Gorge/vendor/laravel/framework/src/Illuminate/Pipeline/Pipeline.php(219): Illuminate\\Foundation\\Http\\Middleware\\ConvertEmptyStringsToNull->handle()
#45 /mnt/Felo/Courses/learing/PHP/Laravel/Gorge/vendor/laravel/framework/src/Illuminate/Foundation/Http/Middleware/TransformsRequest.php(21): Illuminate\\Pipeline\\Pipeline->{closure:{closure:Illuminate\\Pipeline\\Pipeline::carry():194}:195}()
#46 /mnt/Felo/Courses/learing/PHP/Laravel/Gorge/vendor/laravel/framework/src/Illuminate/Foundation/Http/Middleware/TrimStrings.php(51): Illuminate\\Foundation\\Http\\Middleware\\TransformsRequest->handle()
#47 /mnt/Felo/Courses/learing/PHP/Laravel/Gorge/vendor/laravel/framework/src/Illuminate/Pipeline/Pipeline.php(219): Illuminate\\Foundation\\Http\\Middleware\\TrimStrings->handle()
#48 /mnt/Felo/Courses/learing/PHP/Laravel/Gorge/vendor/laravel/framework/src/Illuminate/Http/Middleware/ValidatePostSize.php(27): Illuminate\\Pipeline\\Pipeline->{closure:{closure:Illuminate\\Pipeline\\Pipeline::carry():194}:195}()
#49 /mnt/Felo/Courses/learing/PHP/Laravel/Gorge/vendor/laravel/framework/src/Illuminate/Pipeline/Pipeline.php(219): Illuminate\\Http\\Middleware\\ValidatePostSize->handle()
#50 /mnt/Felo/Courses/learing/PHP/Laravel/Gorge/vendor/laravel/framework/src/Illuminate/Foundation/Http/Middleware/PreventRequestsDuringMaintenance.php(109): Illuminate\\Pipeline\\Pipeline->{closure:{closure:Illuminate\\Pipeline\\Pipeline::carry():194}:195}()
#51 /mnt/Felo/Courses/learing/PHP/Laravel/Gorge/vendor/laravel/framework/src/Illuminate/Pipeline/Pipeline.php(219): Illuminate\\Foundation\\Http\\Middleware\\PreventRequestsDuringMaintenance->handle()
#52 /mnt/Felo/Courses/learing/PHP/Laravel/Gorge/vendor/laravel/framework/src/Illuminate/Http/Middleware/HandleCors.php(61): Illuminate\\Pipeline\\Pipeline->{closure:{closure:Illuminate\\Pipeline\\Pipeline::carry():194}:195}()
#53 /mnt/Felo/Courses/learing/PHP/Laravel/Gorge/vendor/laravel/framework/src/Illuminate/Pipeline/Pipeline.php(219): Illuminate\\Http\\Middleware\\HandleCors->handle()
#54 /mnt/Felo/Courses/learing/PHP/Laravel/Gorge/vendor/laravel/framework/src/Illuminate/Http/Middleware/TrustProxies.php(58): Illuminate\\Pipeline\\Pipeline->{closure:{closure:Illuminate\\Pipeline\\Pipeline::carry():194}:195}()
#55 /mnt/Felo/Courses/learing/PHP/Laravel/Gorge/vendor/laravel/framework/src/Illuminate/Pipeline/Pipeline.php(219): Illuminate\\Http\\Middleware\\TrustProxies->handle()
#56 /mnt/Felo/Courses/learing/PHP/Laravel/Gorge/vendor/laravel/framework/src/Illuminate/Foundation/Http/Middleware/InvokeDeferredCallbacks.php(22): Illuminate\\Pipeline\\Pipeline->{closure:{closure:Illuminate\\Pipeline\\Pipeline::carry():194}:195}()
#57 /mnt/Felo/Courses/learing/PHP/Laravel/Gorge/vendor/laravel/framework/src/Illuminate/Pipeline/Pipeline.php(219): Illuminate\\Foundation\\Http\\Middleware\\InvokeDeferredCallbacks->handle()
#58 /mnt/Felo/Courses/learing/PHP/Laravel/Gorge/vendor/laravel/framework/src/Illuminate/Http/Middleware/ValidatePathEncoding.php(28): Illuminate\\Pipeline\\Pipeline->{closure:{closure:Illuminate\\Pipeline\\Pipeline::carry():194}:195}()
#59 /mnt/Felo/Courses/learing/PHP/Laravel/Gorge/vendor/laravel/framework/src/Illuminate/Pipeline/Pipeline.php(219): Illuminate\\Http\\Middleware\\ValidatePathEncoding->handle()
#60 /mnt/Felo/Courses/learing/PHP/Laravel/Gorge/vendor/laravel/framework/src/Illuminate/Pipeline/Pipeline.php(137): Illuminate\\Pipeline\\Pipeline->{closure:{closure:Illuminate\\Pipeline\\Pipeline::carry():194}:195}()
#61 /mnt/Felo/Courses/learing/PHP/Laravel/Gorge/vendor/laravel/framework/src/Illuminate/Foundation/Http/Kernel.php(175): Illuminate\\Pipeline\\Pipeline->then()
#62 /mnt/Felo/Courses/learing/PHP/Laravel/Gorge/vendor/laravel/framework/src/Illuminate/Foundation/Http/Kernel.php(144): Illuminate\\Foundation\\Http\\Kernel->sendRequestThroughRouter()
#63 /mnt/Felo/Courses/learing/PHP/Laravel/Gorge/vendor/laravel/framework/src/Illuminate/Foundation/Application.php(1220): Illuminate\\Foundation\\Http\\Kernel->handle()
#64 /mnt/Felo/Courses/learing/PHP/Laravel/Gorge/public/index.php(20): Illuminate\\Foundation\\Application->handleRequest()
#65 /mnt/Felo/Courses/learing/PHP/Laravel/Gorge/vendor/laravel/framework/src/Illuminate/Foundation/resources/server.php(23): require_once('...')
#66 {main}
"} 
[2026-07-16 21:08:05] local.ERROR: Class "App\Http\Resources\SessionResource" not found {"userId":1,"exception":"[object] (Error(code: 0): Class \"App\\Http\\Resources\\SessionResource\" not found at /mnt/Felo/Courses/learing/PHP/Laravel/Gorge/app/Http/Resources/CourseResource.php:25)
[stacktrace]
#0 /mnt/Felo/Courses/learing/PHP/Laravel/Gorge/vendor/laravel/framework/src/Illuminate/Http/Resources/Json/JsonResource.php(147): App\\Http\\Resources\\CourseResource->toArray()
#1 /mnt/Felo/Courses/learing/PHP/Laravel/Gorge/vendor/laravel/framework/src/Illuminate/Http/Resources/Json/JsonResource.php(158): Illuminate\\Http\\Resources\\Json\\JsonResource->toAttributes()
#2 /mnt/Felo/Courses/learing/PHP/Laravel/Gorge/vendor/laravel/framework/src/Illuminate/Http/Resources/Json/JsonResource.php(122): Illuminate\\Http\\Resources\\Json\\JsonResource->resolveResourceData()
#3 /mnt/Felo/Courses/learing/PHP/Laravel/Gorge/vendor/laravel/framework/src/Illuminate/Http/Resources/Json/JsonResource.php(318): Illuminate\\Http\\Resources\\Json\\JsonResource->resolve()
#4 [internal function]: Illuminate\\Http\\Resources\\Json\\JsonResource->jsonSerialize()
#5 /mnt/Felo/Courses/learing/PHP/Laravel/Gorge/vendor/laravel/framework/src/Illuminate/Http/JsonResponse.php(87): json_encode()
#6 /mnt/Felo/Courses/learing/PHP/Laravel/Gorge/vendor/symfony/http-foundation/JsonResponse.php(49): Illuminate\\Http\\JsonResponse->setData()
#7 /mnt/Felo/Courses/learing/PHP/Laravel/Gorge/vendor/laravel/framework/src/Illuminate/Http/JsonResponse.php(31): Symfony\\Component\\HttpFoundation\\JsonResponse->__construct()
#8 /mnt/Felo/Courses/learing/PHP/Laravel/Gorge/vendor/laravel/framework/src/Illuminate/Routing/ResponseFactory.php(105): Illuminate\\Http\\JsonResponse->__construct()
#9 /mnt/Felo/Courses/learing/PHP/Laravel/Gorge/app/Http/Controllers/Admin/AdminCourseController.php(25): Illuminate\\Routing\\ResponseFactory->json()
#10 /mnt/Felo/Courses/learing/PHP/Laravel/Gorge/vendor/laravel/framework/src/Illuminate/Routing/Controller.php(54): App\\Http\\Controllers\\Admin\\AdminCourseController->store()
#11 /mnt/Felo/Courses/learing/PHP/Laravel/Gorge/vendor/laravel/framework/src/Illuminate/Routing/ControllerDispatcher.php(43): Illuminate\\Routing\\Controller->callAction()
#12 /mnt/Felo/Courses/learing/PHP/Laravel/Gorge/vendor/laravel/framework/src/Illuminate/Routing/Route.php(275): Illuminate\\Routing\\ControllerDispatcher->dispatch()
#13 /mnt/Felo/Courses/learing/PHP/Laravel/Gorge/vendor/laravel/framework/src/Illuminate/Routing/Route.php(215): Illuminate\\Routing\\Route->runController()
#14 /mnt/Felo/Courses/learing/PHP/Laravel/Gorge/vendor/laravel/framework/src/Illuminate/Routing/Router.php(822): Illuminate\\Routing\\Route->run()
#15 /mnt/Felo/Courses/learing/PHP/Laravel/Gorge/vendor/laravel/framework/src/Illuminate/Pipeline/Pipeline.php(180): Illuminate\\Routing\\Router->{closure:Illuminate\\Routing\\Router::runRouteWithinStack():821}()
#16 /mnt/Felo/Courses/learing/PHP/Laravel/Gorge/app/Http/Middleware/AdminMiddleware.php(22): Illuminate\\Pipeline\\Pipeline->{closure:Illuminate\\Pipeline\\Pipeline::prepareDestination():178}()
#17 /mnt/Felo/Courses/learing/PHP/Laravel/Gorge/vendor/laravel/framework/src/Illuminate/Pipeline/Pipeline.php(219): App\\Http\\Middleware\\AdminMiddleware->handle()
#18 /mnt/Felo/Courses/learing/PHP/Laravel/Gorge/app/Http/Middleware/SecurityHeadersMiddleware.php(17): Illuminate\\Pipeline\\Pipeline->{closure:{closure:Illuminate\\Pipeline\\Pipeline::carry():194}:195}()
#19 /mnt/Felo/Courses/learing/PHP/Laravel/Gorge/vendor/laravel/framework/src/Illuminate/Pipeline/Pipeline.php(219): App\\Http\\Middleware\\SecurityHeadersMiddleware->handle()
#20 /mnt/Felo/Courses/learing/PHP/Laravel/Gorge/vendor/laravel/framework/src/Illuminate/Routing/Middleware/SubstituteBindings.php(52): Illuminate\\Pipeline\\Pipeline->{closure:{closure:Illuminate\\Pipeline\\Pipeline::carry():194}:195}()
#21 /mnt/Felo/Courses/learing/PHP/Laravel/Gorge/vendor/laravel/framework/src/Illuminate/Pipeline/Pipeline.php(219): Illuminate\\Routing\\Middleware\\SubstituteBindings->handle()
#22 /mnt/Felo/Courses/learing/PHP/Laravel/Gorge/vendor/laravel/framework/src/Illuminate/Auth/Middleware/Authenticate.php(63): Illuminate\\Pipeline\\Pipeline->{closure:{closure:Illuminate\\Pipeline\\Pipeline::carry():194}:195}()
#23 /mnt/Felo/Courses/learing/PHP/Laravel/Gorge/vendor/laravel/framework/src/Illuminate/Pipeline/Pipeline.php(219): Illuminate\\Auth\\Middleware\\Authenticate->handle()
#24 /mnt/Felo/Courses/learing/PHP/Laravel/Gorge/vendor/laravel/framework/src/Illuminate/Foundation/Http/Middleware/PreventRequestForgery.php(104): Illuminate\\Pipeline\\Pipeline->{closure:{closure:Illuminate\\Pipeline\\Pipeline::carry():194}:195}()
#25 /mnt/Felo/Courses/learing/PHP/Laravel/Gorge/vendor/laravel/framework/src/Illuminate/Pipeline/Pipeline.php(219): Illuminate\\Foundation\\Http\\Middleware\\PreventRequestForgery->handle()
#26 /mnt/Felo/Courses/learing/PHP/Laravel/Gorge/vendor/laravel/framework/src/Illuminate/View/Middleware/ShareErrorsFromSession.php(48): Illuminate\\Pipeline\\Pipeline->{closure:{closure:Illuminate\\Pipeline\\Pipeline::carry():194}:195}()
#27 /mnt/Felo/Courses/learing/PHP/Laravel/Gorge/vendor/laravel/framework/src/Illuminate/Pipeline/Pipeline.php(219): Illuminate\\View\\Middleware\\ShareErrorsFromSession->handle()
#28 /mnt/Felo/Courses/learing/PHP/Laravel/Gorge/vendor/laravel/framework/src/Illuminate/Session/Middleware/StartSession.php(120): Illuminate\\Pipeline\\Pipeline->{closure:{closure:Illuminate\\Pipeline\\Pipeline::carry():194}:195}()
#29 /mnt/Felo/Courses/learing/PHP/Laravel/Gorge/vendor/laravel/framework/src/Illuminate/Session/Middleware/StartSession.php(63): Illuminate\\Session\\Middleware\\StartSession->handleStatefulRequest()
#30 /mnt/Felo/Courses/learing/PHP/Laravel/Gorge/vendor/laravel/framework/src/Illuminate/Pipeline/Pipeline.php(219): Illuminate\\Session\\Middleware\\StartSession->handle()
#31 /mnt/Felo/Courses/learing/PHP/Laravel/Gorge/vendor/laravel/framework/src/Illuminate/Cookie/Middleware/AddQueuedCookiesToResponse.php(36): Illuminate\\Pipeline\\Pipeline->{closure:{closure:Illuminate\\Pipeline\\Pipeline::carry():194}:195}()
#32 /mnt/Felo/Courses/learing/PHP/Laravel/Gorge/vendor/laravel/framework/src/Illuminate/Pipeline/Pipeline.php(219): Illuminate\\Cookie\\Middleware\\AddQueuedCookiesToResponse->handle()
#33 /mnt/Felo/Courses/learing/PHP/Laravel/Gorge/vendor/laravel/framework/src/Illuminate/Cookie/Middleware/EncryptCookies.php(74): Illuminate\\Pipeline\\Pipeline->{closure:{closure:Illuminate\\Pipeline\\Pipeline::carry():194}:195}()
#34 /mnt/Felo/Courses/learing/PHP/Laravel/Gorge/vendor/laravel/framework/src/Illuminate/Pipeline/Pipeline.php(219): Illuminate\\Cookie\\Middleware\\EncryptCookies->handle()
#35 /mnt/Felo/Courses/learing/PHP/Laravel/Gorge/vendor/laravel/framework/src/Illuminate/Pipeline/Pipeline.php(137): Illuminate\\Pipeline\\Pipeline->{closure:{closure:Illuminate\\Pipeline\\Pipeline::carry():194}:195}()
#36 /mnt/Felo/Courses/learing/PHP/Laravel/Gorge/vendor/laravel/framework/src/Illuminate/Routing/Router.php(821): Illuminate\\Pipeline\\Pipeline->then()
#37 /mnt/Felo/Courses/learing/PHP/Laravel/Gorge/vendor/laravel/framework/src/Illuminate/Routing/Router.php(800): Illuminate\\Routing\\Router->runRouteWithinStack()
#38 /mnt/Felo/Courses/learing/PHP/Laravel/Gorge/vendor/laravel/framework/src/Illuminate/Routing/Router.php(764): Illuminate\\Routing\\Router->runRoute()
#39 /mnt/Felo/Courses/learing/PHP/Laravel/Gorge/vendor/laravel/framework/src/Illuminate/Routing/Router.php(753): Illuminate\\Routing\\Router->dispatchToRoute()
#40 /mnt/Felo/Courses/learing/PHP/Laravel/Gorge/vendor/laravel/framework/src/Illuminate/Foundation/Http/Kernel.php(200): Illuminate\\Routing\\Router->dispatch()
#41 /mnt/Felo/Courses/learing/PHP/Laravel/Gorge/vendor/laravel/framework/src/Illuminate/Pipeline/Pipeline.php(180): Illuminate\\Foundation\\Http\\Kernel->{closure:Illuminate\\Foundation\\Http\\Kernel::dispatchToRouter():197}()
#42 /mnt/Felo/Courses/learing/PHP/Laravel/Gorge/vendor/laravel/framework/src/Illuminate/Foundation/Http/Middleware/TransformsRequest.php(21): Illuminate\\Pipeline\\Pipeline->{closure:Illuminate\\Pipeline\\Pipeline::prepareDestination():178}()
#43 /mnt/Felo/Courses/learing/PHP/Laravel/Gorge/vendor/laravel/framework/src/Illuminate/Foundation/Http/Middleware/ConvertEmptyStringsToNull.php(31): Illuminate\\Foundation\\Http\\Middleware\\TransformsRequest->handle()
#44 /mnt/Felo/Courses/learing/PHP/Laravel/Gorge/vendor/laravel/framework/src/Illuminate/Pipeline/Pipeline.php(219): Illuminate\\Foundation\\Http\\Middleware\\ConvertEmptyStringsToNull->handle()
#45 /mnt/Felo/Courses/learing/PHP/Laravel/Gorge/vendor/laravel/framework/src/Illuminate/Foundation/Http/Middleware/TransformsRequest.php(21): Illuminate\\Pipeline\\Pipeline->{closure:{closure:Illuminate\\Pipeline\\Pipeline::carry():194}:195}()
#46 /mnt/Felo/Courses/learing/PHP/Laravel/Gorge/vendor/laravel/framework/src/Illuminate/Foundation/Http/Middleware/TrimStrings.php(51): Illuminate\\Foundation\\Http\\Middleware\\TransformsRequest->handle()
#47 /mnt/Felo/Courses/learing/PHP/Laravel/Gorge/vendor/laravel/framework/src/Illuminate/Pipeline/Pipeline.php(219): Illuminate\\Foundation\\Http\\Middleware\\TrimStrings->handle()
#48 /mnt/Felo/Courses/learing/PHP/Laravel/Gorge/vendor/laravel/framework/src/Illuminate/Http/Middleware/ValidatePostSize.php(27): Illuminate\\Pipeline\\Pipeline->{closure:{closure:Illuminate\\Pipeline\\Pipeline::carry():194}:195}()
#49 /mnt/Felo/Courses/learing/PHP/Laravel/Gorge/vendor/laravel/framework/src/Illuminate/Pipeline/Pipeline.php(219): Illuminate\\Http\\Middleware\\ValidatePostSize->handle()
#50 /mnt/Felo/Courses/learing/PHP/Laravel/Gorge/vendor/laravel/framework/src/Illuminate/Foundation/Http/Middleware/PreventRequestsDuringMaintenance.php(109): Illuminate\\Pipeline\\Pipeline->{closure:{closure:Illuminate\\Pipeline\\Pipeline::carry():194}:195}()
#51 /mnt/Felo/Courses/learing/PHP/Laravel/Gorge/vendor/laravel/framework/src/Illuminate/Pipeline/Pipeline.php(219): Illuminate\\Foundation\\Http\\Middleware\\PreventRequestsDuringMaintenance->handle()
#52 /mnt/Felo/Courses/learing/PHP/Laravel/Gorge/vendor/laravel/framework/src/Illuminate/Http/Middleware/HandleCors.php(61): Illuminate\\Pipeline\\Pipeline->{closure:{closure:Illuminate\\Pipeline\\Pipeline::carry():194}:195}()
#53 /mnt/Felo/Courses/learing/PHP/Laravel/Gorge/vendor/laravel/framework/src/Illuminate/Pipeline/Pipeline.php(219): Illuminate\\Http\\Middleware\\HandleCors->handle()
#54 /mnt/Felo/Courses/learing/PHP/Laravel/Gorge/vendor/laravel/framework/src/Illuminate/Http/Middleware/TrustProxies.php(58): Illuminate\\Pipeline\\Pipeline->{closure:{closure:Illuminate\\Pipeline\\Pipeline::carry():194}:195}()
#55 /mnt/Felo/Courses/learing/PHP/Laravel/Gorge/vendor/laravel/framework/src/Illuminate/Pipeline/Pipeline.php(219): Illuminate\\Http\\Middleware\\TrustProxies->handle()
#56 /mnt/Felo/Courses/learing/PHP/Laravel/Gorge/vendor/laravel/framework/src/Illuminate/Foundation/Http/Middleware/InvokeDeferredCallbacks.php(22): Illuminate\\Pipeline\\Pipeline->{closure:{closure:Illuminate\\Pipeline\\Pipeline::carry():194}:195}()
#57 /mnt/Felo/Courses/learing/PHP/Laravel/Gorge/vendor/laravel/framework/src/Illuminate/Pipeline/Pipeline.php(219): Illuminate\\Foundation\\Http\\Middleware\\InvokeDeferredCallbacks->handle()
#58 /mnt/Felo/Courses/learing/PHP/Laravel/Gorge/vendor/laravel/framework/src/Illuminate/Http/Middleware/ValidatePathEncoding.php(28): Illuminate\\Pipeline\\Pipeline->{closure:{closure:Illuminate\\Pipeline\\Pipeline::carry():194}:195}()
#59 /mnt/Felo/Courses/learing/PHP/Laravel/Gorge/vendor/laravel/framework/src/Illuminate/Pipeline/Pipeline.php(219): Illuminate\\Http\\Middleware\\ValidatePathEncoding->handle()
#60 /mnt/Felo/Courses/learing/PHP/Laravel/Gorge/vendor/laravel/framework/src/Illuminate/Pipeline/Pipeline.php(137): Illuminate\\Pipeline\\Pipeline->{closure:{closure:Illuminate\\Pipeline\\Pipeline::carry():194}:195}()
#61 /mnt/Felo/Courses/learing/PHP/Laravel/Gorge/vendor/laravel/framework/src/Illuminate/Foundation/Http/Kernel.php(175): Illuminate\\Pipeline\\Pipeline->then()
#62 /mnt/Felo/Courses/learing/PHP/Laravel/Gorge/vendor/laravel/framework/src/Illuminate/Foundation/Http/Kernel.php(144): Illuminate\\Foundation\\Http\\Kernel->sendRequestThroughRouter()
#63 /mnt/Felo/Courses/learing/PHP/Laravel/Gorge/vendor/laravel/framework/src/Illuminate/Foundation/Application.php(1220): Illuminate\\Foundation\\Http\\Kernel->handle()
#64 /mnt/Felo/Courses/learing/PHP/Laravel/Gorge/public/index.php(20): Illuminate\\Foundation\\Application->handleRequest()
#65 /mnt/Felo/Courses/learing/PHP/Laravel/Gorge/vendor/laravel/framework/src/Illuminate/Foundation/resources/server.php(23): require_once('...')
#66 {main}
"} 
[2026-07-16 21:08:06] local.ERROR: Class "App\Http\Resources\SessionResource" not found {"userId":1,"exception":"[object] (Error(code: 0): Class \"App\\Http\\Resources\\SessionResource\" not found at /mnt/Felo/Courses/learing/PHP/Laravel/Gorge/app/Http/Resources/CourseResource.php:25)
[stacktrace]
#0 /mnt/Felo/Courses/learing/PHP/Laravel/Gorge/vendor/laravel/framework/src/Illuminate/Http/Resources/Json/JsonResource.php(147): App\\Http\\Resources\\CourseResource->toArray()
#1 /mnt/Felo/Courses/learing/PHP/Laravel/Gorge/vendor/laravel/framework/src/Illuminate/Http/Resources/Json/JsonResource.php(158): Illuminate\\Http\\Resources\\Json\\JsonResource->toAttributes()
#2 /mnt/Felo/Courses/learing/PHP/Laravel/Gorge/vendor/laravel/framework/src/Illuminate/Http/Resources/Json/JsonResource.php(122): Illuminate\\Http\\Resources\\Json\\JsonResource->resolveResourceData()
#3 /mnt/Felo/Courses/learing/PHP/Laravel/Gorge/vendor/laravel/framework/src/Illuminate/Http/Resources/Json/JsonResource.php(318): Illuminate\\Http\\Resources\\Json\\JsonResource->resolve()
#4 [internal function]: Illuminate\\Http\\Resources\\Json\\JsonResource->jsonSerialize()
#5 /mnt/Felo/Courses/learing/PHP/Laravel/Gorge/vendor/laravel/framework/src/Illuminate/Http/JsonResponse.php(87): json_encode()
#6 /mnt/Felo/Courses/learing/PHP/Laravel/Gorge/vendor/symfony/http-foundation/JsonResponse.php(49): Illuminate\\Http\\JsonResponse->setData()
#7 /mnt/Felo/Courses/learing/PHP/Laravel/Gorge/vendor/laravel/framework/src/Illuminate/Http/JsonResponse.php(31): Symfony\\Component\\HttpFoundation\\JsonResponse->__construct()
#8 /mnt/Felo/Courses/learing/PHP/Laravel/Gorge/vendor/laravel/framework/src/Illuminate/Routing/ResponseFactory.php(105): Illuminate\\Http\\JsonResponse->__construct()
#9 /mnt/Felo/Courses/learing/PHP/Laravel/Gorge/app/Http/Controllers/Admin/AdminCourseController.php(25): Illuminate\\Routing\\ResponseFactory->json()
#10 /mnt/Felo/Courses/learing/PHP/Laravel/Gorge/vendor/laravel/framework/src/Illuminate/Routing/Controller.php(54): App\\Http\\Controllers\\Admin\\AdminCourseController->store()
#11 /mnt/Felo/Courses/learing/PHP/Laravel/Gorge/vendor/laravel/framework/src/Illuminate/Routing/ControllerDispatcher.php(43): Illuminate\\Routing\\Controller->callAction()
#12 /mnt/Felo/Courses/learing/PHP/Laravel/Gorge/vendor/laravel/framework/src/Illuminate/Routing/Route.php(275): Illuminate\\Routing\\ControllerDispatcher->dispatch()
#13 /mnt/Felo/Courses/learing/PHP/Laravel/Gorge/vendor/laravel/framework/src/Illuminate/Routing/Route.php(215): Illuminate\\Routing\\Route->runController()
#14 /mnt/Felo/Courses/learing/PHP/Laravel/Gorge/vendor/laravel/framework/src/Illuminate/Routing/Router.php(822): Illuminate\\Routing\\Route->run()
#15 /mnt/Felo/Courses/learing/PHP/Laravel/Gorge/vendor/laravel/framework/src/Illuminate/Pipeline/Pipeline.php(180): Illuminate\\Routing\\Router->{closure:Illuminate\\Routing\\Router::runRouteWithinStack():821}()
#16 /mnt/Felo/Courses/learing/PHP/Laravel/Gorge/app/Http/Middleware/AdminMiddleware.php(22): Illuminate\\Pipeline\\Pipeline->{closure:Illuminate\\Pipeline\\Pipeline::prepareDestination():178}()
#17 /mnt/Felo/Courses/learing/PHP/Laravel/Gorge/vendor/laravel/framework/src/Illuminate/Pipeline/Pipeline.php(219): App\\Http\\Middleware\\AdminMiddleware->handle()
#18 /mnt/Felo/Courses/learing/PHP/Laravel/Gorge/app/Http/Middleware/SecurityHeadersMiddleware.php(17): Illuminate\\Pipeline\\Pipeline->{closure:{closure:Illuminate\\Pipeline\\Pipeline::carry():194}:195}()
#19 /mnt/Felo/Courses/learing/PHP/Laravel/Gorge/vendor/laravel/framework/src/Illuminate/Pipeline/Pipeline.php(219): App\\Http\\Middleware\\SecurityHeadersMiddleware->handle()
#20 /mnt/Felo/Courses/learing/PHP/Laravel/Gorge/vendor/laravel/framework/src/Illuminate/Routing/Middleware/SubstituteBindings.php(52): Illuminate\\Pipeline\\Pipeline->{closure:{closure:Illuminate\\Pipeline\\Pipeline::carry():194}:195}()
#21 /mnt/Felo/Courses/learing/PHP/Laravel/Gorge/vendor/laravel/framework/src/Illuminate/Pipeline/Pipeline.php(219): Illuminate\\Routing\\Middleware\\SubstituteBindings->handle()
#22 /mnt/Felo/Courses/learing/PHP/Laravel/Gorge/vendor/laravel/framework/src/Illuminate/Auth/Middleware/Authenticate.php(63): Illuminate\\Pipeline\\Pipeline->{closure:{closure:Illuminate\\Pipeline\\Pipeline::carry():194}:195}()
#23 /mnt/Felo/Courses/learing/PHP/Laravel/Gorge/vendor/laravel/framework/src/Illuminate/Pipeline/Pipeline.php(219): Illuminate\\Auth\\Middleware\\Authenticate->handle()
#24 /mnt/Felo/Courses/learing/PHP/Laravel/Gorge/vendor/laravel/framework/src/Illuminate/Foundation/Http/Middleware/PreventRequestForgery.php(104): Illuminate\\Pipeline\\Pipeline->{closure:{closure:Illuminate\\Pipeline\\Pipeline::carry():194}:195}()
#25 /mnt/Felo/Courses/learing/PHP/Laravel/Gorge/vendor/laravel/framework/src/Illuminate/Pipeline/Pipeline.php(219): Illuminate\\Foundation\\Http\\Middleware\\PreventRequestForgery->handle()
#26 /mnt/Felo/Courses/learing/PHP/Laravel/Gorge/vendor/laravel/framework/src/Illuminate/View/Middleware/ShareErrorsFromSession.php(48): Illuminate\\Pipeline\\Pipeline->{closure:{closure:Illuminate\\Pipeline\\Pipeline::carry():194}:195}()
#27 /mnt/Felo/Courses/learing/PHP/Laravel/Gorge/vendor/laravel/framework/src/Illuminate/Pipeline/Pipeline.php(219): Illuminate\\View\\Middleware\\ShareErrorsFromSession->handle()
#28 /mnt/Felo/Courses/learing/PHP/Laravel/Gorge/vendor/laravel/framework/src/Illuminate/Session/Middleware/StartSession.php(120): Illuminate\\Pipeline\\Pipeline->{closure:{closure:Illuminate\\Pipeline\\Pipeline::carry():194}:195}()
#29 /mnt/Felo/Courses/learing/PHP/Laravel/Gorge/vendor/laravel/framework/src/Illuminate/Session/Middleware/StartSession.php(63): Illuminate\\Session\\Middleware\\StartSession->handleStatefulRequest()
#30 /mnt/Felo/Courses/learing/PHP/Laravel/Gorge/vendor/laravel/framework/src/Illuminate/Pipeline/Pipeline.php(219): Illuminate\\Session\\Middleware\\StartSession->handle()
#31 /mnt/Felo/Courses/learing/PHP/Laravel/Gorge/vendor/laravel/framework/src/Illuminate/Cookie/Middleware/AddQueuedCookiesToResponse.php(36): Illuminate\\Pipeline\\Pipeline->{closure:{closure:Illuminate\\Pipeline\\Pipeline::carry():194}:195}()
#32 /mnt/Felo/Courses/learing/PHP/Laravel/Gorge/vendor/laravel/framework/src/Illuminate/Pipeline/Pipeline.php(219): Illuminate\\Cookie\\Middleware\\AddQueuedCookiesToResponse->handle()
#33 /mnt/Felo/Courses/learing/PHP/Laravel/Gorge/vendor/laravel/framework/src/Illuminate/Cookie/Middleware/EncryptCookies.php(74): Illuminate\\Pipeline\\Pipeline->{closure:{closure:Illuminate\\Pipeline\\Pipeline::carry():194}:195}()
#34 /mnt/Felo/Courses/learing/PHP/Laravel/Gorge/vendor/laravel/framework/src/Illuminate/Pipeline/Pipeline.php(219): Illuminate\\Cookie\\Middleware\\EncryptCookies->handle()
#35 /mnt/Felo/Courses/learing/PHP/Laravel/Gorge/vendor/laravel/framework/src/Illuminate/Pipeline/Pipeline.php(137): Illuminate\\Pipeline\\Pipeline->{closure:{closure:Illuminate\\Pipeline\\Pipeline::carry():194}:195}()
#36 /mnt/Felo/Courses/learing/PHP/Laravel/Gorge/vendor/laravel/framework/src/Illuminate/Routing/Router.php(821): Illuminate\\Pipeline\\Pipeline->then()
#37 /mnt/Felo/Courses/learing/PHP/Laravel/Gorge/vendor/laravel/framework/src/Illuminate/Routing/Router.php(800): Illuminate\\Routing\\Router->runRouteWithinStack()
#38 /mnt/Felo/Courses/learing/PHP/Laravel/Gorge/vendor/laravel/framework/src/Illuminate/Routing/Router.php(764): Illuminate\\Routing\\Router->runRoute()
#39 /mnt/Felo/Courses/learing/PHP/Laravel/Gorge/vendor/laravel/framework/src/Illuminate/Routing/Router.php(753): Illuminate\\Routing\\Router->dispatchToRoute()
#40 /mnt/Felo/Courses/learing/PHP/Laravel/Gorge/vendor/laravel/framework/src/Illuminate/Foundation/Http/Kernel.php(200): Illuminate\\Routing\\Router->dispatch()
#41 /mnt/Felo/Courses/learing/PHP/Laravel/Gorge/vendor/laravel/framework/src/Illuminate/Pipeline/Pipeline.php(180): Illuminate\\Foundation\\Http\\Kernel->{closure:Illuminate\\Foundation\\Http\\Kernel::dispatchToRouter():197}()
#42 /mnt/Felo/Courses/learing/PHP/Laravel/Gorge/vendor/laravel/framework/src/Illuminate/Foundation/Http/Middleware/TransformsRequest.php(21): Illuminate\\Pipeline\\Pipeline->{closure:Illuminate\\Pipeline\\Pipeline::prepareDestination():178}()
#43 /mnt/Felo/Courses/learing/PHP/Laravel/Gorge/vendor/laravel/framework/src/Illuminate/Foundation/Http/Middleware/ConvertEmptyStringsToNull.php(31): Illuminate\\Foundation\\Http\\Middleware\\TransformsRequest->handle()
#44 /mnt/Felo/Courses/learing/PHP/Laravel/Gorge/vendor/laravel/framework/src/Illuminate/Pipeline/Pipeline.php(219): Illuminate\\Foundation\\Http\\Middleware\\ConvertEmptyStringsToNull->handle()
#45 /mnt/Felo/Courses/learing/PHP/Laravel/Gorge/vendor/laravel/framework/src/Illuminate/Foundation/Http/Middleware/TransformsRequest.php(21): Illuminate\\Pipeline\\Pipeline->{closure:{closure:Illuminate\\Pipeline\\Pipeline::carry():194}:195}()
#46 /mnt/Felo/Courses/learing/PHP/Laravel/Gorge/vendor/laravel/framework/src/Illuminate/Foundation/Http/Middleware/TrimStrings.php(51): Illuminate\\Foundation\\Http\\Middleware\\TransformsRequest->handle()
#47 /mnt/Felo/Courses/learing/PHP/Laravel/Gorge/vendor/laravel/framework/src/Illuminate/Pipeline/Pipeline.php(219): Illuminate\\Foundation\\Http\\Middleware\\TrimStrings->handle()
#48 /mnt/Felo/Courses/learing/PHP/Laravel/Gorge/vendor/laravel/framework/src/Illuminate/Http/Middleware/ValidatePostSize.php(27): Illuminate\\Pipeline\\Pipeline->{closure:{closure:Illuminate\\Pipeline\\Pipeline::carry():194}:195}()
#49 /mnt/Felo/Courses/learing/PHP/Laravel/Gorge/vendor/laravel/framework/src/Illuminate/Pipeline/Pipeline.php(219): Illuminate\\Http\\Middleware\\ValidatePostSize->handle()
#50 /mnt/Felo/Courses/learing/PHP/Laravel/Gorge/vendor/laravel/framework/src/Illuminate/Foundation/Http/Middleware/PreventRequestsDuringMaintenance.php(109): Illuminate\\Pipeline\\Pipeline->{closure:{closure:Illuminate\\Pipeline\\Pipeline::carry():194}:195}()
#51 /mnt/Felo/Courses/learing/PHP/Laravel/Gorge/vendor/laravel/framework/src/Illuminate/Pipeline/Pipeline.php(219): Illuminate\\Foundation\\Http\\Middleware\\PreventRequestsDuringMaintenance->handle()
#52 /mnt/Felo/Courses/learing/PHP/Laravel/Gorge/vendor/laravel/framework/src/Illuminate/Http/Middleware/HandleCors.php(61): Illuminate\\Pipeline\\Pipeline->{closure:{closure:Illuminate\\Pipeline\\Pipeline::carry():194}:195}()
#53 /mnt/Felo/Courses/learing/PHP/Laravel/Gorge/vendor/laravel/framework/src/Illuminate/Pipeline/Pipeline.php(219): Illuminate\\Http\\Middleware\\HandleCors->handle()
#54 /mnt/Felo/Courses/learing/PHP/Laravel/Gorge/vendor/laravel/framework/src/Illuminate/Http/Middleware/TrustProxies.php(58): Illuminate\\Pipeline\\Pipeline->{closure:{closure:Illuminate\\Pipeline\\Pipeline::carry():194}:195}()
#55 /mnt/Felo/Courses/learing/PHP/Laravel/Gorge/vendor/laravel/framework/src/Illuminate/Pipeline/Pipeline.php(219): Illuminate\\Http\\Middleware\\TrustProxies->handle()
#56 /mnt/Felo/Courses/learing/PHP/Laravel/Gorge/vendor/laravel/framework/src/Illuminate/Foundation/Http/Middleware/InvokeDeferredCallbacks.php(22): Illuminate\\Pipeline\\Pipeline->{closure:{closure:Illuminate\\Pipeline\\Pipeline::carry():194}:195}()
#57 /mnt/Felo/Courses/learing/PHP/Laravel/Gorge/vendor/laravel/framework/src/Illuminate/Pipeline/Pipeline.php(219): Illuminate\\Foundation\\Http\\Middleware\\InvokeDeferredCallbacks->handle()
#58 /mnt/Felo/Courses/learing/PHP/Laravel/Gorge/vendor/laravel/framework/src/Illuminate/Http/Middleware/ValidatePathEncoding.php(28): Illuminate\\Pipeline\\Pipeline->{closure:{closure:Illuminate\\Pipeline\\Pipeline::carry():194}:195}()
#59 /mnt/Felo/Courses/learing/PHP/Laravel/Gorge/vendor/laravel/framework/src/Illuminate/Pipeline/Pipeline.php(219): Illuminate\\Http\\Middleware\\ValidatePathEncoding->handle()
#60 /mnt/Felo/Courses/learing/PHP/Laravel/Gorge/vendor/laravel/framework/src/Illuminate/Pipeline/Pipeline.php(137): Illuminate\\Pipeline\\Pipeline->{closure:{closure:Illuminate\\Pipeline\\Pipeline::carry():194}:195}()
#61 /mnt/Felo/Courses/learing/PHP/Laravel/Gorge/vendor/laravel/framework/src/Illuminate/Foundation/Http/Kernel.php(175): Illuminate\\Pipeline\\Pipeline->then()
#62 /mnt/Felo/Courses/learing/PHP/Laravel/Gorge/vendor/laravel/framework/src/Illuminate/Foundation/Http/Kernel.php(144): Illuminate\\Foundation\\Http\\Kernel->sendRequestThroughRouter()
#63 /mnt/Felo/Courses/learing/PHP/Laravel/Gorge/vendor/laravel/framework/src/Illuminate/Foundation/Application.php(1220): Illuminate\\Foundation\\Http\\Kernel->handle()
#64 /mnt/Felo/Courses/learing/PHP/Laravel/Gorge/public/index.php(20): Illuminate\\Foundation\\Application->handleRequest()
#65 /mnt/Felo/Courses/learing/PHP/Laravel/Gorge/vendor/laravel/framework/src/Illuminate/Foundation/resources/server.php(23): require_once('...')
#66 {main}
"} 
[2026-07-16 21:08:06] local.ERROR: Class "App\Http\Resources\SessionResource" not found {"userId":1,"exception":"[object] (Error(code: 0): Class \"App\\Http\\Resources\\SessionResource\" not found at /mnt/Felo/Courses/learing/PHP/Laravel/Gorge/app/Http/Resources/CourseResource.php:25)
[stacktrace]
#0 /mnt/Felo/Courses/learing/PHP/Laravel/Gorge/vendor/laravel/framework/src/Illuminate/Http/Resources/Json/JsonResource.php(147): App\\Http\\Resources\\CourseResource->toArray()
#1 /mnt/Felo/Courses/learing/PHP/Laravel/Gorge/vendor/laravel/framework/src/Illuminate/Http/Resources/Json/JsonResource.php(158): Illuminate\\Http\\Resources\\Json\\JsonResource->toAttributes()
#2 /mnt/Felo/Courses/learing/PHP/Laravel/Gorge/vendor/laravel/framework/src/Illuminate/Http/Resources/Json/JsonResource.php(122): Illuminate\\Http\\Resources\\Json\\JsonResource->resolveResourceData()
#3 /mnt/Felo/Courses/learing/PHP/Laravel/Gorge/vendor/laravel/framework/src/Illuminate/Http/Resources/Json/JsonResource.php(318): Illuminate\\Http\\Resources\\Json\\JsonResource->resolve()
#4 [internal function]: Illuminate\\Http\\Resources\\Json\\JsonResource->jsonSerialize()
#5 /mnt/Felo/Courses/learing/PHP/Laravel/Gorge/vendor/laravel/framework/src/Illuminate/Http/JsonResponse.php(87): json_encode()
#6 /mnt/Felo/Courses/learing/PHP/Laravel/Gorge/vendor/symfony/http-foundation/JsonResponse.php(49): Illuminate\\Http\\JsonResponse->setData()
#7 /mnt/Felo/Courses/learing/PHP/Laravel/Gorge/vendor/laravel/framework/src/Illuminate/Http/JsonResponse.php(31): Symfony\\Component\\HttpFoundation\\JsonResponse->__construct()
#8 /mnt/Felo/Courses/learing/PHP/Laravel/Gorge/vendor/laravel/framework/src/Illuminate/Routing/ResponseFactory.php(105): Illuminate\\Http\\JsonResponse->__construct()
#9 /mnt/Felo/Courses/learing/PHP/Laravel/Gorge/app/Http/Controllers/Admin/AdminCourseController.php(25): Illuminate\\Routing\\ResponseFactory->json()
#10 /mnt/Felo/Courses/learing/PHP/Laravel/Gorge/vendor/laravel/framework/src/Illuminate/Routing/Controller.php(54): App\\Http\\Controllers\\Admin\\AdminCourseController->store()
#11 /mnt/Felo/Courses/learing/PHP/Laravel/Gorge/vendor/laravel/framework/src/Illuminate/Routing/ControllerDispatcher.php(43): Illuminate\\Routing\\Controller->callAction()
#12 /mnt/Felo/Courses/learing/PHP/Laravel/Gorge/vendor/laravel/framework/src/Illuminate/Routing/Route.php(275): Illuminate\\Routing\\ControllerDispatcher->dispatch()
#13 /mnt/Felo/Courses/learing/PHP/Laravel/Gorge/vendor/laravel/framework/src/Illuminate/Routing/Route.php(215): Illuminate\\Routing\\Route->runController()
#14 /mnt/Felo/Courses/learing/PHP/Laravel/Gorge/vendor/laravel/framework/src/Illuminate/Routing/Router.php(822): Illuminate\\Routing\\Route->run()
#15 /mnt/Felo/Courses/learing/PHP/Laravel/Gorge/vendor/laravel/framework/src/Illuminate/Pipeline/Pipeline.php(180): Illuminate\\Routing\\Router->{closure:Illuminate\\Routing\\Router::runRouteWithinStack():821}()
#16 /mnt/Felo/Courses/learing/PHP/Laravel/Gorge/app/Http/Middleware/AdminMiddleware.php(22): Illuminate\\Pipeline\\Pipeline->{closure:Illuminate\\Pipeline\\Pipeline::prepareDestination():178}()
#17 /mnt/Felo/Courses/learing/PHP/Laravel/Gorge/vendor/laravel/framework/src/Illuminate/Pipeline/Pipeline.php(219): App\\Http\\Middleware\\AdminMiddleware->handle()
#18 /mnt/Felo/Courses/learing/PHP/Laravel/Gorge/app/Http/Middleware/SecurityHeadersMiddleware.php(17): Illuminate\\Pipeline\\Pipeline->{closure:{closure:Illuminate\\Pipeline\\Pipeline::carry():194}:195}()
#19 /mnt/Felo/Courses/learing/PHP/Laravel/Gorge/vendor/laravel/framework/src/Illuminate/Pipeline/Pipeline.php(219): App\\Http\\Middleware\\SecurityHeadersMiddleware->handle()
#20 /mnt/Felo/Courses/learing/PHP/Laravel/Gorge/vendor/laravel/framework/src/Illuminate/Routing/Middleware/SubstituteBindings.php(52): Illuminate\\Pipeline\\Pipeline->{closure:{closure:Illuminate\\Pipeline\\Pipeline::carry():194}:195}()
#21 /mnt/Felo/Courses/learing/PHP/Laravel/Gorge/vendor/laravel/framework/src/Illuminate/Pipeline/Pipeline.php(219): Illuminate\\Routing\\Middleware\\SubstituteBindings->handle()
#22 /mnt/Felo/Courses/learing/PHP/Laravel/Gorge/vendor/laravel/framework/src/Illuminate/Auth/Middleware/Authenticate.php(63): Illuminate\\Pipeline\\Pipeline->{closure:{closure:Illuminate\\Pipeline\\Pipeline::carry():194}:195}()
#23 /mnt/Felo/Courses/learing/PHP/Laravel/Gorge/vendor/laravel/framework/src/Illuminate/Pipeline/Pipeline.php(219): Illuminate\\Auth\\Middleware\\Authenticate->handle()
#24 /mnt/Felo/Courses/learing/PHP/Laravel/Gorge/vendor/laravel/framework/src/Illuminate/Foundation/Http/Middleware/PreventRequestForgery.php(104): Illuminate\\Pipeline\\Pipeline->{closure:{closure:Illuminate\\Pipeline\\Pipeline::carry():194}:195}()
#25 /mnt/Felo/Courses/learing/PHP/Laravel/Gorge/vendor/laravel/framework/src/Illuminate/Pipeline/Pipeline.php(219): Illuminate\\Foundation\\Http\\Middleware\\PreventRequestForgery->handle()
#26 /mnt/Felo/Courses/learing/PHP/Laravel/Gorge/vendor/laravel/framework/src/Illuminate/View/Middleware/ShareErrorsFromSession.php(48): Illuminate\\Pipeline\\Pipeline->{closure:{closure:Illuminate\\Pipeline\\Pipeline::carry():194}:195}()
#27 /mnt/Felo/Courses/learing/PHP/Laravel/Gorge/vendor/laravel/framework/src/Illuminate/Pipeline/Pipeline.php(219): Illuminate\\View\\Middleware\\ShareErrorsFromSession->handle()
#28 /mnt/Felo/Courses/learing/PHP/Laravel/Gorge/vendor/laravel/framework/src/Illuminate/Session/Middleware/StartSession.php(120): Illuminate\\Pipeline\\Pipeline->{closure:{closure:Illuminate\\Pipeline\\Pipeline::carry():194}:195}()
#29 /mnt/Felo/Courses/learing/PHP/Laravel/Gorge/vendor/laravel/framework/src/Illuminate/Session/Middleware/StartSession.php(63): Illuminate\\Session\\Middleware\\StartSession->handleStatefulRequest()
#30 /mnt/Felo/Courses/learing/PHP/Laravel/Gorge/vendor/laravel/framework/src/Illuminate/Pipeline/Pipeline.php(219): Illuminate\\Session\\Middleware\\StartSession->handle()
#31 /mnt/Felo/Courses/learing/PHP/Laravel/Gorge/vendor/laravel/framework/src/Illuminate/Cookie/Middleware/AddQueuedCookiesToResponse.php(36): Illuminate\\Pipeline\\Pipeline->{closure:{closure:Illuminate\\Pipeline\\Pipeline::carry():194}:195}()
#32 /mnt/Felo/Courses/learing/PHP/Laravel/Gorge/vendor/laravel/framework/src/Illuminate/Pipeline/Pipeline.php(219): Illuminate\\Cookie\\Middleware\\AddQueuedCookiesToResponse->handle()
#33 /mnt/Felo/Courses/learing/PHP/Laravel/Gorge/vendor/laravel/framework/src/Illuminate/Cookie/Middleware/EncryptCookies.php(74): Illuminate\\Pipeline\\Pipeline->{closure:{closure:Illuminate\\Pipeline\\Pipeline::carry():194}:195}()
#34 /mnt/Felo/Courses/learing/PHP/Laravel/Gorge/vendor/laravel/framework/src/Illuminate/Pipeline/Pipeline.php(219): Illuminate\\Cookie\\Middleware\\EncryptCookies->handle()
#35 /mnt/Felo/Courses/learing/PHP/Laravel/Gorge/vendor/laravel/framework/src/Illuminate/Pipeline/Pipeline.php(137): Illuminate\\Pipeline\\Pipeline->{closure:{closure:Illuminate\\Pipeline\\Pipeline::carry():194}:195}()
#36 /mnt/Felo/Courses/learing/PHP/Laravel/Gorge/vendor/laravel/framework/src/Illuminate/Routing/Router.php(821): Illuminate\\Pipeline\\Pipeline->then()
#37 /mnt/Felo/Courses/learing/PHP/Laravel/Gorge/vendor/laravel/framework/src/Illuminate/Routing/Router.php(800): Illuminate\\Routing\\Router->runRouteWithinStack()
#38 /mnt/Felo/Courses/learing/PHP/Laravel/Gorge/vendor/laravel/framework/src/Illuminate/Routing/Router.php(764): Illuminate\\Routing\\Router->runRoute()
#39 /mnt/Felo/Courses/learing/PHP/Laravel/Gorge/vendor/laravel/framework/src/Illuminate/Routing/Router.php(753): Illuminate\\Routing\\Router->dispatchToRoute()
#40 /mnt/Felo/Courses/learing/PHP/Laravel/Gorge/vendor/laravel/framework/src/Illuminate/Foundation/Http/Kernel.php(200): Illuminate\\Routing\\Router->dispatch()
#41 /mnt/Felo/Courses/learing/PHP/Laravel/Gorge/vendor/laravel/framework/src/Illuminate/Pipeline/Pipeline.php(180): Illuminate\\Foundation\\Http\\Kernel->{closure:Illuminate\\Foundation\\Http\\Kernel::dispatchToRouter():197}()
#42 /mnt/Felo/Courses/learing/PHP/Laravel/Gorge/vendor/laravel/framework/src/Illuminate/Foundation/Http/Middleware/TransformsRequest.php(21): Illuminate\\Pipeline\\Pipeline->{closure:Illuminate\\Pipeline\\Pipeline::prepareDestination():178}()
#43 /mnt/Felo/Courses/learing/PHP/Laravel/Gorge/vendor/laravel/framework/src/Illuminate/Foundation/Http/Middleware/ConvertEmptyStringsToNull.php(31): Illuminate\\Foundation\\Http\\Middleware\\TransformsRequest->handle()
#44 /mnt/Felo/Courses/learing/PHP/Laravel/Gorge/vendor/laravel/framework/src/Illuminate/Pipeline/Pipeline.php(219): Illuminate\\Foundation\\Http\\Middleware\\ConvertEmptyStringsToNull->handle()
#45 /mnt/Felo/Courses/learing/PHP/Laravel/Gorge/vendor/laravel/framework/src/Illuminate/Foundation/Http/Middleware/TransformsRequest.php(21): Illuminate\\Pipeline\\Pipeline->{closure:{closure:Illuminate\\Pipeline\\Pipeline::carry():194}:195}()
#46 /mnt/Felo/Courses/learing/PHP/Laravel/Gorge/vendor/laravel/framework/src/Illuminate/Foundation/Http/Middleware/TrimStrings.php(51): Illuminate\\Foundation\\Http\\Middleware\\TransformsRequest->handle()
#47 /mnt/Felo/Courses/learing/PHP/Laravel/Gorge/vendor/laravel/framework/src/Illuminate/Pipeline/Pipeline.php(219): Illuminate\\Foundation\\Http\\Middleware\\TrimStrings->handle()
#48 /mnt/Felo/Courses/learing/PHP/Laravel/Gorge/vendor/laravel/framework/src/Illuminate/Http/Middleware/ValidatePostSize.php(27): Illuminate\\Pipeline\\Pipeline->{closure:{closure:Illuminate\\Pipeline\\Pipeline::carry():194}:195}()
#49 /mnt/Felo/Courses/learing/PHP/Laravel/Gorge/vendor/laravel/framework/src/Illuminate/Pipeline/Pipeline.php(219): Illuminate\\Http\\Middleware\\ValidatePostSize->handle()
#50 /mnt/Felo/Courses/learing/PHP/Laravel/Gorge/vendor/laravel/framework/src/Illuminate/Foundation/Http/Middleware/PreventRequestsDuringMaintenance.php(109): Illuminate\\Pipeline\\Pipeline->{closure:{closure:Illuminate\\Pipeline\\Pipeline::carry():194}:195}()
#51 /mnt/Felo/Courses/learing/PHP/Laravel/Gorge/vendor/laravel/framework/src/Illuminate/Pipeline/Pipeline.php(219): Illuminate\\Foundation\\Http\\Middleware\\PreventRequestsDuringMaintenance->handle()
#52 /mnt/Felo/Courses/learing/PHP/Laravel/Gorge/vendor/laravel/framework/src/Illuminate/Http/Middleware/HandleCors.php(61): Illuminate\\Pipeline\\Pipeline->{closure:{closure:Illuminate\\Pipeline\\Pipeline::carry():194}:195}()
#53 /mnt/Felo/Courses/learing/PHP/Laravel/Gorge/vendor/laravel/framework/src/Illuminate/Pipeline/Pipeline.php(219): Illuminate\\Http\\Middleware\\HandleCors->handle()
#54 /mnt/Felo/Courses/learing/PHP/Laravel/Gorge/vendor/laravel/framework/src/Illuminate/Http/Middleware/TrustProxies.php(58): Illuminate\\Pipeline\\Pipeline->{closure:{closure:Illuminate\\Pipeline\\Pipeline::carry():194}:195}()
#55 /mnt/Felo/Courses/learing/PHP/Laravel/Gorge/vendor/laravel/framework/src/Illuminate/Pipeline/Pipeline.php(219): Illuminate\\Http\\Middleware\\TrustProxies->handle()
#56 /mnt/Felo/Courses/learing/PHP/Laravel/Gorge/vendor/laravel/framework/src/Illuminate/Foundation/Http/Middleware/InvokeDeferredCallbacks.php(22): Illuminate\\Pipeline\\Pipeline->{closure:{closure:Illuminate\\Pipeline\\Pipeline::carry():194}:195}()
#57 /mnt/Felo/Courses/learing/PHP/Laravel/Gorge/vendor/laravel/framework/src/Illuminate/Pipeline/Pipeline.php(219): Illuminate\\Foundation\\Http\\Middleware\\InvokeDeferredCallbacks->handle()
#58 /mnt/Felo/Courses/learing/PHP/Laravel/Gorge/vendor/laravel/framework/src/Illuminate/Http/Middleware/ValidatePathEncoding.php(28): Illuminate\\Pipeline\\Pipeline->{closure:{closure:Illuminate\\Pipeline\\Pipeline::carry():194}:195}()
#59 /mnt/Felo/Courses/learing/PHP/Laravel/Gorge/vendor/laravel/framework/src/Illuminate/Pipeline/Pipeline.php(219): Illuminate\\Http\\Middleware\\ValidatePathEncoding->handle()
#60 /mnt/Felo/Courses/learing/PHP/Laravel/Gorge/vendor/laravel/framework/src/Illuminate/Pipeline/Pipeline.php(137): Illuminate\\Pipeline\\Pipeline->{closure:{closure:Illuminate\\Pipeline\\Pipeline::carry():194}:195}()
#61 /mnt/Felo/Courses/learing/PHP/Laravel/Gorge/vendor/laravel/framework/src/Illuminate/Foundation/Http/Kernel.php(175): Illuminate\\Pipeline\\Pipeline->then()
#62 /mnt/Felo/Courses/learing/PHP/Laravel/Gorge/vendor/laravel/framework/src/Illuminate/Foundation/Http/Kernel.php(144): Illuminate\\Foundation\\Http\\Kernel->sendRequestThroughRouter()
#63 /mnt/Felo/Courses/learing/PHP/Laravel/Gorge/vendor/laravel/framework/src/Illuminate/Foundation/Application.php(1220): Illuminate\\Foundation\\Http\\Kernel->handle()
#64 /mnt/Felo/Courses/learing/PHP/Laravel/Gorge/public/index.php(20): Illuminate\\Foundation\\Application->handleRequest()
#65 /mnt/Felo/Courses/learing/PHP/Laravel/Gorge/vendor/laravel/framework/src/Illuminate/Foundation/resources/server.php(23): require_once('...')
#66 {main}
"} 
[2026-07-16 21:08:06] local.ERROR: Class "App\Http\Resources\SessionResource" not found {"userId":1,"exception":"[object] (Error(code: 0): Class \"App\\Http\\Resources\\SessionResource\" not found at /mnt/Felo/Courses/learing/PHP/Laravel/Gorge/app/Http/Resources/CourseResource.php:25)
[stacktrace]
#0 /mnt/Felo/Courses/learing/PHP/Laravel/Gorge/vendor/laravel/framework/src/Illuminate/Http/Resources/Json/JsonResource.php(147): App\\Http\\Resources\\CourseResource->toArray()
#1 /mnt/Felo/Courses/learing/PHP/Laravel/Gorge/vendor/laravel/framework/src/Illuminate/Http/Resources/Json/JsonResource.php(158): Illuminate\\Http\\Resources\\Json\\JsonResource->toAttributes()
#2 /mnt/Felo/Courses/learing/PHP/Laravel/Gorge/vendor/laravel/framework/src/Illuminate/Http/Resources/Json/JsonResource.php(122): Illuminate\\Http\\Resources\\Json\\JsonResource->resolveResourceData()
#3 /mnt/Felo/Courses/learing/PHP/Laravel/Gorge/vendor/laravel/framework/src/Illuminate/Http/Resources/Json/JsonResource.php(318): Illuminate\\Http\\Resources\\Json\\JsonResource->resolve()
#4 [internal function]: Illuminate\\Http\\Resources\\Json\\JsonResource->jsonSerialize()
#5 /mnt/Felo/Courses/learing/PHP/Laravel/Gorge/vendor/laravel/framework/src/Illuminate/Http/JsonResponse.php(87): json_encode()
#6 /mnt/Felo/Courses/learing/PHP/Laravel/Gorge/vendor/symfony/http-foundation/JsonResponse.php(49): Illuminate\\Http\\JsonResponse->setData()
#7 /mnt/Felo/Courses/learing/PHP/Laravel/Gorge/vendor/laravel/framework/src/Illuminate/Http/JsonResponse.php(31): Symfony\\Component\\HttpFoundation\\JsonResponse->__construct()
#8 /mnt/Felo/Courses/learing/PHP/Laravel/Gorge/vendor/laravel/framework/src/Illuminate/Routing/ResponseFactory.php(105): Illuminate\\Http\\JsonResponse->__construct()
#9 /mnt/Felo/Courses/learing/PHP/Laravel/Gorge/app/Http/Controllers/Admin/AdminCourseController.php(25): Illuminate\\Routing\\ResponseFactory->json()
#10 /mnt/Felo/Courses/learing/PHP/Laravel/Gorge/vendor/laravel/framework/src/Illuminate/Routing/Controller.php(54): App\\Http\\Controllers\\Admin\\AdminCourseController->store()
#11 /mnt/Felo/Courses/learing/PHP/Laravel/Gorge/vendor/laravel/framework/src/Illuminate/Routing/ControllerDispatcher.php(43): Illuminate\\Routing\\Controller->callAction()
#12 /mnt/Felo/Courses/learing/PHP/Laravel/Gorge/vendor/laravel/framework/src/Illuminate/Routing/Route.php(275): Illuminate\\Routing\\ControllerDispatcher->dispatch()
#13 /mnt/Felo/Courses/learing/PHP/Laravel/Gorge/vendor/laravel/framework/src/Illuminate/Routing/Route.php(215): Illuminate\\Routing\\Route->runController()
#14 /mnt/Felo/Courses/learing/PHP/Laravel/Gorge/vendor/laravel/framework/src/Illuminate/Routing/Router.php(822): Illuminate\\Routing\\Route->run()
#15 /mnt/Felo/Courses/learing/PHP/Laravel/Gorge/vendor/laravel/framework/src/Illuminate/Pipeline/Pipeline.php(180): Illuminate\\Routing\\Router->{closure:Illuminate\\Routing\\Router::runRouteWithinStack():821}()
#16 /mnt/Felo/Courses/learing/PHP/Laravel/Gorge/app/Http/Middleware/AdminMiddleware.php(22): Illuminate\\Pipeline\\Pipeline->{closure:Illuminate\\Pipeline\\Pipeline::prepareDestination():178}()
#17 /mnt/Felo/Courses/learing/PHP/Laravel/Gorge/vendor/laravel/framework/src/Illuminate/Pipeline/Pipeline.php(219): App\\Http\\Middleware\\AdminMiddleware->handle()
#18 /mnt/Felo/Courses/learing/PHP/Laravel/Gorge/app/Http/Middleware/SecurityHeadersMiddleware.php(17): Illuminate\\Pipeline\\Pipeline->{closure:{closure:Illuminate\\Pipeline\\Pipeline::carry():194}:195}()
#19 /mnt/Felo/Courses/learing/PHP/Laravel/Gorge/vendor/laravel/framework/src/Illuminate/Pipeline/Pipeline.php(219): App\\Http\\Middleware\\SecurityHeadersMiddleware->handle()
#20 /mnt/Felo/Courses/learing/PHP/Laravel/Gorge/vendor/laravel/framework/src/Illuminate/Routing/Middleware/SubstituteBindings.php(52): Illuminate\\Pipeline\\Pipeline->{closure:{closure:Illuminate\\Pipeline\\Pipeline::carry():194}:195}()
#21 /mnt/Felo/Courses/learing/PHP/Laravel/Gorge/vendor/laravel/framework/src/Illuminate/Pipeline/Pipeline.php(219): Illuminate\\Routing\\Middleware\\SubstituteBindings->handle()
#22 /mnt/Felo/Courses/learing/PHP/Laravel/Gorge/vendor/laravel/framework/src/Illuminate/Auth/Middleware/Authenticate.php(63): Illuminate\\Pipeline\\Pipeline->{closure:{closure:Illuminate\\Pipeline\\Pipeline::carry():194}:195}()
#23 /mnt/Felo/Courses/learing/PHP/Laravel/Gorge/vendor/laravel/framework/src/Illuminate/Pipeline/Pipeline.php(219): Illuminate\\Auth\\Middleware\\Authenticate->handle()
#24 /mnt/Felo/Courses/learing/PHP/Laravel/Gorge/vendor/laravel/framework/src/Illuminate/Foundation/Http/Middleware/PreventRequestForgery.php(104): Illuminate\\Pipeline\\Pipeline->{closure:{closure:Illuminate\\Pipeline\\Pipeline::carry():194}:195}()
#25 /mnt/Felo/Courses/learing/PHP/Laravel/Gorge/vendor/laravel/framework/src/Illuminate/Pipeline/Pipeline.php(219): Illuminate\\Foundation\\Http\\Middleware\\PreventRequestForgery->handle()
#26 /mnt/Felo/Courses/learing/PHP/Laravel/Gorge/vendor/laravel/framework/src/Illuminate/View/Middleware/ShareErrorsFromSession.php(48): Illuminate\\Pipeline\\Pipeline->{closure:{closure:Illuminate\\Pipeline\\Pipeline::carry():194}:195}()
#27 /mnt/Felo/Courses/learing/PHP/Laravel/Gorge/vendor/laravel/framework/src/Illuminate/Pipeline/Pipeline.php(219): Illuminate\\View\\Middleware\\ShareErrorsFromSession->handle()
#28 /mnt/Felo/Courses/learing/PHP/Laravel/Gorge/vendor/laravel/framework/src/Illuminate/Session/Middleware/StartSession.php(120): Illuminate\\Pipeline\\Pipeline->{closure:{closure:Illuminate\\Pipeline\\Pipeline::carry():194}:195}()
#29 /mnt/Felo/Courses/learing/PHP/Laravel/Gorge/vendor/laravel/framework/src/Illuminate/Session/Middleware/StartSession.php(63): Illuminate\\Session\\Middleware\\StartSession->handleStatefulRequest()
#30 /mnt/Felo/Courses/learing/PHP/Laravel/Gorge/vendor/laravel/framework/src/Illuminate/Pipeline/Pipeline.php(219): Illuminate\\Session\\Middleware\\StartSession->handle()
#31 /mnt/Felo/Courses/learing/PHP/Laravel/Gorge/vendor/laravel/framework/src/Illuminate/Cookie/Middleware/AddQueuedCookiesToResponse.php(36): Illuminate\\Pipeline\\Pipeline->{closure:{closure:Illuminate\\Pipeline\\Pipeline::carry():194}:195}()
#32 /mnt/Felo/Courses/learing/PHP/Laravel/Gorge/vendor/laravel/framework/src/Illuminate/Pipeline/Pipeline.php(219): Illuminate\\Cookie\\Middleware\\AddQueuedCookiesToResponse->handle()
#33 /mnt/Felo/Courses/learing/PHP/Laravel/Gorge/vendor/laravel/framework/src/Illuminate/Cookie/Middleware/EncryptCookies.php(74): Illuminate\\Pipeline\\Pipeline->{closure:{closure:Illuminate\\Pipeline\\Pipeline::carry():194}:195}()
#34 /mnt/Felo/Courses/learing/PHP/Laravel/Gorge/vendor/laravel/framework/src/Illuminate/Pipeline/Pipeline.php(219): Illuminate\\Cookie\\Middleware\\EncryptCookies->handle()
#35 /mnt/Felo/Courses/learing/PHP/Laravel/Gorge/vendor/laravel/framework/src/Illuminate/Pipeline/Pipeline.php(137): Illuminate\\Pipeline\\Pipeline->{closure:{closure:Illuminate\\Pipeline\\Pipeline::carry():194}:195}()
#36 /mnt/Felo/Courses/learing/PHP/Laravel/Gorge/vendor/laravel/framework/src/Illuminate/Routing/Router.php(821): Illuminate\\Pipeline\\Pipeline->then()
#37 /mnt/Felo/Courses/learing/PHP/Laravel/Gorge/vendor/laravel/framework/src/Illuminate/Routing/Router.php(800): Illuminate\\Routing\\Router->runRouteWithinStack()
#38 /mnt/Felo/Courses/learing/PHP/Laravel/Gorge/vendor/laravel/framework/src/Illuminate/Routing/Router.php(764): Illuminate\\Routing\\Router->runRoute()
#39 /mnt/Felo/Courses/learing/PHP/Laravel/Gorge/vendor/laravel/framework/src/Illuminate/Routing/Router.php(753): Illuminate\\Routing\\Router->dispatchToRoute()
#40 /mnt/Felo/Courses/learing/PHP/Laravel/Gorge/vendor/laravel/framework/src/Illuminate/Foundation/Http/Kernel.php(200): Illuminate\\Routing\\Router->dispatch()
#41 /mnt/Felo/Courses/learing/PHP/Laravel/Gorge/vendor/laravel/framework/src/Illuminate/Pipeline/Pipeline.php(180): Illuminate\\Foundation\\Http\\Kernel->{closure:Illuminate\\Foundation\\Http\\Kernel::dispatchToRouter():197}()
#42 /mnt/Felo/Courses/learing/PHP/Laravel/Gorge/vendor/laravel/framework/src/Illuminate/Foundation/Http/Middleware/TransformsRequest.php(21): Illuminate\\Pipeline\\Pipeline->{closure:Illuminate\\Pipeline\\Pipeline::prepareDestination():178}()
#43 /mnt/Felo/Courses/learing/PHP/Laravel/Gorge/vendor/laravel/framework/src/Illuminate/Foundation/Http/Middleware/ConvertEmptyStringsToNull.php(31): Illuminate\\Foundation\\Http\\Middleware\\TransformsRequest->handle()
#44 /mnt/Felo/Courses/learing/PHP/Laravel/Gorge/vendor/laravel/framework/src/Illuminate/Pipeline/Pipeline.php(219): Illuminate\\Foundation\\Http\\Middleware\\ConvertEmptyStringsToNull->handle()
#45 /mnt/Felo/Courses/learing/PHP/Laravel/Gorge/vendor/laravel/framework/src/Illuminate/Foundation/Http/Middleware/TransformsRequest.php(21): Illuminate\\Pipeline\\Pipeline->{closure:{closure:Illuminate\\Pipeline\\Pipeline::carry():194}:195}()
#46 /mnt/Felo/Courses/learing/PHP/Laravel/Gorge/vendor/laravel/framework/src/Illuminate/Foundation/Http/Middleware/TrimStrings.php(51): Illuminate\\Foundation\\Http\\Middleware\\TransformsRequest->handle()
#47 /mnt/Felo/Courses/learing/PHP/Laravel/Gorge/vendor/laravel/framework/src/Illuminate/Pipeline/Pipeline.php(219): Illuminate\\Foundation\\Http\\Middleware\\TrimStrings->handle()
#48 /mnt/Felo/Courses/learing/PHP/Laravel/Gorge/vendor/laravel/framework/src/Illuminate/Http/Middleware/ValidatePostSize.php(27): Illuminate\\Pipeline\\Pipeline->{closure:{closure:Illuminate\\Pipeline\\Pipeline::carry():194}:195}()
#49 /mnt/Felo/Courses/learing/PHP/Laravel/Gorge/vendor/laravel/framework/src/Illuminate/Pipeline/Pipeline.php(219): Illuminate\\Http\\Middleware\\ValidatePostSize->handle()
#50 /mnt/Felo/Courses/learing/PHP/Laravel/Gorge/vendor/laravel/framework/src/Illuminate/Foundation/Http/Middleware/PreventRequestsDuringMaintenance.php(109): Illuminate\\Pipeline\\Pipeline->{closure:{closure:Illuminate\\Pipeline\\Pipeline::carry():194}:195}()
#51 /mnt/Felo/Courses/learing/PHP/Laravel/Gorge/vendor/laravel/framework/src/Illuminate/Pipeline/Pipeline.php(219): Illuminate\\Foundation\\Http\\Middleware\\PreventRequestsDuringMaintenance->handle()
#52 /mnt/Felo/Courses/learing/PHP/Laravel/Gorge/vendor/laravel/framework/src/Illuminate/Http/Middleware/HandleCors.php(61): Illuminate\\Pipeline\\Pipeline->{closure:{closure:Illuminate\\Pipeline\\Pipeline::carry():194}:195}()
#53 /mnt/Felo/Courses/learing/PHP/Laravel/Gorge/vendor/laravel/framework/src/Illuminate/Pipeline/Pipeline.php(219): Illuminate\\Http\\Middleware\\HandleCors->handle()
#54 /mnt/Felo/Courses/learing/PHP/Laravel/Gorge/vendor/laravel/framework/src/Illuminate/Http/Middleware/TrustProxies.php(58): Illuminate\\Pipeline\\Pipeline->{closure:{closure:Illuminate\\Pipeline\\Pipeline::carry():194}:195}()
#55 /mnt/Felo/Courses/learing/PHP/Laravel/Gorge/vendor/laravel/framework/src/Illuminate/Pipeline/Pipeline.php(219): Illuminate\\Http\\Middleware\\TrustProxies->handle()
#56 /mnt/Felo/Courses/learing/PHP/Laravel/Gorge/vendor/laravel/framework/src/Illuminate/Foundation/Http/Middleware/InvokeDeferredCallbacks.php(22): Illuminate\\Pipeline\\Pipeline->{closure:{closure:Illuminate\\Pipeline\\Pipeline::carry():194}:195}()
#57 /mnt/Felo/Courses/learing/PHP/Laravel/Gorge/vendor/laravel/framework/src/Illuminate/Pipeline/Pipeline.php(219): Illuminate\\Foundation\\Http\\Middleware\\InvokeDeferredCallbacks->handle()
#58 /mnt/Felo/Courses/learing/PHP/Laravel/Gorge/vendor/laravel/framework/src/Illuminate/Http/Middleware/ValidatePathEncoding.php(28): Illuminate\\Pipeline\\Pipeline->{closure:{closure:Illuminate\\Pipeline\\Pipeline::carry():194}:195}()
#59 /mnt/Felo/Courses/learing/PHP/Laravel/Gorge/vendor/laravel/framework/src/Illuminate/Pipeline/Pipeline.php(219): Illuminate\\Http\\Middleware\\ValidatePathEncoding->handle()
#60 /mnt/Felo/Courses/learing/PHP/Laravel/Gorge/vendor/laravel/framework/src/Illuminate/Pipeline/Pipeline.php(137): Illuminate\\Pipeline\\Pipeline->{closure:{closure:Illuminate\\Pipeline\\Pipeline::carry():194}:195}()
#61 /mnt/Felo/Courses/learing/PHP/Laravel/Gorge/vendor/laravel/framework/src/Illuminate/Foundation/Http/Kernel.php(175): Illuminate\\Pipeline\\Pipeline->then()
#62 /mnt/Felo/Courses/learing/PHP/Laravel/Gorge/vendor/laravel/framework/src/Illuminate/Foundation/Http/Kernel.php(144): Illuminate\\Foundation\\Http\\Kernel->sendRequestThroughRouter()
#63 /mnt/Felo/Courses/learing/PHP/Laravel/Gorge/vendor/laravel/framework/src/Illuminate/Foundation/Application.php(1220): Illuminate\\Foundation\\Http\\Kernel->handle()
#64 /mnt/Felo/Courses/learing/PHP/Laravel/Gorge/public/index.php(20): Illuminate\\Foundation\\Application->handleRequest()
#65 /mnt/Felo/Courses/learing/PHP/Laravel/Gorge/vendor/laravel/framework/src/Illuminate/Foundation/resources/server.php(23): require_once('...')
#66 {main}
"} 
[2026-07-16 21:08:06] local.ERROR: Class "App\Http\Resources\SessionResource" not found {"userId":1,"exception":"[object] (Error(code: 0): Class \"App\\Http\\Resources\\SessionResource\" not found at /mnt/Felo/Courses/learing/PHP/Laravel/Gorge/app/Http/Resources/CourseResource.php:25)
[stacktrace]
#0 /mnt/Felo/Courses/learing/PHP/Laravel/Gorge/vendor/laravel/framework/src/Illuminate/Http/Resources/Json/JsonResource.php(147): App\\Http\\Resources\\CourseResource->toArray()
#1 /mnt/Felo/Courses/learing/PHP/Laravel/Gorge/vendor/laravel/framework/src/Illuminate/Http/Resources/Json/JsonResource.php(158): Illuminate\\Http\\Resources\\Json\\JsonResource->toAttributes()
#2 /mnt/Felo/Courses/learing/PHP/Laravel/Gorge/vendor/laravel/framework/src/Illuminate/Http/Resources/Json/JsonResource.php(122): Illuminate\\Http\\Resources\\Json\\JsonResource->resolveResourceData()
#3 /mnt/Felo/Courses/learing/PHP/Laravel/Gorge/vendor/laravel/framework/src/Illuminate/Http/Resources/Json/JsonResource.php(318): Illuminate\\Http\\Resources\\Json\\JsonResource->resolve()
#4 [internal function]: Illuminate\\Http\\Resources\\Json\\JsonResource->jsonSerialize()
#5 /mnt/Felo/Courses/learing/PHP/Laravel/Gorge/vendor/laravel/framework/src/Illuminate/Http/JsonResponse.php(87): json_encode()
#6 /mnt/Felo/Courses/learing/PHP/Laravel/Gorge/vendor/symfony/http-foundation/JsonResponse.php(49): Illuminate\\Http\\JsonResponse->setData()
#7 /mnt/Felo/Courses/learing/PHP/Laravel/Gorge/vendor/laravel/framework/src/Illuminate/Http/JsonResponse.php(31): Symfony\\Component\\HttpFoundation\\JsonResponse->__construct()
#8 /mnt/Felo/Courses/learing/PHP/Laravel/Gorge/vendor/laravel/framework/src/Illuminate/Routing/ResponseFactory.php(105): Illuminate\\Http\\JsonResponse->__construct()
#9 /mnt/Felo/Courses/learing/PHP/Laravel/Gorge/app/Http/Controllers/Admin/AdminCourseController.php(25): Illuminate\\Routing\\ResponseFactory->json()
#10 /mnt/Felo/Courses/learing/PHP/Laravel/Gorge/vendor/laravel/framework/src/Illuminate/Routing/Controller.php(54): App\\Http\\Controllers\\Admin\\AdminCourseController->store()
#11 /mnt/Felo/Courses/learing/PHP/Laravel/Gorge/vendor/laravel/framework/src/Illuminate/Routing/ControllerDispatcher.php(43): Illuminate\\Routing\\Controller->callAction()
#12 /mnt/Felo/Courses/learing/PHP/Laravel/Gorge/vendor/laravel/framework/src/Illuminate/Routing/Route.php(275): Illuminate\\Routing\\ControllerDispatcher->dispatch()
#13 /mnt/Felo/Courses/learing/PHP/Laravel/Gorge/vendor/laravel/framework/src/Illuminate/Routing/Route.php(215): Illuminate\\Routing\\Route->runController()
#14 /mnt/Felo/Courses/learing/PHP/Laravel/Gorge/vendor/laravel/framework/src/Illuminate/Routing/Router.php(822): Illuminate\\Routing\\Route->run()
#15 /mnt/Felo/Courses/learing/PHP/Laravel/Gorge/vendor/laravel/framework/src/Illuminate/Pipeline/Pipeline.php(180): Illuminate\\Routing\\Router->{closure:Illuminate\\Routing\\Router::runRouteWithinStack():821}()
#16 /mnt/Felo/Courses/learing/PHP/Laravel/Gorge/app/Http/Middleware/AdminMiddleware.php(22): Illuminate\\Pipeline\\Pipeline->{closure:Illuminate\\Pipeline\\Pipeline::prepareDestination():178}()
#17 /mnt/Felo/Courses/learing/PHP/Laravel/Gorge/vendor/laravel/framework/src/Illuminate/Pipeline/Pipeline.php(219): App\\Http\\Middleware\\AdminMiddleware->handle()
#18 /mnt/Felo/Courses/learing/PHP/Laravel/Gorge/app/Http/Middleware/SecurityHeadersMiddleware.php(17): Illuminate\\Pipeline\\Pipeline->{closure:{closure:Illuminate\\Pipeline\\Pipeline::carry():194}:195}()
#19 /mnt/Felo/Courses/learing/PHP/Laravel/Gorge/vendor/laravel/framework/src/Illuminate/Pipeline/Pipeline.php(219): App\\Http\\Middleware\\SecurityHeadersMiddleware->handle()
#20 /mnt/Felo/Courses/learing/PHP/Laravel/Gorge/vendor/laravel/framework/src/Illuminate/Routing/Middleware/SubstituteBindings.php(52): Illuminate\\Pipeline\\Pipeline->{closure:{closure:Illuminate\\Pipeline\\Pipeline::carry():194}:195}()
#21 /mnt/Felo/Courses/learing/PHP/Laravel/Gorge/vendor/laravel/framework/src/Illuminate/Pipeline/Pipeline.php(219): Illuminate\\Routing\\Middleware\\SubstituteBindings->handle()
#22 /mnt/Felo/Courses/learing/PHP/Laravel/Gorge/vendor/laravel/framework/src/Illuminate/Auth/Middleware/Authenticate.php(63): Illuminate\\Pipeline\\Pipeline->{closure:{closure:Illuminate\\Pipeline\\Pipeline::carry():194}:195}()
#23 /mnt/Felo/Courses/learing/PHP/Laravel/Gorge/vendor/laravel/framework/src/Illuminate/Pipeline/Pipeline.php(219): Illuminate\\Auth\\Middleware\\Authenticate->handle()
#24 /mnt/Felo/Courses/learing/PHP/Laravel/Gorge/vendor/laravel/framework/src/Illuminate/Foundation/Http/Middleware/PreventRequestForgery.php(104): Illuminate\\Pipeline\\Pipeline->{closure:{closure:Illuminate\\Pipeline\\Pipeline::carry():194}:195}()
#25 /mnt/Felo/Courses/learing/PHP/Laravel/Gorge/vendor/laravel/framework/src/Illuminate/Pipeline/Pipeline.php(219): Illuminate\\Foundation\\Http\\Middleware\\PreventRequestForgery->handle()
#26 /mnt/Felo/Courses/learing/PHP/Laravel/Gorge/vendor/laravel/framework/src/Illuminate/View/Middleware/ShareErrorsFromSession.php(48): Illuminate\\Pipeline\\Pipeline->{closure:{closure:Illuminate\\Pipeline\\Pipeline::carry():194}:195}()
#27 /mnt/Felo/Courses/learing/PHP/Laravel/Gorge/vendor/laravel/framework/src/Illuminate/Pipeline/Pipeline.php(219): Illuminate\\View\\Middleware\\ShareErrorsFromSession->handle()
#28 /mnt/Felo/Courses/learing/PHP/Laravel/Gorge/vendor/laravel/framework/src/Illuminate/Session/Middleware/StartSession.php(120): Illuminate\\Pipeline\\Pipeline->{closure:{closure:Illuminate\\Pipeline\\Pipeline::carry():194}:195}()
#29 /mnt/Felo/Courses/learing/PHP/Laravel/Gorge/vendor/laravel/framework/src/Illuminate/Session/Middleware/StartSession.php(63): Illuminate\\Session\\Middleware\\StartSession->handleStatefulRequest()
#30 /mnt/Felo/Courses/learing/PHP/Laravel/Gorge/vendor/laravel/framework/src/Illuminate/Pipeline/Pipeline.php(219): Illuminate\\Session\\Middleware\\StartSession->handle()
#31 /mnt/Felo/Courses/learing/PHP/Laravel/Gorge/vendor/laravel/framework/src/Illuminate/Cookie/Middleware/AddQueuedCookiesToResponse.php(36): Illuminate\\Pipeline\\Pipeline->{closure:{closure:Illuminate\\Pipeline\\Pipeline::carry():194}:195}()
#32 /mnt/Felo/Courses/learing/PHP/Laravel/Gorge/vendor/laravel/framework/src/Illuminate/Pipeline/Pipeline.php(219): Illuminate\\Cookie\\Middleware\\AddQueuedCookiesToResponse->handle()
#33 /mnt/Felo/Courses/learing/PHP/Laravel/Gorge/vendor/laravel/framework/src/Illuminate/Cookie/Middleware/EncryptCookies.php(74): Illuminate\\Pipeline\\Pipeline->{closure:{closure:Illuminate\\Pipeline\\Pipeline::carry():194}:195}()
#34 /mnt/Felo/Courses/learing/PHP/Laravel/Gorge/vendor/laravel/framework/src/Illuminate/Pipeline/Pipeline.php(219): Illuminate\\Cookie\\Middleware\\EncryptCookies->handle()
#35 /mnt/Felo/Courses/learing/PHP/Laravel/Gorge/vendor/laravel/framework/src/Illuminate/Pipeline/Pipeline.php(137): Illuminate\\Pipeline\\Pipeline->{closure:{closure:Illuminate\\Pipeline\\Pipeline::carry():194}:195}()
#36 /mnt/Felo/Courses/learing/PHP/Laravel/Gorge/vendor/laravel/framework/src/Illuminate/Routing/Router.php(821): Illuminate\\Pipeline\\Pipeline->then()
#37 /mnt/Felo/Courses/learing/PHP/Laravel/Gorge/vendor/laravel/framework/src/Illuminate/Routing/Router.php(800): Illuminate\\Routing\\Router->runRouteWithinStack()
#38 /mnt/Felo/Courses/learing/PHP/Laravel/Gorge/vendor/laravel/framework/src/Illuminate/Routing/Router.php(764): Illuminate\\Routing\\Router->runRoute()
#39 /mnt/Felo/Courses/learing/PHP/Laravel/Gorge/vendor/laravel/framework/src/Illuminate/Routing/Router.php(753): Illuminate\\Routing\\Router->dispatchToRoute()
#40 /mnt/Felo/Courses/learing/PHP/Laravel/Gorge/vendor/laravel/framework/src/Illuminate/Foundation/Http/Kernel.php(200): Illuminate\\Routing\\Router->dispatch()
#41 /mnt/Felo/Courses/learing/PHP/Laravel/Gorge/vendor/laravel/framework/src/Illuminate/Pipeline/Pipeline.php(180): Illuminate\\Foundation\\Http\\Kernel->{closure:Illuminate\\Foundation\\Http\\Kernel::dispatchToRouter():197}()
#42 /mnt/Felo/Courses/learing/PHP/Laravel/Gorge/vendor/laravel/framework/src/Illuminate/Foundation/Http/Middleware/TransformsRequest.php(21): Illuminate\\Pipeline\\Pipeline->{closure:Illuminate\\Pipeline\\Pipeline::prepareDestination():178}()
#43 /mnt/Felo/Courses/learing/PHP/Laravel/Gorge/vendor/laravel/framework/src/Illuminate/Foundation/Http/Middleware/ConvertEmptyStringsToNull.php(31): Illuminate\\Foundation\\Http\\Middleware\\TransformsRequest->handle()
#44 /mnt/Felo/Courses/learing/PHP/Laravel/Gorge/vendor/laravel/framework/src/Illuminate/Pipeline/Pipeline.php(219): Illuminate\\Foundation\\Http\\Middleware\\ConvertEmptyStringsToNull->handle()
#45 /mnt/Felo/Courses/learing/PHP/Laravel/Gorge/vendor/laravel/framework/src/Illuminate/Foundation/Http/Middleware/TransformsRequest.php(21): Illuminate\\Pipeline\\Pipeline->{closure:{closure:Illuminate\\Pipeline\\Pipeline::carry():194}:195}()
#46 /mnt/Felo/Courses/learing/PHP/Laravel/Gorge/vendor/laravel/framework/src/Illuminate/Foundation/Http/Middleware/TrimStrings.php(51): Illuminate\\Foundation\\Http\\Middleware\\TransformsRequest->handle()
#47 /mnt/Felo/Courses/learing/PHP/Laravel/Gorge/vendor/laravel/framework/src/Illuminate/Pipeline/Pipeline.php(219): Illuminate\\Foundation\\Http\\Middleware\\TrimStrings->handle()
#48 /mnt/Felo/Courses/learing/PHP/Laravel/Gorge/vendor/laravel/framework/src/Illuminate/Http/Middleware/ValidatePostSize.php(27): Illuminate\\Pipeline\\Pipeline->{closure:{closure:Illuminate\\Pipeline\\Pipeline::carry():194}:195}()
#49 /mnt/Felo/Courses/learing/PHP/Laravel/Gorge/vendor/laravel/framework/src/Illuminate/Pipeline/Pipeline.php(219): Illuminate\\Http\\Middleware\\ValidatePostSize->handle()
#50 /mnt/Felo/Courses/learing/PHP/Laravel/Gorge/vendor/laravel/framework/src/Illuminate/Foundation/Http/Middleware/PreventRequestsDuringMaintenance.php(109): Illuminate\\Pipeline\\Pipeline->{closure:{closure:Illuminate\\Pipeline\\Pipeline::carry():194}:195}()
#51 /mnt/Felo/Courses/learing/PHP/Laravel/Gorge/vendor/laravel/framework/src/Illuminate/Pipeline/Pipeline.php(219): Illuminate\\Foundation\\Http\\Middleware\\PreventRequestsDuringMaintenance->handle()
#52 /mnt/Felo/Courses/learing/PHP/Laravel/Gorge/vendor/laravel/framework/src/Illuminate/Http/Middleware/HandleCors.php(61): Illuminate\\Pipeline\\Pipeline->{closure:{closure:Illuminate\\Pipeline\\Pipeline::carry():194}:195}()
#53 /mnt/Felo/Courses/learing/PHP/Laravel/Gorge/vendor/laravel/framework/src/Illuminate/Pipeline/Pipeline.php(219): Illuminate\\Http\\Middleware\\HandleCors->handle()
#54 /mnt/Felo/Courses/learing/PHP/Laravel/Gorge/vendor/laravel/framework/src/Illuminate/Http/Middleware/TrustProxies.php(58): Illuminate\\Pipeline\\Pipeline->{closure:{closure:Illuminate\\Pipeline\\Pipeline::carry():194}:195}()
#55 /mnt/Felo/Courses/learing/PHP/Laravel/Gorge/vendor/laravel/framework/src/Illuminate/Pipeline/Pipeline.php(219): Illuminate\\Http\\Middleware\\TrustProxies->handle()
#56 /mnt/Felo/Courses/learing/PHP/Laravel/Gorge/vendor/laravel/framework/src/Illuminate/Foundation/Http/Middleware/InvokeDeferredCallbacks.php(22): Illuminate\\Pipeline\\Pipeline->{closure:{closure:Illuminate\\Pipeline\\Pipeline::carry():194}:195}()
#57 /mnt/Felo/Courses/learing/PHP/Laravel/Gorge/vendor/laravel/framework/src/Illuminate/Pipeline/Pipeline.php(219): Illuminate\\Foundation\\Http\\Middleware\\InvokeDeferredCallbacks->handle()
#58 /mnt/Felo/Courses/learing/PHP/Laravel/Gorge/vendor/laravel/framework/src/Illuminate/Http/Middleware/ValidatePathEncoding.php(28): Illuminate\\Pipeline\\Pipeline->{closure:{closure:Illuminate\\Pipeline\\Pipeline::carry():194}:195}()
#59 /mnt/Felo/Courses/learing/PHP/Laravel/Gorge/vendor/laravel/framework/src/Illuminate/Pipeline/Pipeline.php(219): Illuminate\\Http\\Middleware\\ValidatePathEncoding->handle()
#60 /mnt/Felo/Courses/learing/PHP/Laravel/Gorge/vendor/laravel/framework/src/Illuminate/Pipeline/Pipeline.php(137): Illuminate\\Pipeline\\Pipeline->{closure:{closure:Illuminate\\Pipeline\\Pipeline::carry():194}:195}()
#61 /mnt/Felo/Courses/learing/PHP/Laravel/Gorge/vendor/laravel/framework/src/Illuminate/Foundation/Http/Kernel.php(175): Illuminate\\Pipeline\\Pipeline->then()
#62 /mnt/Felo/Courses/learing/PHP/Laravel/Gorge/vendor/laravel/framework/src/Illuminate/Foundation/Http/Kernel.php(144): Illuminate\\Foundation\\Http\\Kernel->sendRequestThroughRouter()
#63 /mnt/Felo/Courses/learing/PHP/Laravel/Gorge/vendor/laravel/framework/src/Illuminate/Foundation/Application.php(1220): Illuminate\\Foundation\\Http\\Kernel->handle()
#64 /mnt/Felo/Courses/learing/PHP/Laravel/Gorge/public/index.php(20): Illuminate\\Foundation\\Application->handleRequest()
#65 /mnt/Felo/Courses/learing/PHP/Laravel/Gorge/vendor/laravel/framework/src/Illuminate/Foundation/resources/server.php(23): require_once('...')
#66 {main}
"} 
[2026-07-16 21:08:07] local.ERROR: Class "App\Http\Resources\SessionResource" not found {"userId":1,"exception":"[object] (Error(code: 0): Class \"App\\Http\\Resources\\SessionResource\" not found at /mnt/Felo/Courses/learing/PHP/Laravel/Gorge/app/Http/Resources/CourseResource.php:25)
[stacktrace]
#0 /mnt/Felo/Courses/learing/PHP/Laravel/Gorge/vendor/laravel/framework/src/Illuminate/Http/Resources/Json/JsonResource.php(147): App\\Http\\Resources\\CourseResource->toArray()
#1 /mnt/Felo/Courses/learing/PHP/Laravel/Gorge/vendor/laravel/framework/src/Illuminate/Http/Resources/Json/JsonResource.php(158): Illuminate\\Http\\Resources\\Json\\JsonResource->toAttributes()
#2 /mnt/Felo/Courses/learing/PHP/Laravel/Gorge/vendor/laravel/framework/src/Illuminate/Http/Resources/Json/JsonResource.php(122): Illuminate\\Http\\Resources\\Json\\JsonResource->resolveResourceData()
#3 /mnt/Felo/Courses/learing/PHP/Laravel/Gorge/vendor/laravel/framework/src/Illuminate/Http/Resources/Json/JsonResource.php(318): Illuminate\\Http\\Resources\\Json\\JsonResource->resolve()
#4 [internal function]: Illuminate\\Http\\Resources\\Json\\JsonResource->jsonSerialize()
#5 /mnt/Felo/Courses/learing/PHP/Laravel/Gorge/vendor/laravel/framework/src/Illuminate/Http/JsonResponse.php(87): json_encode()
#6 /mnt/Felo/Courses/learing/PHP/Laravel/Gorge/vendor/symfony/http-foundation/JsonResponse.php(49): Illuminate\\Http\\JsonResponse->setData()
#7 /mnt/Felo/Courses/learing/PHP/Laravel/Gorge/vendor/laravel/framework/src/Illuminate/Http/JsonResponse.php(31): Symfony\\Component\\HttpFoundation\\JsonResponse->__construct()
#8 /mnt/Felo/Courses/learing/PHP/Laravel/Gorge/vendor/laravel/framework/src/Illuminate/Routing/ResponseFactory.php(105): Illuminate\\Http\\JsonResponse->__construct()
#9 /mnt/Felo/Courses/learing/PHP/Laravel/Gorge/app/Http/Controllers/Admin/AdminCourseController.php(25): Illuminate\\Routing\\ResponseFactory->json()
#10 /mnt/Felo/Courses/learing/PHP/Laravel/Gorge/vendor/laravel/framework/src/Illuminate/Routing/Controller.php(54): App\\Http\\Controllers\\Admin\\AdminCourseController->store()
#11 /mnt/Felo/Courses/learing/PHP/Laravel/Gorge/vendor/laravel/framework/src/Illuminate/Routing/ControllerDispatcher.php(43): Illuminate\\Routing\\Controller->callAction()
#12 /mnt/Felo/Courses/learing/PHP/Laravel/Gorge/vendor/laravel/framework/src/Illuminate/Routing/Route.php(275): Illuminate\\Routing\\ControllerDispatcher->dispatch()
#13 /mnt/Felo/Courses/learing/PHP/Laravel/Gorge/vendor/laravel/framework/src/Illuminate/Routing/Route.php(215): Illuminate\\Routing\\Route->runController()
#14 /mnt/Felo/Courses/learing/PHP/Laravel/Gorge/vendor/laravel/framework/src/Illuminate/Routing/Router.php(822): Illuminate\\Routing\\Route->run()
#15 /mnt/Felo/Courses/learing/PHP/Laravel/Gorge/vendor/laravel/framework/src/Illuminate/Pipeline/Pipeline.php(180): Illuminate\\Routing\\Router->{closure:Illuminate\\Routing\\Router::runRouteWithinStack():821}()
#16 /mnt/Felo/Courses/learing/PHP/Laravel/Gorge/app/Http/Middleware/AdminMiddleware.php(22): Illuminate\\Pipeline\\Pipeline->{closure:Illuminate\\Pipeline\\Pipeline::prepareDestination():178}()
#17 /mnt/Felo/Courses/learing/PHP/Laravel/Gorge/vendor/laravel/framework/src/Illuminate/Pipeline/Pipeline.php(219): App\\Http\\Middleware\\AdminMiddleware->handle()
#18 /mnt/Felo/Courses/learing/PHP/Laravel/Gorge/app/Http/Middleware/SecurityHeadersMiddleware.php(17): Illuminate\\Pipeline\\Pipeline->{closure:{closure:Illuminate\\Pipeline\\Pipeline::carry():194}:195}()
#19 /mnt/Felo/Courses/learing/PHP/Laravel/Gorge/vendor/laravel/framework/src/Illuminate/Pipeline/Pipeline.php(219): App\\Http\\Middleware\\SecurityHeadersMiddleware->handle()
#20 /mnt/Felo/Courses/learing/PHP/Laravel/Gorge/vendor/laravel/framework/src/Illuminate/Routing/Middleware/SubstituteBindings.php(52): Illuminate\\Pipeline\\Pipeline->{closure:{closure:Illuminate\\Pipeline\\Pipeline::carry():194}:195}()
#21 /mnt/Felo/Courses/learing/PHP/Laravel/Gorge/vendor/laravel/framework/src/Illuminate/Pipeline/Pipeline.php(219): Illuminate\\Routing\\Middleware\\SubstituteBindings->handle()
#22 /mnt/Felo/Courses/learing/PHP/Laravel/Gorge/vendor/laravel/framework/src/Illuminate/Auth/Middleware/Authenticate.php(63): Illuminate\\Pipeline\\Pipeline->{closure:{closure:Illuminate\\Pipeline\\Pipeline::carry():194}:195}()
#23 /mnt/Felo/Courses/learing/PHP/Laravel/Gorge/vendor/laravel/framework/src/Illuminate/Pipeline/Pipeline.php(219): Illuminate\\Auth\\Middleware\\Authenticate->handle()
#24 /mnt/Felo/Courses/learing/PHP/Laravel/Gorge/vendor/laravel/framework/src/Illuminate/Foundation/Http/Middleware/PreventRequestForgery.php(104): Illuminate\\Pipeline\\Pipeline->{closure:{closure:Illuminate\\Pipeline\\Pipeline::carry():194}:195}()
#25 /mnt/Felo/Courses/learing/PHP/Laravel/Gorge/vendor/laravel/framework/src/Illuminate/Pipeline/Pipeline.php(219): Illuminate\\Foundation\\Http\\Middleware\\PreventRequestForgery->handle()
#26 /mnt/Felo/Courses/learing/PHP/Laravel/Gorge/vendor/laravel/framework/src/Illuminate/View/Middleware/ShareErrorsFromSession.php(48): Illuminate\\Pipeline\\Pipeline->{closure:{closure:Illuminate\\Pipeline\\Pipeline::carry():194}:195}()
#27 /mnt/Felo/Courses/learing/PHP/Laravel/Gorge/vendor/laravel/framework/src/Illuminate/Pipeline/Pipeline.php(219): Illuminate\\View\\Middleware\\ShareErrorsFromSession->handle()
#28 /mnt/Felo/Courses/learing/PHP/Laravel/Gorge/vendor/laravel/framework/src/Illuminate/Session/Middleware/StartSession.php(120): Illuminate\\Pipeline\\Pipeline->{closure:{closure:Illuminate\\Pipeline\\Pipeline::carry():194}:195}()
#29 /mnt/Felo/Courses/learing/PHP/Laravel/Gorge/vendor/laravel/framework/src/Illuminate/Session/Middleware/StartSession.php(63): Illuminate\\Session\\Middleware\\StartSession->handleStatefulRequest()
#30 /mnt/Felo/Courses/learing/PHP/Laravel/Gorge/vendor/laravel/framework/src/Illuminate/Pipeline/Pipeline.php(219): Illuminate\\Session\\Middleware\\StartSession->handle()
#31 /mnt/Felo/Courses/learing/PHP/Laravel/Gorge/vendor/laravel/framework/src/Illuminate/Cookie/Middleware/AddQueuedCookiesToResponse.php(36): Illuminate\\Pipeline\\Pipeline->{closure:{closure:Illuminate\\Pipeline\\Pipeline::carry():194}:195}()
#32 /mnt/Felo/Courses/learing/PHP/Laravel/Gorge/vendor/laravel/framework/src/Illuminate/Pipeline/Pipeline.php(219): Illuminate\\Cookie\\Middleware\\AddQueuedCookiesToResponse->handle()
#33 /mnt/Felo/Courses/learing/PHP/Laravel/Gorge/vendor/laravel/framework/src/Illuminate/Cookie/Middleware/EncryptCookies.php(74): Illuminate\\Pipeline\\Pipeline->{closure:{closure:Illuminate\\Pipeline\\Pipeline::carry():194}:195}()
#34 /mnt/Felo/Courses/learing/PHP/Laravel/Gorge/vendor/laravel/framework/src/Illuminate/Pipeline/Pipeline.php(219): Illuminate\\Cookie\\Middleware\\EncryptCookies->handle()
#35 /mnt/Felo/Courses/learing/PHP/Laravel/Gorge/vendor/laravel/framework/src/Illuminate/Pipeline/Pipeline.php(137): Illuminate\\Pipeline\\Pipeline->{closure:{closure:Illuminate\\Pipeline\\Pipeline::carry():194}:195}()
#36 /mnt/Felo/Courses/learing/PHP/Laravel/Gorge/vendor/laravel/framework/src/Illuminate/Routing/Router.php(821): Illuminate\\Pipeline\\Pipeline->then()
#37 /mnt/Felo/Courses/learing/PHP/Laravel/Gorge/vendor/laravel/framework/src/Illuminate/Routing/Router.php(800): Illuminate\\Routing\\Router->runRouteWithinStack()
#38 /mnt/Felo/Courses/learing/PHP/Laravel/Gorge/vendor/laravel/framework/src/Illuminate/Routing/Router.php(764): Illuminate\\Routing\\Router->runRoute()
#39 /mnt/Felo/Courses/learing/PHP/Laravel/Gorge/vendor/laravel/framework/src/Illuminate/Routing/Router.php(753): Illuminate\\Routing\\Router->dispatchToRoute()
#40 /mnt/Felo/Courses/learing/PHP/Laravel/Gorge/vendor/laravel/framework/src/Illuminate/Foundation/Http/Kernel.php(200): Illuminate\\Routing\\Router->dispatch()
#41 /mnt/Felo/Courses/learing/PHP/Laravel/Gorge/vendor/laravel/framework/src/Illuminate/Pipeline/Pipeline.php(180): Illuminate\\Foundation\\Http\\Kernel->{closure:Illuminate\\Foundation\\Http\\Kernel::dispatchToRouter():197}()
#42 /mnt/Felo/Courses/learing/PHP/Laravel/Gorge/vendor/laravel/framework/src/Illuminate/Foundation/Http/Middleware/TransformsRequest.php(21): Illuminate\\Pipeline\\Pipeline->{closure:Illuminate\\Pipeline\\Pipeline::prepareDestination():178}()
#43 /mnt/Felo/Courses/learing/PHP/Laravel/Gorge/vendor/laravel/framework/src/Illuminate/Foundation/Http/Middleware/ConvertEmptyStringsToNull.php(31): Illuminate\\Foundation\\Http\\Middleware\\TransformsRequest->handle()
#44 /mnt/Felo/Courses/learing/PHP/Laravel/Gorge/vendor/laravel/framework/src/Illuminate/Pipeline/Pipeline.php(219): Illuminate\\Foundation\\Http\\Middleware\\ConvertEmptyStringsToNull->handle()
#45 /mnt/Felo/Courses/learing/PHP/Laravel/Gorge/vendor/laravel/framework/src/Illuminate/Foundation/Http/Middleware/TransformsRequest.php(21): Illuminate\\Pipeline\\Pipeline->{closure:{closure:Illuminate\\Pipeline\\Pipeline::carry():194}:195}()
#46 /mnt/Felo/Courses/learing/PHP/Laravel/Gorge/vendor/laravel/framework/src/Illuminate/Foundation/Http/Middleware/TrimStrings.php(51): Illuminate\\Foundation\\Http\\Middleware\\TransformsRequest->handle()
#47 /mnt/Felo/Courses/learing/PHP/Laravel/Gorge/vendor/laravel/framework/src/Illuminate/Pipeline/Pipeline.php(219): Illuminate\\Foundation\\Http\\Middleware\\TrimStrings->handle()
#48 /mnt/Felo/Courses/learing/PHP/Laravel/Gorge/vendor/laravel/framework/src/Illuminate/Http/Middleware/ValidatePostSize.php(27): Illuminate\\Pipeline\\Pipeline->{closure:{closure:Illuminate\\Pipeline\\Pipeline::carry():194}:195}()
#49 /mnt/Felo/Courses/learing/PHP/Laravel/Gorge/vendor/laravel/framework/src/Illuminate/Pipeline/Pipeline.php(219): Illuminate\\Http\\Middleware\\ValidatePostSize->handle()
#50 /mnt/Felo/Courses/learing/PHP/Laravel/Gorge/vendor/laravel/framework/src/Illuminate/Foundation/Http/Middleware/PreventRequestsDuringMaintenance.php(109): Illuminate\\Pipeline\\Pipeline->{closure:{closure:Illuminate\\Pipeline\\Pipeline::carry():194}:195}()
#51 /mnt/Felo/Courses/learing/PHP/Laravel/Gorge/vendor/laravel/framework/src/Illuminate/Pipeline/Pipeline.php(219): Illuminate\\Foundation\\Http\\Middleware\\PreventRequestsDuringMaintenance->handle()
#52 /mnt/Felo/Courses/learing/PHP/Laravel/Gorge/vendor/laravel/framework/src/Illuminate/Http/Middleware/HandleCors.php(61): Illuminate\\Pipeline\\Pipeline->{closure:{closure:Illuminate\\Pipeline\\Pipeline::carry():194}:195}()
#53 /mnt/Felo/Courses/learing/PHP/Laravel/Gorge/vendor/laravel/framework/src/Illuminate/Pipeline/Pipeline.php(219): Illuminate\\Http\\Middleware\\HandleCors->handle()
#54 /mnt/Felo/Courses/learing/PHP/Laravel/Gorge/vendor/laravel/framework/src/Illuminate/Http/Middleware/TrustProxies.php(58): Illuminate\\Pipeline\\Pipeline->{closure:{closure:Illuminate\\Pipeline\\Pipeline::carry():194}:195}()
#55 /mnt/Felo/Courses/learing/PHP/Laravel/Gorge/vendor/laravel/framework/src/Illuminate/Pipeline/Pipeline.php(219): Illuminate\\Http\\Middleware\\TrustProxies->handle()
#56 /mnt/Felo/Courses/learing/PHP/Laravel/Gorge/vendor/laravel/framework/src/Illuminate/Foundation/Http/Middleware/InvokeDeferredCallbacks.php(22): Illuminate\\Pipeline\\Pipeline->{closure:{closure:Illuminate\\Pipeline\\Pipeline::carry():194}:195}()
#57 /mnt/Felo/Courses/learing/PHP/Laravel/Gorge/vendor/laravel/framework/src/Illuminate/Pipeline/Pipeline.php(219): Illuminate\\Foundation\\Http\\Middleware\\InvokeDeferredCallbacks->handle()
#58 /mnt/Felo/Courses/learing/PHP/Laravel/Gorge/vendor/laravel/framework/src/Illuminate/Http/Middleware/ValidatePathEncoding.php(28): Illuminate\\Pipeline\\Pipeline->{closure:{closure:Illuminate\\Pipeline\\Pipeline::carry():194}:195}()
#59 /mnt/Felo/Courses/learing/PHP/Laravel/Gorge/vendor/laravel/framework/src/Illuminate/Pipeline/Pipeline.php(219): Illuminate\\Http\\Middleware\\ValidatePathEncoding->handle()
#60 /mnt/Felo/Courses/learing/PHP/Laravel/Gorge/vendor/laravel/framework/src/Illuminate/Pipeline/Pipeline.php(137): Illuminate\\Pipeline\\Pipeline->{closure:{closure:Illuminate\\Pipeline\\Pipeline::carry():194}:195}()
#61 /mnt/Felo/Courses/learing/PHP/Laravel/Gorge/vendor/laravel/framework/src/Illuminate/Foundation/Http/Kernel.php(175): Illuminate\\Pipeline\\Pipeline->then()
#62 /mnt/Felo/Courses/learing/PHP/Laravel/Gorge/vendor/laravel/framework/src/Illuminate/Foundation/Http/Kernel.php(144): Illuminate\\Foundation\\Http\\Kernel->sendRequestThroughRouter()
#63 /mnt/Felo/Courses/learing/PHP/Laravel/Gorge/vendor/laravel/framework/src/Illuminate/Foundation/Application.php(1220): Illuminate\\Foundation\\Http\\Kernel->handle()
#64 /mnt/Felo/Courses/learing/PHP/Laravel/Gorge/public/index.php(20): Illuminate\\Foundation\\Application->handleRequest()
#65 /mnt/Felo/Courses/learing/PHP/Laravel/Gorge/vendor/laravel/framework/src/Illuminate/Foundation/resources/server.php(23): require_once('...')
#66 {main}
"} 
[2026-07-16 21:08:07] local.ERROR: Class "App\Http\Resources\SessionResource" not found {"userId":1,"exception":"[object] (Error(code: 0): Class \"App\\Http\\Resources\\SessionResource\" not found at /mnt/Felo/Courses/learing/PHP/Laravel/Gorge/app/Http/Resources/CourseResource.php:25)
[stacktrace]
#0 /mnt/Felo/Courses/learing/PHP/Laravel/Gorge/vendor/laravel/framework/src/Illuminate/Http/Resources/Json/JsonResource.php(147): App\\Http\\Resources\\CourseResource->toArray()
#1 /mnt/Felo/Courses/learing/PHP/Laravel/Gorge/vendor/laravel/framework/src/Illuminate/Http/Resources/Json/JsonResource.php(158): Illuminate\\Http\\Resources\\Json\\JsonResource->toAttributes()
#2 /mnt/Felo/Courses/learing/PHP/Laravel/Gorge/vendor/laravel/framework/src/Illuminate/Http/Resources/Json/JsonResource.php(122): Illuminate\\Http\\Resources\\Json\\JsonResource->resolveResourceData()
#3 /mnt/Felo/Courses/learing/PHP/Laravel/Gorge/vendor/laravel/framework/src/Illuminate/Http/Resources/Json/JsonResource.php(318): Illuminate\\Http\\Resources\\Json\\JsonResource->resolve()
#4 [internal function]: Illuminate\\Http\\Resources\\Json\\JsonResource->jsonSerialize()
#5 /mnt/Felo/Courses/learing/PHP/Laravel/Gorge/vendor/laravel/framework/src/Illuminate/Http/JsonResponse.php(87): json_encode()
#6 /mnt/Felo/Courses/learing/PHP/Laravel/Gorge/vendor/symfony/http-foundation/JsonResponse.php(49): Illuminate\\Http\\JsonResponse->setData()
#7 /mnt/Felo/Courses/learing/PHP/Laravel/Gorge/vendor/laravel/framework/src/Illuminate/Http/JsonResponse.php(31): Symfony\\Component\\HttpFoundation\\JsonResponse->__construct()
#8 /mnt/Felo/Courses/learing/PHP/Laravel/Gorge/vendor/laravel/framework/src/Illuminate/Routing/ResponseFactory.php(105): Illuminate\\Http\\JsonResponse->__construct()
#9 /mnt/Felo/Courses/learing/PHP/Laravel/Gorge/app/Http/Controllers/Admin/AdminCourseController.php(25): Illuminate\\Routing\\ResponseFactory->json()
#10 /mnt/Felo/Courses/learing/PHP/Laravel/Gorge/vendor/laravel/framework/src/Illuminate/Routing/Controller.php(54): App\\Http\\Controllers\\Admin\\AdminCourseController->store()
#11 /mnt/Felo/Courses/learing/PHP/Laravel/Gorge/vendor/laravel/framework/src/Illuminate/Routing/ControllerDispatcher.php(43): Illuminate\\Routing\\Controller->callAction()
#12 /mnt/Felo/Courses/learing/PHP/Laravel/Gorge/vendor/laravel/framework/src/Illuminate/Routing/Route.php(275): Illuminate\\Routing\\ControllerDispatcher->dispatch()
#13 /mnt/Felo/Courses/learing/PHP/Laravel/Gorge/vendor/laravel/framework/src/Illuminate/Routing/Route.php(215): Illuminate\\Routing\\Route->runController()
#14 /mnt/Felo/Courses/learing/PHP/Laravel/Gorge/vendor/laravel/framework/src/Illuminate/Routing/Router.php(822): Illuminate\\Routing\\Route->run()
#15 /mnt/Felo/Courses/learing/PHP/Laravel/Gorge/vendor/laravel/framework/src/Illuminate/Pipeline/Pipeline.php(180): Illuminate\\Routing\\Router->{closure:Illuminate\\Routing\\Router::runRouteWithinStack():821}()
#16 /mnt/Felo/Courses/learing/PHP/Laravel/Gorge/app/Http/Middleware/AdminMiddleware.php(22): Illuminate\\Pipeline\\Pipeline->{closure:Illuminate\\Pipeline\\Pipeline::prepareDestination():178}()
#17 /mnt/Felo/Courses/learing/PHP/Laravel/Gorge/vendor/laravel/framework/src/Illuminate/Pipeline/Pipeline.php(219): App\\Http\\Middleware\\AdminMiddleware->handle()
#18 /mnt/Felo/Courses/learing/PHP/Laravel/Gorge/app/Http/Middleware/SecurityHeadersMiddleware.php(17): Illuminate\\Pipeline\\Pipeline->{closure:{closure:Illuminate\\Pipeline\\Pipeline::carry():194}:195}()
#19 /mnt/Felo/Courses/learing/PHP/Laravel/Gorge/vendor/laravel/framework/src/Illuminate/Pipeline/Pipeline.php(219): App\\Http\\Middleware\\SecurityHeadersMiddleware->handle()
#20 /mnt/Felo/Courses/learing/PHP/Laravel/Gorge/vendor/laravel/framework/src/Illuminate/Routing/Middleware/SubstituteBindings.php(52): Illuminate\\Pipeline\\Pipeline->{closure:{closure:Illuminate\\Pipeline\\Pipeline::carry():194}:195}()
#21 /mnt/Felo/Courses/learing/PHP/Laravel/Gorge/vendor/laravel/framework/src/Illuminate/Pipeline/Pipeline.php(219): Illuminate\\Routing\\Middleware\\SubstituteBindings->handle()
#22 /mnt/Felo/Courses/learing/PHP/Laravel/Gorge/vendor/laravel/framework/src/Illuminate/Auth/Middleware/Authenticate.php(63): Illuminate\\Pipeline\\Pipeline->{closure:{closure:Illuminate\\Pipeline\\Pipeline::carry():194}:195}()
#23 /mnt/Felo/Courses/learing/PHP/Laravel/Gorge/vendor/laravel/framework/src/Illuminate/Pipeline/Pipeline.php(219): Illuminate\\Auth\\Middleware\\Authenticate->handle()
#24 /mnt/Felo/Courses/learing/PHP/Laravel/Gorge/vendor/laravel/framework/src/Illuminate/Foundation/Http/Middleware/PreventRequestForgery.php(104): Illuminate\\Pipeline\\Pipeline->{closure:{closure:Illuminate\\Pipeline\\Pipeline::carry():194}:195}()
#25 /mnt/Felo/Courses/learing/PHP/Laravel/Gorge/vendor/laravel/framework/src/Illuminate/Pipeline/Pipeline.php(219): Illuminate\\Foundation\\Http\\Middleware\\PreventRequestForgery->handle()
#26 /mnt/Felo/Courses/learing/PHP/Laravel/Gorge/vendor/laravel/framework/src/Illuminate/View/Middleware/ShareErrorsFromSession.php(48): Illuminate\\Pipeline\\Pipeline->{closure:{closure:Illuminate\\Pipeline\\Pipeline::carry():194}:195}()
#27 /mnt/Felo/Courses/learing/PHP/Laravel/Gorge/vendor/laravel/framework/src/Illuminate/Pipeline/Pipeline.php(219): Illuminate\\View\\Middleware\\ShareErrorsFromSession->handle()
#28 /mnt/Felo/Courses/learing/PHP/Laravel/Gorge/vendor/laravel/framework/src/Illuminate/Session/Middleware/StartSession.php(120): Illuminate\\Pipeline\\Pipeline->{closure:{closure:Illuminate\\Pipeline\\Pipeline::carry():194}:195}()
#29 /mnt/Felo/Courses/learing/PHP/Laravel/Gorge/vendor/laravel/framework/src/Illuminate/Session/Middleware/StartSession.php(63): Illuminate\\Session\\Middleware\\StartSession->handleStatefulRequest()
#30 /mnt/Felo/Courses/learing/PHP/Laravel/Gorge/vendor/laravel/framework/src/Illuminate/Pipeline/Pipeline.php(219): Illuminate\\Session\\Middleware\\StartSession->handle()
#31 /mnt/Felo/Courses/learing/PHP/Laravel/Gorge/vendor/laravel/framework/src/Illuminate/Cookie/Middleware/AddQueuedCookiesToResponse.php(36): Illuminate\\Pipeline\\Pipeline->{closure:{closure:Illuminate\\Pipeline\\Pipeline::carry():194}:195}()
#32 /mnt/Felo/Courses/learing/PHP/Laravel/Gorge/vendor/laravel/framework/src/Illuminate/Pipeline/Pipeline.php(219): Illuminate\\Cookie\\Middleware\\AddQueuedCookiesToResponse->handle()
#33 /mnt/Felo/Courses/learing/PHP/Laravel/Gorge/vendor/laravel/framework/src/Illuminate/Cookie/Middleware/EncryptCookies.php(74): Illuminate\\Pipeline\\Pipeline->{closure:{closure:Illuminate\\Pipeline\\Pipeline::carry():194}:195}()
#34 /mnt/Felo/Courses/learing/PHP/Laravel/Gorge/vendor/laravel/framework/src/Illuminate/Pipeline/Pipeline.php(219): Illuminate\\Cookie\\Middleware\\EncryptCookies->handle()
#35 /mnt/Felo/Courses/learing/PHP/Laravel/Gorge/vendor/laravel/framework/src/Illuminate/Pipeline/Pipeline.php(137): Illuminate\\Pipeline\\Pipeline->{closure:{closure:Illuminate\\Pipeline\\Pipeline::carry():194}:195}()
#36 /mnt/Felo/Courses/learing/PHP/Laravel/Gorge/vendor/laravel/framework/src/Illuminate/Routing/Router.php(821): Illuminate\\Pipeline\\Pipeline->then()
#37 /mnt/Felo/Courses/learing/PHP/Laravel/Gorge/vendor/laravel/framework/src/Illuminate/Routing/Router.php(800): Illuminate\\Routing\\Router->runRouteWithinStack()
#38 /mnt/Felo/Courses/learing/PHP/Laravel/Gorge/vendor/laravel/framework/src/Illuminate/Routing/Router.php(764): Illuminate\\Routing\\Router->runRoute()
#39 /mnt/Felo/Courses/learing/PHP/Laravel/Gorge/vendor/laravel/framework/src/Illuminate/Routing/Router.php(753): Illuminate\\Routing\\Router->dispatchToRoute()
#40 /mnt/Felo/Courses/learing/PHP/Laravel/Gorge/vendor/laravel/framework/src/Illuminate/Foundation/Http/Kernel.php(200): Illuminate\\Routing\\Router->dispatch()
#41 /mnt/Felo/Courses/learing/PHP/Laravel/Gorge/vendor/laravel/framework/src/Illuminate/Pipeline/Pipeline.php(180): Illuminate\\Foundation\\Http\\Kernel->{closure:Illuminate\\Foundation\\Http\\Kernel::dispatchToRouter():197}()
#42 /mnt/Felo/Courses/learing/PHP/Laravel/Gorge/vendor/laravel/framework/src/Illuminate/Foundation/Http/Middleware/TransformsRequest.php(21): Illuminate\\Pipeline\\Pipeline->{closure:Illuminate\\Pipeline\\Pipeline::prepareDestination():178}()
#43 /mnt/Felo/Courses/learing/PHP/Laravel/Gorge/vendor/laravel/framework/src/Illuminate/Foundation/Http/Middleware/ConvertEmptyStringsToNull.php(31): Illuminate\\Foundation\\Http\\Middleware\\TransformsRequest->handle()
#44 /mnt/Felo/Courses/learing/PHP/Laravel/Gorge/vendor/laravel/framework/src/Illuminate/Pipeline/Pipeline.php(219): Illuminate\\Foundation\\Http\\Middleware\\ConvertEmptyStringsToNull->handle()
#45 /mnt/Felo/Courses/learing/PHP/Laravel/Gorge/vendor/laravel/framework/src/Illuminate/Foundation/Http/Middleware/TransformsRequest.php(21): Illuminate\\Pipeline\\Pipeline->{closure:{closure:Illuminate\\Pipeline\\Pipeline::carry():194}:195}()
#46 /mnt/Felo/Courses/learing/PHP/Laravel/Gorge/vendor/laravel/framework/src/Illuminate/Foundation/Http/Middleware/TrimStrings.php(51): Illuminate\\Foundation\\Http\\Middleware\\TransformsRequest->handle()
#47 /mnt/Felo/Courses/learing/PHP/Laravel/Gorge/vendor/laravel/framework/src/Illuminate/Pipeline/Pipeline.php(219): Illuminate\\Foundation\\Http\\Middleware\\TrimStrings->handle()
#48 /mnt/Felo/Courses/learing/PHP/Laravel/Gorge/vendor/laravel/framework/src/Illuminate/Http/Middleware/ValidatePostSize.php(27): Illuminate\\Pipeline\\Pipeline->{closure:{closure:Illuminate\\Pipeline\\Pipeline::carry():194}:195}()
#49 /mnt/Felo/Courses/learing/PHP/Laravel/Gorge/vendor/laravel/framework/src/Illuminate/Pipeline/Pipeline.php(219): Illuminate\\Http\\Middleware\\ValidatePostSize->handle()
#50 /mnt/Felo/Courses/learing/PHP/Laravel/Gorge/vendor/laravel/framework/src/Illuminate/Foundation/Http/Middleware/PreventRequestsDuringMaintenance.php(109): Illuminate\\Pipeline\\Pipeline->{closure:{closure:Illuminate\\Pipeline\\Pipeline::carry():194}:195}()
#51 /mnt/Felo/Courses/learing/PHP/Laravel/Gorge/vendor/laravel/framework/src/Illuminate/Pipeline/Pipeline.php(219): Illuminate\\Foundation\\Http\\Middleware\\PreventRequestsDuringMaintenance->handle()
#52 /mnt/Felo/Courses/learing/PHP/Laravel/Gorge/vendor/laravel/framework/src/Illuminate/Http/Middleware/HandleCors.php(61): Illuminate\\Pipeline\\Pipeline->{closure:{closure:Illuminate\\Pipeline\\Pipeline::carry():194}:195}()
#53 /mnt/Felo/Courses/learing/PHP/Laravel/Gorge/vendor/laravel/framework/src/Illuminate/Pipeline/Pipeline.php(219): Illuminate\\Http\\Middleware\\HandleCors->handle()
#54 /mnt/Felo/Courses/learing/PHP/Laravel/Gorge/vendor/laravel/framework/src/Illuminate/Http/Middleware/TrustProxies.php(58): Illuminate\\Pipeline\\Pipeline->{closure:{closure:Illuminate\\Pipeline\\Pipeline::carry():194}:195}()
#55 /mnt/Felo/Courses/learing/PHP/Laravel/Gorge/vendor/laravel/framework/src/Illuminate/Pipeline/Pipeline.php(219): Illuminate\\Http\\Middleware\\TrustProxies->handle()
#56 /mnt/Felo/Courses/learing/PHP/Laravel/Gorge/vendor/laravel/framework/src/Illuminate/Foundation/Http/Middleware/InvokeDeferredCallbacks.php(22): Illuminate\\Pipeline\\Pipeline->{closure:{closure:Illuminate\\Pipeline\\Pipeline::carry():194}:195}()
#57 /mnt/Felo/Courses/learing/PHP/Laravel/Gorge/vendor/laravel/framework/src/Illuminate/Pipeline/Pipeline.php(219): Illuminate\\Foundation\\Http\\Middleware\\InvokeDeferredCallbacks->handle()
#58 /mnt/Felo/Courses/learing/PHP/Laravel/Gorge/vendor/laravel/framework/src/Illuminate/Http/Middleware/ValidatePathEncoding.php(28): Illuminate\\Pipeline\\Pipeline->{closure:{closure:Illuminate\\Pipeline\\Pipeline::carry():194}:195}()
#59 /mnt/Felo/Courses/learing/PHP/Laravel/Gorge/vendor/laravel/framework/src/Illuminate/Pipeline/Pipeline.php(219): Illuminate\\Http\\Middleware\\ValidatePathEncoding->handle()
#60 /mnt/Felo/Courses/learing/PHP/Laravel/Gorge/vendor/laravel/framework/src/Illuminate/Pipeline/Pipeline.php(137): Illuminate\\Pipeline\\Pipeline->{closure:{closure:Illuminate\\Pipeline\\Pipeline::carry():194}:195}()
#61 /mnt/Felo/Courses/learing/PHP/Laravel/Gorge/vendor/laravel/framework/src/Illuminate/Foundation/Http/Kernel.php(175): Illuminate\\Pipeline\\Pipeline->then()
#62 /mnt/Felo/Courses/learing/PHP/Laravel/Gorge/vendor/laravel/framework/src/Illuminate/Foundation/Http/Kernel.php(144): Illuminate\\Foundation\\Http\\Kernel->sendRequestThroughRouter()
#63 /mnt/Felo/Courses/learing/PHP/Laravel/Gorge/vendor/laravel/framework/src/Illuminate/Foundation/Application.php(1220): Illuminate\\Foundation\\Http\\Kernel->handle()
#64 /mnt/Felo/Courses/learing/PHP/Laravel/Gorge/public/index.php(20): Illuminate\\Foundation\\Application->handleRequest()
#65 /mnt/Felo/Courses/learing/PHP/Laravel/Gorge/vendor/laravel/framework/src/Illuminate/Foundation/resources/server.php(23): require_once('...')
#66 {main}
"} 
[2026-07-16 21:08:07] local.ERROR: Class "App\Http\Resources\SessionResource" not found {"userId":1,"exception":"[object] (Error(code: 0): Class \"App\\Http\\Resources\\SessionResource\" not found at /mnt/Felo/Courses/learing/PHP/Laravel/Gorge/app/Http/Resources/CourseResource.php:25)
[stacktrace]
#0 /mnt/Felo/Courses/learing/PHP/Laravel/Gorge/vendor/laravel/framework/src/Illuminate/Http/Resources/Json/JsonResource.php(147): App\\Http\\Resources\\CourseResource->toArray()
#1 /mnt/Felo/Courses/learing/PHP/Laravel/Gorge/vendor/laravel/framework/src/Illuminate/Http/Resources/Json/JsonResource.php(158): Illuminate\\Http\\Resources\\Json\\JsonResource->toAttributes()
#2 /mnt/Felo/Courses/learing/PHP/Laravel/Gorge/vendor/laravel/framework/src/Illuminate/Http/Resources/Json/JsonResource.php(122): Illuminate\\Http\\Resources\\Json\\JsonResource->resolveResourceData()
#3 /mnt/Felo/Courses/learing/PHP/Laravel/Gorge/vendor/laravel/framework/src/Illuminate/Http/Resources/Json/JsonResource.php(318): Illuminate\\Http\\Resources\\Json\\JsonResource->resolve()
#4 [internal function]: Illuminate\\Http\\Resources\\Json\\JsonResource->jsonSerialize()
#5 /mnt/Felo/Courses/learing/PHP/Laravel/Gorge/vendor/laravel/framework/src/Illuminate/Http/JsonResponse.php(87): json_encode()
#6 /mnt/Felo/Courses/learing/PHP/Laravel/Gorge/vendor/symfony/http-foundation/JsonResponse.php(49): Illuminate\\Http\\JsonResponse->setData()
#7 /mnt/Felo/Courses/learing/PHP/Laravel/Gorge/vendor/laravel/framework/src/Illuminate/Http/JsonResponse.php(31): Symfony\\Component\\HttpFoundation\\JsonResponse->__construct()
#8 /mnt/Felo/Courses/learing/PHP/Laravel/Gorge/vendor/laravel/framework/src/Illuminate/Routing/ResponseFactory.php(105): Illuminate\\Http\\JsonResponse->__construct()
#9 /mnt/Felo/Courses/learing/PHP/Laravel/Gorge/app/Http/Controllers/Admin/AdminCourseController.php(25): Illuminate\\Routing\\ResponseFactory->json()
#10 /mnt/Felo/Courses/learing/PHP/Laravel/Gorge/vendor/laravel/framework/src/Illuminate/Routing/Controller.php(54): App\\Http\\Controllers\\Admin\\AdminCourseController->store()
#11 /mnt/Felo/Courses/learing/PHP/Laravel/Gorge/vendor/laravel/framework/src/Illuminate/Routing/ControllerDispatcher.php(43): Illuminate\\Routing\\Controller->callAction()
#12 /mnt/Felo/Courses/learing/PHP/Laravel/Gorge/vendor/laravel/framework/src/Illuminate/Routing/Route.php(275): Illuminate\\Routing\\ControllerDispatcher->dispatch()
#13 /mnt/Felo/Courses/learing/PHP/Laravel/Gorge/vendor/laravel/framework/src/Illuminate/Routing/Route.php(215): Illuminate\\Routing\\Route->runController()
#14 /mnt/Felo/Courses/learing/PHP/Laravel/Gorge/vendor/laravel/framework/src/Illuminate/Routing/Router.php(822): Illuminate\\Routing\\Route->run()
#15 /mnt/Felo/Courses/learing/PHP/Laravel/Gorge/vendor/laravel/framework/src/Illuminate/Pipeline/Pipeline.php(180): Illuminate\\Routing\\Router->{closure:Illuminate\\Routing\\Router::runRouteWithinStack():821}()
#16 /mnt/Felo/Courses/learing/PHP/Laravel/Gorge/app/Http/Middleware/AdminMiddleware.php(22): Illuminate\\Pipeline\\Pipeline->{closure:Illuminate\\Pipeline\\Pipeline::prepareDestination():178}()
#17 /mnt/Felo/Courses/learing/PHP/Laravel/Gorge/vendor/laravel/framework/src/Illuminate/Pipeline/Pipeline.php(219): App\\Http\\Middleware\\AdminMiddleware->handle()
#18 /mnt/Felo/Courses/learing/PHP/Laravel/Gorge/app/Http/Middleware/SecurityHeadersMiddleware.php(17): Illuminate\\Pipeline\\Pipeline->{closure:{closure:Illuminate\\Pipeline\\Pipeline::carry():194}:195}()
#19 /mnt/Felo/Courses/learing/PHP/Laravel/Gorge/vendor/laravel/framework/src/Illuminate/Pipeline/Pipeline.php(219): App\\Http\\Middleware\\SecurityHeadersMiddleware->handle()
#20 /mnt/Felo/Courses/learing/PHP/Laravel/Gorge/vendor/laravel/framework/src/Illuminate/Routing/Middleware/SubstituteBindings.php(52): Illuminate\\Pipeline\\Pipeline->{closure:{closure:Illuminate\\Pipeline\\Pipeline::carry():194}:195}()
#21 /mnt/Felo/Courses/learing/PHP/Laravel/Gorge/vendor/laravel/framework/src/Illuminate/Pipeline/Pipeline.php(219): Illuminate\\Routing\\Middleware\\SubstituteBindings->handle()
#22 /mnt/Felo/Courses/learing/PHP/Laravel/Gorge/vendor/laravel/framework/src/Illuminate/Auth/Middleware/Authenticate.php(63): Illuminate\\Pipeline\\Pipeline->{closure:{closure:Illuminate\\Pipeline\\Pipeline::carry():194}:195}()
#23 /mnt/Felo/Courses/learing/PHP/Laravel/Gorge/vendor/laravel/framework/src/Illuminate/Pipeline/Pipeline.php(219): Illuminate\\Auth\\Middleware\\Authenticate->handle()
#24 /mnt/Felo/Courses/learing/PHP/Laravel/Gorge/vendor/laravel/framework/src/Illuminate/Foundation/Http/Middleware/PreventRequestForgery.php(104): Illuminate\\Pipeline\\Pipeline->{closure:{closure:Illuminate\\Pipeline\\Pipeline::carry():194}:195}()
#25 /mnt/Felo/Courses/learing/PHP/Laravel/Gorge/vendor/laravel/framework/src/Illuminate/Pipeline/Pipeline.php(219): Illuminate\\Foundation\\Http\\Middleware\\PreventRequestForgery->handle()
#26 /mnt/Felo/Courses/learing/PHP/Laravel/Gorge/vendor/laravel/framework/src/Illuminate/View/Middleware/ShareErrorsFromSession.php(48): Illuminate\\Pipeline\\Pipeline->{closure:{closure:Illuminate\\Pipeline\\Pipeline::carry():194}:195}()
#27 /mnt/Felo/Courses/learing/PHP/Laravel/Gorge/vendor/laravel/framework/src/Illuminate/Pipeline/Pipeline.php(219): Illuminate\\View\\Middleware\\ShareErrorsFromSession->handle()
#28 /mnt/Felo/Courses/learing/PHP/Laravel/Gorge/vendor/laravel/framework/src/Illuminate/Session/Middleware/StartSession.php(120): Illuminate\\Pipeline\\Pipeline->{closure:{closure:Illuminate\\Pipeline\\Pipeline::carry():194}:195}()
#29 /mnt/Felo/Courses/learing/PHP/Laravel/Gorge/vendor/laravel/framework/src/Illuminate/Session/Middleware/StartSession.php(63): Illuminate\\Session\\Middleware\\StartSession->handleStatefulRequest()
#30 /mnt/Felo/Courses/learing/PHP/Laravel/Gorge/vendor/laravel/framework/src/Illuminate/Pipeline/Pipeline.php(219): Illuminate\\Session\\Middleware\\StartSession->handle()
#31 /mnt/Felo/Courses/learing/PHP/Laravel/Gorge/vendor/laravel/framework/src/Illuminate/Cookie/Middleware/AddQueuedCookiesToResponse.php(36): Illuminate\\Pipeline\\Pipeline->{closure:{closure:Illuminate\\Pipeline\\Pipeline::carry():194}:195}()
#32 /mnt/Felo/Courses/learing/PHP/Laravel/Gorge/vendor/laravel/framework/src/Illuminate/Pipeline/Pipeline.php(219): Illuminate\\Cookie\\Middleware\\AddQueuedCookiesToResponse->handle()
#33 /mnt/Felo/Courses/learing/PHP/Laravel/Gorge/vendor/laravel/framework/src/Illuminate/Cookie/Middleware/EncryptCookies.php(74): Illuminate\\Pipeline\\Pipeline->{closure:{closure:Illuminate\\Pipeline\\Pipeline::carry():194}:195}()
#34 /mnt/Felo/Courses/learing/PHP/Laravel/Gorge/vendor/laravel/framework/src/Illuminate/Pipeline/Pipeline.php(219): Illuminate\\Cookie\\Middleware\\EncryptCookies->handle()
#35 /mnt/Felo/Courses/learing/PHP/Laravel/Gorge/vendor/laravel/framework/src/Illuminate/Pipeline/Pipeline.php(137): Illuminate\\Pipeline\\Pipeline->{closure:{closure:Illuminate\\Pipeline\\Pipeline::carry():194}:195}()
#36 /mnt/Felo/Courses/learing/PHP/Laravel/Gorge/vendor/laravel/framework/src/Illuminate/Routing/Router.php(821): Illuminate\\Pipeline\\Pipeline->then()
#37 /mnt/Felo/Courses/learing/PHP/Laravel/Gorge/vendor/laravel/framework/src/Illuminate/Routing/Router.php(800): Illuminate\\Routing\\Router->runRouteWithinStack()
#38 /mnt/Felo/Courses/learing/PHP/Laravel/Gorge/vendor/laravel/framework/src/Illuminate/Routing/Router.php(764): Illuminate\\Routing\\Router->runRoute()
#39 /mnt/Felo/Courses/learing/PHP/Laravel/Gorge/vendor/laravel/framework/src/Illuminate/Routing/Router.php(753): Illuminate\\Routing\\Router->dispatchToRoute()
#40 /mnt/Felo/Courses/learing/PHP/Laravel/Gorge/vendor/laravel/framework/src/Illuminate/Foundation/Http/Kernel.php(200): Illuminate\\Routing\\Router->dispatch()
#41 /mnt/Felo/Courses/learing/PHP/Laravel/Gorge/vendor/laravel/framework/src/Illuminate/Pipeline/Pipeline.php(180): Illuminate\\Foundation\\Http\\Kernel->{closure:Illuminate\\Foundation\\Http\\Kernel::dispatchToRouter():197}()
#42 /mnt/Felo/Courses/learing/PHP/Laravel/Gorge/vendor/laravel/framework/src/Illuminate/Foundation/Http/Middleware/TransformsRequest.php(21): Illuminate\\Pipeline\\Pipeline->{closure:Illuminate\\Pipeline\\Pipeline::prepareDestination():178}()
#43 /mnt/Felo/Courses/learing/PHP/Laravel/Gorge/vendor/laravel/framework/src/Illuminate/Foundation/Http/Middleware/ConvertEmptyStringsToNull.php(31): Illuminate\\Foundation\\Http\\Middleware\\TransformsRequest->handle()
#44 /mnt/Felo/Courses/learing/PHP/Laravel/Gorge/vendor/laravel/framework/src/Illuminate/Pipeline/Pipeline.php(219): Illuminate\\Foundation\\Http\\Middleware\\ConvertEmptyStringsToNull->handle()
#45 /mnt/Felo/Courses/learing/PHP/Laravel/Gorge/vendor/laravel/framework/src/Illuminate/Foundation/Http/Middleware/TransformsRequest.php(21): Illuminate\\Pipeline\\Pipeline->{closure:{closure:Illuminate\\Pipeline\\Pipeline::carry():194}:195}()
#46 /mnt/Felo/Courses/learing/PHP/Laravel/Gorge/vendor/laravel/framework/src/Illuminate/Foundation/Http/Middleware/TrimStrings.php(51): Illuminate\\Foundation\\Http\\Middleware\\TransformsRequest->handle()
#47 /mnt/Felo/Courses/learing/PHP/Laravel/Gorge/vendor/laravel/framework/src/Illuminate/Pipeline/Pipeline.php(219): Illuminate\\Foundation\\Http\\Middleware\\TrimStrings->handle()
#48 /mnt/Felo/Courses/learing/PHP/Laravel/Gorge/vendor/laravel/framework/src/Illuminate/Http/Middleware/ValidatePostSize.php(27): Illuminate\\Pipeline\\Pipeline->{closure:{closure:Illuminate\\Pipeline\\Pipeline::carry():194}:195}()
#49 /mnt/Felo/Courses/learing/PHP/Laravel/Gorge/vendor/laravel/framework/src/Illuminate/Pipeline/Pipeline.php(219): Illuminate\\Http\\Middleware\\ValidatePostSize->handle()
#50 /mnt/Felo/Courses/learing/PHP/Laravel/Gorge/vendor/laravel/framework/src/Illuminate/Foundation/Http/Middleware/PreventRequestsDuringMaintenance.php(109): Illuminate\\Pipeline\\Pipeline->{closure:{closure:Illuminate\\Pipeline\\Pipeline::carry():194}:195}()
#51 /mnt/Felo/Courses/learing/PHP/Laravel/Gorge/vendor/laravel/framework/src/Illuminate/Pipeline/Pipeline.php(219): Illuminate\\Foundation\\Http\\Middleware\\PreventRequestsDuringMaintenance->handle()
#52 /mnt/Felo/Courses/learing/PHP/Laravel/Gorge/vendor/laravel/framework/src/Illuminate/Http/Middleware/HandleCors.php(61): Illuminate\\Pipeline\\Pipeline->{closure:{closure:Illuminate\\Pipeline\\Pipeline::carry():194}:195}()
#53 /mnt/Felo/Courses/learing/PHP/Laravel/Gorge/vendor/laravel/framework/src/Illuminate/Pipeline/Pipeline.php(219): Illuminate\\Http\\Middleware\\HandleCors->handle()
#54 /mnt/Felo/Courses/learing/PHP/Laravel/Gorge/vendor/laravel/framework/src/Illuminate/Http/Middleware/TrustProxies.php(58): Illuminate\\Pipeline\\Pipeline->{closure:{closure:Illuminate\\Pipeline\\Pipeline::carry():194}:195}()
#55 /mnt/Felo/Courses/learing/PHP/Laravel/Gorge/vendor/laravel/framework/src/Illuminate/Pipeline/Pipeline.php(219): Illuminate\\Http\\Middleware\\TrustProxies->handle()
#56 /mnt/Felo/Courses/learing/PHP/Laravel/Gorge/vendor/laravel/framework/src/Illuminate/Foundation/Http/Middleware/InvokeDeferredCallbacks.php(22): Illuminate\\Pipeline\\Pipeline->{closure:{closure:Illuminate\\Pipeline\\Pipeline::carry():194}:195}()
#57 /mnt/Felo/Courses/learing/PHP/Laravel/Gorge/vendor/laravel/framework/src/Illuminate/Pipeline/Pipeline.php(219): Illuminate\\Foundation\\Http\\Middleware\\InvokeDeferredCallbacks->handle()
#58 /mnt/Felo/Courses/learing/PHP/Laravel/Gorge/vendor/laravel/framework/src/Illuminate/Http/Middleware/ValidatePathEncoding.php(28): Illuminate\\Pipeline\\Pipeline->{closure:{closure:Illuminate\\Pipeline\\Pipeline::carry():194}:195}()
#59 /mnt/Felo/Courses/learing/PHP/Laravel/Gorge/vendor/laravel/framework/src/Illuminate/Pipeline/Pipeline.php(219): Illuminate\\Http\\Middleware\\ValidatePathEncoding->handle()
#60 /mnt/Felo/Courses/learing/PHP/Laravel/Gorge/vendor/laravel/framework/src/Illuminate/Pipeline/Pipeline.php(137): Illuminate\\Pipeline\\Pipeline->{closure:{closure:Illuminate\\Pipeline\\Pipeline::carry():194}:195}()
#61 /mnt/Felo/Courses/learing/PHP/Laravel/Gorge/vendor/laravel/framework/src/Illuminate/Foundation/Http/Kernel.php(175): Illuminate\\Pipeline\\Pipeline->then()
#62 /mnt/Felo/Courses/learing/PHP/Laravel/Gorge/vendor/laravel/framework/src/Illuminate/Foundation/Http/Kernel.php(144): Illuminate\\Foundation\\Http\\Kernel->sendRequestThroughRouter()
#63 /mnt/Felo/Courses/learing/PHP/Laravel/Gorge/vendor/laravel/framework/src/Illuminate/Foundation/Application.php(1220): Illuminate\\Foundation\\Http\\Kernel->handle()
#64 /mnt/Felo/Courses/learing/PHP/Laravel/Gorge/public/index.php(20): Illuminate\\Foundation\\Application->handleRequest()
#65 /mnt/Felo/Courses/learing/PHP/Laravel/Gorge/vendor/laravel/framework/src/Illuminate/Foundation/resources/server.php(23): require_once('...')
#66 {main}
"} 
[2026-07-16 21:08:12] local.ERROR: Class "App\Http\Resources\SessionResource" not found {"userId":1,"exception":"[object] (Error(code: 0): Class \"App\\Http\\Resources\\SessionResource\" not found at /mnt/Felo/Courses/learing/PHP/Laravel/Gorge/app/Http/Resources/CourseResource.php:25)
[stacktrace]
#0 /mnt/Felo/Courses/learing/PHP/Laravel/Gorge/vendor/laravel/framework/src/Illuminate/Http/Resources/Json/JsonResource.php(147): App\\Http\\Resources\\CourseResource->toArray()
#1 /mnt/Felo/Courses/learing/PHP/Laravel/Gorge/vendor/laravel/framework/src/Illuminate/Http/Resources/Json/JsonResource.php(158): Illuminate\\Http\\Resources\\Json\\JsonResource->toAttributes()
#2 /mnt/Felo/Courses/learing/PHP/Laravel/Gorge/vendor/laravel/framework/src/Illuminate/Http/Resources/Json/JsonResource.php(122): Illuminate\\Http\\Resources\\Json\\JsonResource->resolveResourceData()
#3 /mnt/Felo/Courses/learing/PHP/Laravel/Gorge/vendor/laravel/framework/src/Illuminate/Http/Resources/Json/JsonResource.php(318): Illuminate\\Http\\Resources\\Json\\JsonResource->resolve()
#4 [internal function]: Illuminate\\Http\\Resources\\Json\\JsonResource->jsonSerialize()
#5 /mnt/Felo/Courses/learing/PHP/Laravel/Gorge/vendor/laravel/framework/src/Illuminate/Http/JsonResponse.php(87): json_encode()
#6 /mnt/Felo/Courses/learing/PHP/Laravel/Gorge/vendor/symfony/http-foundation/JsonResponse.php(49): Illuminate\\Http\\JsonResponse->setData()
#7 /mnt/Felo/Courses/learing/PHP/Laravel/Gorge/vendor/laravel/framework/src/Illuminate/Http/JsonResponse.php(31): Symfony\\Component\\HttpFoundation\\JsonResponse->__construct()
#8 /mnt/Felo/Courses/learing/PHP/Laravel/Gorge/vendor/laravel/framework/src/Illuminate/Routing/ResponseFactory.php(105): Illuminate\\Http\\JsonResponse->__construct()
#9 /mnt/Felo/Courses/learing/PHP/Laravel/Gorge/app/Http/Controllers/Admin/AdminCourseController.php(44): Illuminate\\Routing\\ResponseFactory->json()
#10 /mnt/Felo/Courses/learing/PHP/Laravel/Gorge/vendor/laravel/framework/src/Illuminate/Routing/Controller.php(54): App\\Http\\Controllers\\Admin\\AdminCourseController->update()
#11 /mnt/Felo/Courses/learing/PHP/Laravel/Gorge/vendor/laravel/framework/src/Illuminate/Routing/ControllerDispatcher.php(43): Illuminate\\Routing\\Controller->callAction()
#12 /mnt/Felo/Courses/learing/PHP/Laravel/Gorge/vendor/laravel/framework/src/Illuminate/Routing/Route.php(275): Illuminate\\Routing\\ControllerDispatcher->dispatch()
#13 /mnt/Felo/Courses/learing/PHP/Laravel/Gorge/vendor/laravel/framework/src/Illuminate/Routing/Route.php(215): Illuminate\\Routing\\Route->runController()
#14 /mnt/Felo/Courses/learing/PHP/Laravel/Gorge/vendor/laravel/framework/src/Illuminate/Routing/Router.php(822): Illuminate\\Routing\\Route->run()
#15 /mnt/Felo/Courses/learing/PHP/Laravel/Gorge/vendor/laravel/framework/src/Illuminate/Pipeline/Pipeline.php(180): Illuminate\\Routing\\Router->{closure:Illuminate\\Routing\\Router::runRouteWithinStack():821}()
#16 /mnt/Felo/Courses/learing/PHP/Laravel/Gorge/app/Http/Middleware/AdminMiddleware.php(22): Illuminate\\Pipeline\\Pipeline->{closure:Illuminate\\Pipeline\\Pipeline::prepareDestination():178}()
#17 /mnt/Felo/Courses/learing/PHP/Laravel/Gorge/vendor/laravel/framework/src/Illuminate/Pipeline/Pipeline.php(219): App\\Http\\Middleware\\AdminMiddleware->handle()
#18 /mnt/Felo/Courses/learing/PHP/Laravel/Gorge/app/Http/Middleware/SecurityHeadersMiddleware.php(17): Illuminate\\Pipeline\\Pipeline->{closure:{closure:Illuminate\\Pipeline\\Pipeline::carry():194}:195}()
#19 /mnt/Felo/Courses/learing/PHP/Laravel/Gorge/vendor/laravel/framework/src/Illuminate/Pipeline/Pipeline.php(219): App\\Http\\Middleware\\SecurityHeadersMiddleware->handle()
#20 /mnt/Felo/Courses/learing/PHP/Laravel/Gorge/vendor/laravel/framework/src/Illuminate/Routing/Middleware/SubstituteBindings.php(52): Illuminate\\Pipeline\\Pipeline->{closure:{closure:Illuminate\\Pipeline\\Pipeline::carry():194}:195}()
#21 /mnt/Felo/Courses/learing/PHP/Laravel/Gorge/vendor/laravel/framework/src/Illuminate/Pipeline/Pipeline.php(219): Illuminate\\Routing\\Middleware\\SubstituteBindings->handle()
#22 /mnt/Felo/Courses/learing/PHP/Laravel/Gorge/vendor/laravel/framework/src/Illuminate/Auth/Middleware/Authenticate.php(63): Illuminate\\Pipeline\\Pipeline->{closure:{closure:Illuminate\\Pipeline\\Pipeline::carry():194}:195}()
#23 /mnt/Felo/Courses/learing/PHP/Laravel/Gorge/vendor/laravel/framework/src/Illuminate/Pipeline/Pipeline.php(219): Illuminate\\Auth\\Middleware\\Authenticate->handle()
#24 /mnt/Felo/Courses/learing/PHP/Laravel/Gorge/vendor/laravel/framework/src/Illuminate/Foundation/Http/Middleware/PreventRequestForgery.php(104): Illuminate\\Pipeline\\Pipeline->{closure:{closure:Illuminate\\Pipeline\\Pipeline::carry():194}:195}()
#25 /mnt/Felo/Courses/learing/PHP/Laravel/Gorge/vendor/laravel/framework/src/Illuminate/Pipeline/Pipeline.php(219): Illuminate\\Foundation\\Http\\Middleware\\PreventRequestForgery->handle()
#26 /mnt/Felo/Courses/learing/PHP/Laravel/Gorge/vendor/laravel/framework/src/Illuminate/View/Middleware/ShareErrorsFromSession.php(48): Illuminate\\Pipeline\\Pipeline->{closure:{closure:Illuminate\\Pipeline\\Pipeline::carry():194}:195}()
#27 /mnt/Felo/Courses/learing/PHP/Laravel/Gorge/vendor/laravel/framework/src/Illuminate/Pipeline/Pipeline.php(219): Illuminate\\View\\Middleware\\ShareErrorsFromSession->handle()
#28 /mnt/Felo/Courses/learing/PHP/Laravel/Gorge/vendor/laravel/framework/src/Illuminate/Session/Middleware/StartSession.php(120): Illuminate\\Pipeline\\Pipeline->{closure:{closure:Illuminate\\Pipeline\\Pipeline::carry():194}:195}()
#29 /mnt/Felo/Courses/learing/PHP/Laravel/Gorge/vendor/laravel/framework/src/Illuminate/Session/Middleware/StartSession.php(63): Illuminate\\Session\\Middleware\\StartSession->handleStatefulRequest()
#30 /mnt/Felo/Courses/learing/PHP/Laravel/Gorge/vendor/laravel/framework/src/Illuminate/Pipeline/Pipeline.php(219): Illuminate\\Session\\Middleware\\StartSession->handle()
#31 /mnt/Felo/Courses/learing/PHP/Laravel/Gorge/vendor/laravel/framework/src/Illuminate/Cookie/Middleware/AddQueuedCookiesToResponse.php(36): Illuminate\\Pipeline\\Pipeline->{closure:{closure:Illuminate\\Pipeline\\Pipeline::carry():194}:195}()
#32 /mnt/Felo/Courses/learing/PHP/Laravel/Gorge/vendor/laravel/framework/src/Illuminate/Pipeline/Pipeline.php(219): Illuminate\\Cookie\\Middleware\\AddQueuedCookiesToResponse->handle()
#33 /mnt/Felo/Courses/learing/PHP/Laravel/Gorge/vendor/laravel/framework/src/Illuminate/Cookie/Middleware/EncryptCookies.php(74): Illuminate\\Pipeline\\Pipeline->{closure:{closure:Illuminate\\Pipeline\\Pipeline::carry():194}:195}()
#34 /mnt/Felo/Courses/learing/PHP/Laravel/Gorge/vendor/laravel/framework/src/Illuminate/Pipeline/Pipeline.php(219): Illuminate\\Cookie\\Middleware\\EncryptCookies->handle()
#35 /mnt/Felo/Courses/learing/PHP/Laravel/Gorge/vendor/laravel/framework/src/Illuminate/Pipeline/Pipeline.php(137): Illuminate\\Pipeline\\Pipeline->{closure:{closure:Illuminate\\Pipeline\\Pipeline::carry():194}:195}()
#36 /mnt/Felo/Courses/learing/PHP/Laravel/Gorge/vendor/laravel/framework/src/Illuminate/Routing/Router.php(821): Illuminate\\Pipeline\\Pipeline->then()
#37 /mnt/Felo/Courses/learing/PHP/Laravel/Gorge/vendor/laravel/framework/src/Illuminate/Routing/Router.php(800): Illuminate\\Routing\\Router->runRouteWithinStack()
#38 /mnt/Felo/Courses/learing/PHP/Laravel/Gorge/vendor/laravel/framework/src/Illuminate/Routing/Router.php(764): Illuminate\\Routing\\Router->runRoute()
#39 /mnt/Felo/Courses/learing/PHP/Laravel/Gorge/vendor/laravel/framework/src/Illuminate/Routing/Router.php(753): Illuminate\\Routing\\Router->dispatchToRoute()
#40 /mnt/Felo/Courses/learing/PHP/Laravel/Gorge/vendor/laravel/framework/src/Illuminate/Foundation/Http/Kernel.php(200): Illuminate\\Routing\\Router->dispatch()
#41 /mnt/Felo/Courses/learing/PHP/Laravel/Gorge/vendor/laravel/framework/src/Illuminate/Pipeline/Pipeline.php(180): Illuminate\\Foundation\\Http\\Kernel->{closure:Illuminate\\Foundation\\Http\\Kernel::dispatchToRouter():197}()
#42 /mnt/Felo/Courses/learing/PHP/Laravel/Gorge/vendor/laravel/framework/src/Illuminate/Foundation/Http/Middleware/TransformsRequest.php(21): Illuminate\\Pipeline\\Pipeline->{closure:Illuminate\\Pipeline\\Pipeline::prepareDestination():178}()
#43 /mnt/Felo/Courses/learing/PHP/Laravel/Gorge/vendor/laravel/framework/src/Illuminate/Foundation/Http/Middleware/ConvertEmptyStringsToNull.php(31): Illuminate\\Foundation\\Http\\Middleware\\TransformsRequest->handle()
#44 /mnt/Felo/Courses/learing/PHP/Laravel/Gorge/vendor/laravel/framework/src/Illuminate/Pipeline/Pipeline.php(219): Illuminate\\Foundation\\Http\\Middleware\\ConvertEmptyStringsToNull->handle()
#45 /mnt/Felo/Courses/learing/PHP/Laravel/Gorge/vendor/laravel/framework/src/Illuminate/Foundation/Http/Middleware/TransformsRequest.php(21): Illuminate\\Pipeline\\Pipeline->{closure:{closure:Illuminate\\Pipeline\\Pipeline::carry():194}:195}()
#46 /mnt/Felo/Courses/learing/PHP/Laravel/Gorge/vendor/laravel/framework/src/Illuminate/Foundation/Http/Middleware/TrimStrings.php(51): Illuminate\\Foundation\\Http\\Middleware\\TransformsRequest->handle()
#47 /mnt/Felo/Courses/learing/PHP/Laravel/Gorge/vendor/laravel/framework/src/Illuminate/Pipeline/Pipeline.php(219): Illuminate\\Foundation\\Http\\Middleware\\TrimStrings->handle()
#48 /mnt/Felo/Courses/learing/PHP/Laravel/Gorge/vendor/laravel/framework/src/Illuminate/Http/Middleware/ValidatePostSize.php(27): Illuminate\\Pipeline\\Pipeline->{closure:{closure:Illuminate\\Pipeline\\Pipeline::carry():194}:195}()
#49 /mnt/Felo/Courses/learing/PHP/Laravel/Gorge/vendor/laravel/framework/src/Illuminate/Pipeline/Pipeline.php(219): Illuminate\\Http\\Middleware\\ValidatePostSize->handle()
#50 /mnt/Felo/Courses/learing/PHP/Laravel/Gorge/vendor/laravel/framework/src/Illuminate/Foundation/Http/Middleware/PreventRequestsDuringMaintenance.php(109): Illuminate\\Pipeline\\Pipeline->{closure:{closure:Illuminate\\Pipeline\\Pipeline::carry():194}:195}()
#51 /mnt/Felo/Courses/learing/PHP/Laravel/Gorge/vendor/laravel/framework/src/Illuminate/Pipeline/Pipeline.php(219): Illuminate\\Foundation\\Http\\Middleware\\PreventRequestsDuringMaintenance->handle()
#52 /mnt/Felo/Courses/learing/PHP/Laravel/Gorge/vendor/laravel/framework/src/Illuminate/Http/Middleware/HandleCors.php(61): Illuminate\\Pipeline\\Pipeline->{closure:{closure:Illuminate\\Pipeline\\Pipeline::carry():194}:195}()
#53 /mnt/Felo/Courses/learing/PHP/Laravel/Gorge/vendor/laravel/framework/src/Illuminate/Pipeline/Pipeline.php(219): Illuminate\\Http\\Middleware\\HandleCors->handle()
#54 /mnt/Felo/Courses/learing/PHP/Laravel/Gorge/vendor/laravel/framework/src/Illuminate/Http/Middleware/TrustProxies.php(58): Illuminate\\Pipeline\\Pipeline->{closure:{closure:Illuminate\\Pipeline\\Pipeline::carry():194}:195}()
#55 /mnt/Felo/Courses/learing/PHP/Laravel/Gorge/vendor/laravel/framework/src/Illuminate/Pipeline/Pipeline.php(219): Illuminate\\Http\\Middleware\\TrustProxies->handle()
#56 /mnt/Felo/Courses/learing/PHP/Laravel/Gorge/vendor/laravel/framework/src/Illuminate/Foundation/Http/Middleware/InvokeDeferredCallbacks.php(22): Illuminate\\Pipeline\\Pipeline->{closure:{closure:Illuminate\\Pipeline\\Pipeline::carry():194}:195}()
#57 /mnt/Felo/Courses/learing/PHP/Laravel/Gorge/vendor/laravel/framework/src/Illuminate/Pipeline/Pipeline.php(219): Illuminate\\Foundation\\Http\\Middleware\\InvokeDeferredCallbacks->handle()
#58 /mnt/Felo/Courses/learing/PHP/Laravel/Gorge/vendor/laravel/framework/src/Illuminate/Http/Middleware/ValidatePathEncoding.php(28): Illuminate\\Pipeline\\Pipeline->{closure:{closure:Illuminate\\Pipeline\\Pipeline::carry():194}:195}()
#59 /mnt/Felo/Courses/learing/PHP/Laravel/Gorge/vendor/laravel/framework/src/Illuminate/Pipeline/Pipeline.php(219): Illuminate\\Http\\Middleware\\ValidatePathEncoding->handle()
#60 /mnt/Felo/Courses/learing/PHP/Laravel/Gorge/vendor/laravel/framework/src/Illuminate/Pipeline/Pipeline.php(137): Illuminate\\Pipeline\\Pipeline->{closure:{closure:Illuminate\\Pipeline\\Pipeline::carry():194}:195}()
#61 /mnt/Felo/Courses/learing/PHP/Laravel/Gorge/vendor/laravel/framework/src/Illuminate/Foundation/Http/Kernel.php(175): Illuminate\\Pipeline\\Pipeline->then()
#62 /mnt/Felo/Courses/learing/PHP/Laravel/Gorge/vendor/laravel/framework/src/Illuminate/Foundation/Http/Kernel.php(144): Illuminate\\Foundation\\Http\\Kernel->sendRequestThroughRouter()
#63 /mnt/Felo/Courses/learing/PHP/Laravel/Gorge/vendor/laravel/framework/src/Illuminate/Foundation/Application.php(1220): Illuminate\\Foundation\\Http\\Kernel->handle()
#64 /mnt/Felo/Courses/learing/PHP/Laravel/Gorge/public/index.php(20): Illuminate\\Foundation\\Application->handleRequest()
#65 /mnt/Felo/Courses/learing/PHP/Laravel/Gorge/vendor/laravel/framework/src/Illuminate/Foundation/resources/server.php(23): require_once('...')
#66 {main}
"} 
[2026-07-16 21:08:13] local.ERROR: Class "App\Http\Resources\SessionResource" not found {"userId":1,"exception":"[object] (Error(code: 0): Class \"App\\Http\\Resources\\SessionResource\" not found at /mnt/Felo/Courses/learing/PHP/Laravel/Gorge/app/Http/Resources/CourseResource.php:25)
[stacktrace]
#0 /mnt/Felo/Courses/learing/PHP/Laravel/Gorge/vendor/laravel/framework/src/Illuminate/Http/Resources/Json/JsonResource.php(147): App\\Http\\Resources\\CourseResource->toArray()
#1 /mnt/Felo/Courses/learing/PHP/Laravel/Gorge/vendor/laravel/framework/src/Illuminate/Http/Resources/Json/JsonResource.php(158): Illuminate\\Http\\Resources\\Json\\JsonResource->toAttributes()
#2 /mnt/Felo/Courses/learing/PHP/Laravel/Gorge/vendor/laravel/framework/src/Illuminate/Http/Resources/Json/JsonResource.php(122): Illuminate\\Http\\Resources\\Json\\JsonResource->resolveResourceData()
#3 /mnt/Felo/Courses/learing/PHP/Laravel/Gorge/vendor/laravel/framework/src/Illuminate/Http/Resources/Json/JsonResource.php(318): Illuminate\\Http\\Resources\\Json\\JsonResource->resolve()
#4 [internal function]: Illuminate\\Http\\Resources\\Json\\JsonResource->jsonSerialize()
#5 /mnt/Felo/Courses/learing/PHP/Laravel/Gorge/vendor/laravel/framework/src/Illuminate/Http/JsonResponse.php(87): json_encode()
#6 /mnt/Felo/Courses/learing/PHP/Laravel/Gorge/vendor/symfony/http-foundation/JsonResponse.php(49): Illuminate\\Http\\JsonResponse->setData()
#7 /mnt/Felo/Courses/learing/PHP/Laravel/Gorge/vendor/laravel/framework/src/Illuminate/Http/JsonResponse.php(31): Symfony\\Component\\HttpFoundation\\JsonResponse->__construct()
#8 /mnt/Felo/Courses/learing/PHP/Laravel/Gorge/vendor/laravel/framework/src/Illuminate/Routing/ResponseFactory.php(105): Illuminate\\Http\\JsonResponse->__construct()
#9 /mnt/Felo/Courses/learing/PHP/Laravel/Gorge/app/Http/Controllers/Admin/AdminCourseController.php(44): Illuminate\\Routing\\ResponseFactory->json()
#10 /mnt/Felo/Courses/learing/PHP/Laravel/Gorge/vendor/laravel/framework/src/Illuminate/Routing/Controller.php(54): App\\Http\\Controllers\\Admin\\AdminCourseController->update()
#11 /mnt/Felo/Courses/learing/PHP/Laravel/Gorge/vendor/laravel/framework/src/Illuminate/Routing/ControllerDispatcher.php(43): Illuminate\\Routing\\Controller->callAction()
#12 /mnt/Felo/Courses/learing/PHP/Laravel/Gorge/vendor/laravel/framework/src/Illuminate/Routing/Route.php(275): Illuminate\\Routing\\ControllerDispatcher->dispatch()
#13 /mnt/Felo/Courses/learing/PHP/Laravel/Gorge/vendor/laravel/framework/src/Illuminate/Routing/Route.php(215): Illuminate\\Routing\\Route->runController()
#14 /mnt/Felo/Courses/learing/PHP/Laravel/Gorge/vendor/laravel/framework/src/Illuminate/Routing/Router.php(822): Illuminate\\Routing\\Route->run()
#15 /mnt/Felo/Courses/learing/PHP/Laravel/Gorge/vendor/laravel/framework/src/Illuminate/Pipeline/Pipeline.php(180): Illuminate\\Routing\\Router->{closure:Illuminate\\Routing\\Router::runRouteWithinStack():821}()
#16 /mnt/Felo/Courses/learing/PHP/Laravel/Gorge/app/Http/Middleware/AdminMiddleware.php(22): Illuminate\\Pipeline\\Pipeline->{closure:Illuminate\\Pipeline\\Pipeline::prepareDestination():178}()
#17 /mnt/Felo/Courses/learing/PHP/Laravel/Gorge/vendor/laravel/framework/src/Illuminate/Pipeline/Pipeline.php(219): App\\Http\\Middleware\\AdminMiddleware->handle()
#18 /mnt/Felo/Courses/learing/PHP/Laravel/Gorge/app/Http/Middleware/SecurityHeadersMiddleware.php(17): Illuminate\\Pipeline\\Pipeline->{closure:{closure:Illuminate\\Pipeline\\Pipeline::carry():194}:195}()
#19 /mnt/Felo/Courses/learing/PHP/Laravel/Gorge/vendor/laravel/framework/src/Illuminate/Pipeline/Pipeline.php(219): App\\Http\\Middleware\\SecurityHeadersMiddleware->handle()
#20 /mnt/Felo/Courses/learing/PHP/Laravel/Gorge/vendor/laravel/framework/src/Illuminate/Routing/Middleware/SubstituteBindings.php(52): Illuminate\\Pipeline\\Pipeline->{closure:{closure:Illuminate\\Pipeline\\Pipeline::carry():194}:195}()
#21 /mnt/Felo/Courses/learing/PHP/Laravel/Gorge/vendor/laravel/framework/src/Illuminate/Pipeline/Pipeline.php(219): Illuminate\\Routing\\Middleware\\SubstituteBindings->handle()
#22 /mnt/Felo/Courses/learing/PHP/Laravel/Gorge/vendor/laravel/framework/src/Illuminate/Auth/Middleware/Authenticate.php(63): Illuminate\\Pipeline\\Pipeline->{closure:{closure:Illuminate\\Pipeline\\Pipeline::carry():194}:195}()
#23 /mnt/Felo/Courses/learing/PHP/Laravel/Gorge/vendor/laravel/framework/src/Illuminate/Pipeline/Pipeline.php(219): Illuminate\\Auth\\Middleware\\Authenticate->handle()
#24 /mnt/Felo/Courses/learing/PHP/Laravel/Gorge/vendor/laravel/framework/src/Illuminate/Foundation/Http/Middleware/PreventRequestForgery.php(104): Illuminate\\Pipeline\\Pipeline->{closure:{closure:Illuminate\\Pipeline\\Pipeline::carry():194}:195}()
#25 /mnt/Felo/Courses/learing/PHP/Laravel/Gorge/vendor/laravel/framework/src/Illuminate/Pipeline/Pipeline.php(219): Illuminate\\Foundation\\Http\\Middleware\\PreventRequestForgery->handle()
#26 /mnt/Felo/Courses/learing/PHP/Laravel/Gorge/vendor/laravel/framework/src/Illuminate/View/Middleware/ShareErrorsFromSession.php(48): Illuminate\\Pipeline\\Pipeline->{closure:{closure:Illuminate\\Pipeline\\Pipeline::carry():194}:195}()
#27 /mnt/Felo/Courses/learing/PHP/Laravel/Gorge/vendor/laravel/framework/src/Illuminate/Pipeline/Pipeline.php(219): Illuminate\\View\\Middleware\\ShareErrorsFromSession->handle()
#28 /mnt/Felo/Courses/learing/PHP/Laravel/Gorge/vendor/laravel/framework/src/Illuminate/Session/Middleware/StartSession.php(120): Illuminate\\Pipeline\\Pipeline->{closure:{closure:Illuminate\\Pipeline\\Pipeline::carry():194}:195}()
#29 /mnt/Felo/Courses/learing/PHP/Laravel/Gorge/vendor/laravel/framework/src/Illuminate/Session/Middleware/StartSession.php(63): Illuminate\\Session\\Middleware\\StartSession->handleStatefulRequest()
#30 /mnt/Felo/Courses/learing/PHP/Laravel/Gorge/vendor/laravel/framework/src/Illuminate/Pipeline/Pipeline.php(219): Illuminate\\Session\\Middleware\\StartSession->handle()
#31 /mnt/Felo/Courses/learing/PHP/Laravel/Gorge/vendor/laravel/framework/src/Illuminate/Cookie/Middleware/AddQueuedCookiesToResponse.php(36): Illuminate\\Pipeline\\Pipeline->{closure:{closure:Illuminate\\Pipeline\\Pipeline::carry():194}:195}()
#32 /mnt/Felo/Courses/learing/PHP/Laravel/Gorge/vendor/laravel/framework/src/Illuminate/Pipeline/Pipeline.php(219): Illuminate\\Cookie\\Middleware\\AddQueuedCookiesToResponse->handle()
#33 /mnt/Felo/Courses/learing/PHP/Laravel/Gorge/vendor/laravel/framework/src/Illuminate/Cookie/Middleware/EncryptCookies.php(74): Illuminate\\Pipeline\\Pipeline->{closure:{closure:Illuminate\\Pipeline\\Pipeline::carry():194}:195}()
#34 /mnt/Felo/Courses/learing/PHP/Laravel/Gorge/vendor/laravel/framework/src/Illuminate/Pipeline/Pipeline.php(219): Illuminate\\Cookie\\Middleware\\EncryptCookies->handle()
#35 /mnt/Felo/Courses/learing/PHP/Laravel/Gorge/vendor/laravel/framework/src/Illuminate/Pipeline/Pipeline.php(137): Illuminate\\Pipeline\\Pipeline->{closure:{closure:Illuminate\\Pipeline\\Pipeline::carry():194}:195}()
#36 /mnt/Felo/Courses/learing/PHP/Laravel/Gorge/vendor/laravel/framework/src/Illuminate/Routing/Router.php(821): Illuminate\\Pipeline\\Pipeline->then()
#37 /mnt/Felo/Courses/learing/PHP/Laravel/Gorge/vendor/laravel/framework/src/Illuminate/Routing/Router.php(800): Illuminate\\Routing\\Router->runRouteWithinStack()
#38 /mnt/Felo/Courses/learing/PHP/Laravel/Gorge/vendor/laravel/framework/src/Illuminate/Routing/Router.php(764): Illuminate\\Routing\\Router->runRoute()
#39 /mnt/Felo/Courses/learing/PHP/Laravel/Gorge/vendor/laravel/framework/src/Illuminate/Routing/Router.php(753): Illuminate\\Routing\\Router->dispatchToRoute()
#40 /mnt/Felo/Courses/learing/PHP/Laravel/Gorge/vendor/laravel/framework/src/Illuminate/Foundation/Http/Kernel.php(200): Illuminate\\Routing\\Router->dispatch()
#41 /mnt/Felo/Courses/learing/PHP/Laravel/Gorge/vendor/laravel/framework/src/Illuminate/Pipeline/Pipeline.php(180): Illuminate\\Foundation\\Http\\Kernel->{closure:Illuminate\\Foundation\\Http\\Kernel::dispatchToRouter():197}()
#42 /mnt/Felo/Courses/learing/PHP/Laravel/Gorge/vendor/laravel/framework/src/Illuminate/Foundation/Http/Middleware/TransformsRequest.php(21): Illuminate\\Pipeline\\Pipeline->{closure:Illuminate\\Pipeline\\Pipeline::prepareDestination():178}()
#43 /mnt/Felo/Courses/learing/PHP/Laravel/Gorge/vendor/laravel/framework/src/Illuminate/Foundation/Http/Middleware/ConvertEmptyStringsToNull.php(31): Illuminate\\Foundation\\Http\\Middleware\\TransformsRequest->handle()
#44 /mnt/Felo/Courses/learing/PHP/Laravel/Gorge/vendor/laravel/framework/src/Illuminate/Pipeline/Pipeline.php(219): Illuminate\\Foundation\\Http\\Middleware\\ConvertEmptyStringsToNull->handle()
#45 /mnt/Felo/Courses/learing/PHP/Laravel/Gorge/vendor/laravel/framework/src/Illuminate/Foundation/Http/Middleware/TransformsRequest.php(21): Illuminate\\Pipeline\\Pipeline->{closure:{closure:Illuminate\\Pipeline\\Pipeline::carry():194}:195}()
#46 /mnt/Felo/Courses/learing/PHP/Laravel/Gorge/vendor/laravel/framework/src/Illuminate/Foundation/Http/Middleware/TrimStrings.php(51): Illuminate\\Foundation\\Http\\Middleware\\TransformsRequest->handle()
#47 /mnt/Felo/Courses/learing/PHP/Laravel/Gorge/vendor/laravel/framework/src/Illuminate/Pipeline/Pipeline.php(219): Illuminate\\Foundation\\Http\\Middleware\\TrimStrings->handle()
#48 /mnt/Felo/Courses/learing/PHP/Laravel/Gorge/vendor/laravel/framework/src/Illuminate/Http/Middleware/ValidatePostSize.php(27): Illuminate\\Pipeline\\Pipeline->{closure:{closure:Illuminate\\Pipeline\\Pipeline::carry():194}:195}()
#49 /mnt/Felo/Courses/learing/PHP/Laravel/Gorge/vendor/laravel/framework/src/Illuminate/Pipeline/Pipeline.php(219): Illuminate\\Http\\Middleware\\ValidatePostSize->handle()
#50 /mnt/Felo/Courses/learing/PHP/Laravel/Gorge/vendor/laravel/framework/src/Illuminate/Foundation/Http/Middleware/PreventRequestsDuringMaintenance.php(109): Illuminate\\Pipeline\\Pipeline->{closure:{closure:Illuminate\\Pipeline\\Pipeline::carry():194}:195}()
#51 /mnt/Felo/Courses/learing/PHP/Laravel/Gorge/vendor/laravel/framework/src/Illuminate/Pipeline/Pipeline.php(219): Illuminate\\Foundation\\Http\\Middleware\\PreventRequestsDuringMaintenance->handle()
#52 /mnt/Felo/Courses/learing/PHP/Laravel/Gorge/vendor/laravel/framework/src/Illuminate/Http/Middleware/HandleCors.php(61): Illuminate\\Pipeline\\Pipeline->{closure:{closure:Illuminate\\Pipeline\\Pipeline::carry():194}:195}()
#53 /mnt/Felo/Courses/learing/PHP/Laravel/Gorge/vendor/laravel/framework/src/Illuminate/Pipeline/Pipeline.php(219): Illuminate\\Http\\Middleware\\HandleCors->handle()
#54 /mnt/Felo/Courses/learing/PHP/Laravel/Gorge/vendor/laravel/framework/src/Illuminate/Http/Middleware/TrustProxies.php(58): Illuminate\\Pipeline\\Pipeline->{closure:{closure:Illuminate\\Pipeline\\Pipeline::carry():194}:195}()
#55 /mnt/Felo/Courses/learing/PHP/Laravel/Gorge/vendor/laravel/framework/src/Illuminate/Pipeline/Pipeline.php(219): Illuminate\\Http\\Middleware\\TrustProxies->handle()
#56 /mnt/Felo/Courses/learing/PHP/Laravel/Gorge/vendor/laravel/framework/src/Illuminate/Foundation/Http/Middleware/InvokeDeferredCallbacks.php(22): Illuminate\\Pipeline\\Pipeline->{closure:{closure:Illuminate\\Pipeline\\Pipeline::carry():194}:195}()
#57 /mnt/Felo/Courses/learing/PHP/Laravel/Gorge/vendor/laravel/framework/src/Illuminate/Pipeline/Pipeline.php(219): Illuminate\\Foundation\\Http\\Middleware\\InvokeDeferredCallbacks->handle()
#58 /mnt/Felo/Courses/learing/PHP/Laravel/Gorge/vendor/laravel/framework/src/Illuminate/Http/Middleware/ValidatePathEncoding.php(28): Illuminate\\Pipeline\\Pipeline->{closure:{closure:Illuminate\\Pipeline\\Pipeline::carry():194}:195}()
#59 /mnt/Felo/Courses/learing/PHP/Laravel/Gorge/vendor/laravel/framework/src/Illuminate/Pipeline/Pipeline.php(219): Illuminate\\Http\\Middleware\\ValidatePathEncoding->handle()
#60 /mnt/Felo/Courses/learing/PHP/Laravel/Gorge/vendor/laravel/framework/src/Illuminate/Pipeline/Pipeline.php(137): Illuminate\\Pipeline\\Pipeline->{closure:{closure:Illuminate\\Pipeline\\Pipeline::carry():194}:195}()
#61 /mnt/Felo/Courses/learing/PHP/Laravel/Gorge/vendor/laravel/framework/src/Illuminate/Foundation/Http/Kernel.php(175): Illuminate\\Pipeline\\Pipeline->then()
#62 /mnt/Felo/Courses/learing/PHP/Laravel/Gorge/vendor/laravel/framework/src/Illuminate/Foundation/Http/Kernel.php(144): Illuminate\\Foundation\\Http\\Kernel->sendRequestThroughRouter()
#63 /mnt/Felo/Courses/learing/PHP/Laravel/Gorge/vendor/laravel/framework/src/Illuminate/Foundation/Application.php(1220): Illuminate\\Foundation\\Http\\Kernel->handle()
#64 /mnt/Felo/Courses/learing/PHP/Laravel/Gorge/public/index.php(20): Illuminate\\Foundation\\Application->handleRequest()
#65 /mnt/Felo/Courses/learing/PHP/Laravel/Gorge/vendor/laravel/framework/src/Illuminate/Foundation/resources/server.php(23): require_once('...')
#66 {main}
"} 
[2026-07-16 21:08:13] local.ERROR: Class "App\Http\Resources\SessionResource" not found {"userId":1,"exception":"[object] (Error(code: 0): Class \"App\\Http\\Resources\\SessionResource\" not found at /mnt/Felo/Courses/learing/PHP/Laravel/Gorge/app/Http/Resources/CourseResource.php:25)
[stacktrace]
#0 /mnt/Felo/Courses/learing/PHP/Laravel/Gorge/vendor/laravel/framework/src/Illuminate/Http/Resources/Json/JsonResource.php(147): App\\Http\\Resources\\CourseResource->toArray()
#1 /mnt/Felo/Courses/learing/PHP/Laravel/Gorge/vendor/laravel/framework/src/Illuminate/Http/Resources/Json/JsonResource.php(158): Illuminate\\Http\\Resources\\Json\\JsonResource->toAttributes()
#2 /mnt/Felo/Courses/learing/PHP/Laravel/Gorge/vendor/laravel/framework/src/Illuminate/Http/Resources/Json/JsonResource.php(122): Illuminate\\Http\\Resources\\Json\\JsonResource->resolveResourceData()
#3 /mnt/Felo/Courses/learing/PHP/Laravel/Gorge/vendor/laravel/framework/src/Illuminate/Http/Resources/Json/JsonResource.php(318): Illuminate\\Http\\Resources\\Json\\JsonResource->resolve()
#4 [internal function]: Illuminate\\Http\\Resources\\Json\\JsonResource->jsonSerialize()
#5 /mnt/Felo/Courses/learing/PHP/Laravel/Gorge/vendor/laravel/framework/src/Illuminate/Http/JsonResponse.php(87): json_encode()
#6 /mnt/Felo/Courses/learing/PHP/Laravel/Gorge/vendor/symfony/http-foundation/JsonResponse.php(49): Illuminate\\Http\\JsonResponse->setData()
#7 /mnt/Felo/Courses/learing/PHP/Laravel/Gorge/vendor/laravel/framework/src/Illuminate/Http/JsonResponse.php(31): Symfony\\Component\\HttpFoundation\\JsonResponse->__construct()
#8 /mnt/Felo/Courses/learing/PHP/Laravel/Gorge/vendor/laravel/framework/src/Illuminate/Routing/ResponseFactory.php(105): Illuminate\\Http\\JsonResponse->__construct()
#9 /mnt/Felo/Courses/learing/PHP/Laravel/Gorge/app/Http/Controllers/Admin/AdminCourseController.php(44): Illuminate\\Routing\\ResponseFactory->json()
#10 /mnt/Felo/Courses/learing/PHP/Laravel/Gorge/vendor/laravel/framework/src/Illuminate/Routing/Controller.php(54): App\\Http\\Controllers\\Admin\\AdminCourseController->update()
#11 /mnt/Felo/Courses/learing/PHP/Laravel/Gorge/vendor/laravel/framework/src/Illuminate/Routing/ControllerDispatcher.php(43): Illuminate\\Routing\\Controller->callAction()
#12 /mnt/Felo/Courses/learing/PHP/Laravel/Gorge/vendor/laravel/framework/src/Illuminate/Routing/Route.php(275): Illuminate\\Routing\\ControllerDispatcher->dispatch()
#13 /mnt/Felo/Courses/learing/PHP/Laravel/Gorge/vendor/laravel/framework/src/Illuminate/Routing/Route.php(215): Illuminate\\Routing\\Route->runController()
#14 /mnt/Felo/Courses/learing/PHP/Laravel/Gorge/vendor/laravel/framework/src/Illuminate/Routing/Router.php(822): Illuminate\\Routing\\Route->run()
#15 /mnt/Felo/Courses/learing/PHP/Laravel/Gorge/vendor/laravel/framework/src/Illuminate/Pipeline/Pipeline.php(180): Illuminate\\Routing\\Router->{closure:Illuminate\\Routing\\Router::runRouteWithinStack():821}()
#16 /mnt/Felo/Courses/learing/PHP/Laravel/Gorge/app/Http/Middleware/AdminMiddleware.php(22): Illuminate\\Pipeline\\Pipeline->{closure:Illuminate\\Pipeline\\Pipeline::prepareDestination():178}()
#17 /mnt/Felo/Courses/learing/PHP/Laravel/Gorge/vendor/laravel/framework/src/Illuminate/Pipeline/Pipeline.php(219): App\\Http\\Middleware\\AdminMiddleware->handle()
#18 /mnt/Felo/Courses/learing/PHP/Laravel/Gorge/app/Http/Middleware/SecurityHeadersMiddleware.php(17): Illuminate\\Pipeline\\Pipeline->{closure:{closure:Illuminate\\Pipeline\\Pipeline::carry():194}:195}()
#19 /mnt/Felo/Courses/learing/PHP/Laravel/Gorge/vendor/laravel/framework/src/Illuminate/Pipeline/Pipeline.php(219): App\\Http\\Middleware\\SecurityHeadersMiddleware->handle()
#20 /mnt/Felo/Courses/learing/PHP/Laravel/Gorge/vendor/laravel/framework/src/Illuminate/Routing/Middleware/SubstituteBindings.php(52): Illuminate\\Pipeline\\Pipeline->{closure:{closure:Illuminate\\Pipeline\\Pipeline::carry():194}:195}()
#21 /mnt/Felo/Courses/learing/PHP/Laravel/Gorge/vendor/laravel/framework/src/Illuminate/Pipeline/Pipeline.php(219): Illuminate\\Routing\\Middleware\\SubstituteBindings->handle()
#22 /mnt/Felo/Courses/learing/PHP/Laravel/Gorge/vendor/laravel/framework/src/Illuminate/Auth/Middleware/Authenticate.php(63): Illuminate\\Pipeline\\Pipeline->{closure:{closure:Illuminate\\Pipeline\\Pipeline::carry():194}:195}()
#23 /mnt/Felo/Courses/learing/PHP/Laravel/Gorge/vendor/laravel/framework/src/Illuminate/Pipeline/Pipeline.php(219): Illuminate\\Auth\\Middleware\\Authenticate->handle()
#24 /mnt/Felo/Courses/learing/PHP/Laravel/Gorge/vendor/laravel/framework/src/Illuminate/Foundation/Http/Middleware/PreventRequestForgery.php(104): Illuminate\\Pipeline\\Pipeline->{closure:{closure:Illuminate\\Pipeline\\Pipeline::carry():194}:195}()
#25 /mnt/Felo/Courses/learing/PHP/Laravel/Gorge/vendor/laravel/framework/src/Illuminate/Pipeline/Pipeline.php(219): Illuminate\\Foundation\\Http\\Middleware\\PreventRequestForgery->handle()
#26 /mnt/Felo/Courses/learing/PHP/Laravel/Gorge/vendor/laravel/framework/src/Illuminate/View/Middleware/ShareErrorsFromSession.php(48): Illuminate\\Pipeline\\Pipeline->{closure:{closure:Illuminate\\Pipeline\\Pipeline::carry():194}:195}()
#27 /mnt/Felo/Courses/learing/PHP/Laravel/Gorge/vendor/laravel/framework/src/Illuminate/Pipeline/Pipeline.php(219): Illuminate\\View\\Middleware\\ShareErrorsFromSession->handle()
#28 /mnt/Felo/Courses/learing/PHP/Laravel/Gorge/vendor/laravel/framework/src/Illuminate/Session/Middleware/StartSession.php(120): Illuminate\\Pipeline\\Pipeline->{closure:{closure:Illuminate\\Pipeline\\Pipeline::carry():194}:195}()
#29 /mnt/Felo/Courses/learing/PHP/Laravel/Gorge/vendor/laravel/framework/src/Illuminate/Session/Middleware/StartSession.php(63): Illuminate\\Session\\Middleware\\StartSession->handleStatefulRequest()
#30 /mnt/Felo/Courses/learing/PHP/Laravel/Gorge/vendor/laravel/framework/src/Illuminate/Pipeline/Pipeline.php(219): Illuminate\\Session\\Middleware\\StartSession->handle()
#31 /mnt/Felo/Courses/learing/PHP/Laravel/Gorge/vendor/laravel/framework/src/Illuminate/Cookie/Middleware/AddQueuedCookiesToResponse.php(36): Illuminate\\Pipeline\\Pipeline->{closure:{closure:Illuminate\\Pipeline\\Pipeline::carry():194}:195}()
#32 /mnt/Felo/Courses/learing/PHP/Laravel/Gorge/vendor/laravel/framework/src/Illuminate/Pipeline/Pipeline.php(219): Illuminate\\Cookie\\Middleware\\AddQueuedCookiesToResponse->handle()
#33 /mnt/Felo/Courses/learing/PHP/Laravel/Gorge/vendor/laravel/framework/src/Illuminate/Cookie/Middleware/EncryptCookies.php(74): Illuminate\\Pipeline\\Pipeline->{closure:{closure:Illuminate\\Pipeline\\Pipeline::carry():194}:195}()
#34 /mnt/Felo/Courses/learing/PHP/Laravel/Gorge/vendor/laravel/framework/src/Illuminate/Pipeline/Pipeline.php(219): Illuminate\\Cookie\\Middleware\\EncryptCookies->handle()
#35 /mnt/Felo/Courses/learing/PHP/Laravel/Gorge/vendor/laravel/framework/src/Illuminate/Pipeline/Pipeline.php(137): Illuminate\\Pipeline\\Pipeline->{closure:{closure:Illuminate\\Pipeline\\Pipeline::carry():194}:195}()
#36 /mnt/Felo/Courses/learing/PHP/Laravel/Gorge/vendor/laravel/framework/src/Illuminate/Routing/Router.php(821): Illuminate\\Pipeline\\Pipeline->then()
#37 /mnt/Felo/Courses/learing/PHP/Laravel/Gorge/vendor/laravel/framework/src/Illuminate/Routing/Router.php(800): Illuminate\\Routing\\Router->runRouteWithinStack()
#38 /mnt/Felo/Courses/learing/PHP/Laravel/Gorge/vendor/laravel/framework/src/Illuminate/Routing/Router.php(764): Illuminate\\Routing\\Router->runRoute()
#39 /mnt/Felo/Courses/learing/PHP/Laravel/Gorge/vendor/laravel/framework/src/Illuminate/Routing/Router.php(753): Illuminate\\Routing\\Router->dispatchToRoute()
#40 /mnt/Felo/Courses/learing/PHP/Laravel/Gorge/vendor/laravel/framework/src/Illuminate/Foundation/Http/Kernel.php(200): Illuminate\\Routing\\Router->dispatch()
#41 /mnt/Felo/Courses/learing/PHP/Laravel/Gorge/vendor/laravel/framework/src/Illuminate/Pipeline/Pipeline.php(180): Illuminate\\Foundation\\Http\\Kernel->{closure:Illuminate\\Foundation\\Http\\Kernel::dispatchToRouter():197}()
#42 /mnt/Felo/Courses/learing/PHP/Laravel/Gorge/vendor/laravel/framework/src/Illuminate/Foundation/Http/Middleware/TransformsRequest.php(21): Illuminate\\Pipeline\\Pipeline->{closure:Illuminate\\Pipeline\\Pipeline::prepareDestination():178}()
#43 /mnt/Felo/Courses/learing/PHP/Laravel/Gorge/vendor/laravel/framework/src/Illuminate/Foundation/Http/Middleware/ConvertEmptyStringsToNull.php(31): Illuminate\\Foundation\\Http\\Middleware\\TransformsRequest->handle()
#44 /mnt/Felo/Courses/learing/PHP/Laravel/Gorge/vendor/laravel/framework/src/Illuminate/Pipeline/Pipeline.php(219): Illuminate\\Foundation\\Http\\Middleware\\ConvertEmptyStringsToNull->handle()
#45 /mnt/Felo/Courses/learing/PHP/Laravel/Gorge/vendor/laravel/framework/src/Illuminate/Foundation/Http/Middleware/TransformsRequest.php(21): Illuminate\\Pipeline\\Pipeline->{closure:{closure:Illuminate\\Pipeline\\Pipeline::carry():194}:195}()
#46 /mnt/Felo/Courses/learing/PHP/Laravel/Gorge/vendor/laravel/framework/src/Illuminate/Foundation/Http/Middleware/TrimStrings.php(51): Illuminate\\Foundation\\Http\\Middleware\\TransformsRequest->handle()
#47 /mnt/Felo/Courses/learing/PHP/Laravel/Gorge/vendor/laravel/framework/src/Illuminate/Pipeline/Pipeline.php(219): Illuminate\\Foundation\\Http\\Middleware\\TrimStrings->handle()
#48 /mnt/Felo/Courses/learing/PHP/Laravel/Gorge/vendor/laravel/framework/src/Illuminate/Http/Middleware/ValidatePostSize.php(27): Illuminate\\Pipeline\\Pipeline->{closure:{closure:Illuminate\\Pipeline\\Pipeline::carry():194}:195}()
#49 /mnt/Felo/Courses/learing/PHP/Laravel/Gorge/vendor/laravel/framework/src/Illuminate/Pipeline/Pipeline.php(219): Illuminate\\Http\\Middleware\\ValidatePostSize->handle()
#50 /mnt/Felo/Courses/learing/PHP/Laravel/Gorge/vendor/laravel/framework/src/Illuminate/Foundation/Http/Middleware/PreventRequestsDuringMaintenance.php(109): Illuminate\\Pipeline\\Pipeline->{closure:{closure:Illuminate\\Pipeline\\Pipeline::carry():194}:195}()
#51 /mnt/Felo/Courses/learing/PHP/Laravel/Gorge/vendor/laravel/framework/src/Illuminate/Pipeline/Pipeline.php(219): Illuminate\\Foundation\\Http\\Middleware\\PreventRequestsDuringMaintenance->handle()
#52 /mnt/Felo/Courses/learing/PHP/Laravel/Gorge/vendor/laravel/framework/src/Illuminate/Http/Middleware/HandleCors.php(61): Illuminate\\Pipeline\\Pipeline->{closure:{closure:Illuminate\\Pipeline\\Pipeline::carry():194}:195}()
#53 /mnt/Felo/Courses/learing/PHP/Laravel/Gorge/vendor/laravel/framework/src/Illuminate/Pipeline/Pipeline.php(219): Illuminate\\Http\\Middleware\\HandleCors->handle()
#54 /mnt/Felo/Courses/learing/PHP/Laravel/Gorge/vendor/laravel/framework/src/Illuminate/Http/Middleware/TrustProxies.php(58): Illuminate\\Pipeline\\Pipeline->{closure:{closure:Illuminate\\Pipeline\\Pipeline::carry():194}:195}()
#55 /mnt/Felo/Courses/learing/PHP/Laravel/Gorge/vendor/laravel/framework/src/Illuminate/Pipeline/Pipeline.php(219): Illuminate\\Http\\Middleware\\TrustProxies->handle()
#56 /mnt/Felo/Courses/learing/PHP/Laravel/Gorge/vendor/laravel/framework/src/Illuminate/Foundation/Http/Middleware/InvokeDeferredCallbacks.php(22): Illuminate\\Pipeline\\Pipeline->{closure:{closure:Illuminate\\Pipeline\\Pipeline::carry():194}:195}()
#57 /mnt/Felo/Courses/learing/PHP/Laravel/Gorge/vendor/laravel/framework/src/Illuminate/Pipeline/Pipeline.php(219): Illuminate\\Foundation\\Http\\Middleware\\InvokeDeferredCallbacks->handle()
#58 /mnt/Felo/Courses/learing/PHP/Laravel/Gorge/vendor/laravel/framework/src/Illuminate/Http/Middleware/ValidatePathEncoding.php(28): Illuminate\\Pipeline\\Pipeline->{closure:{closure:Illuminate\\Pipeline\\Pipeline::carry():194}:195}()
#59 /mnt/Felo/Courses/learing/PHP/Laravel/Gorge/vendor/laravel/framework/src/Illuminate/Pipeline/Pipeline.php(219): Illuminate\\Http\\Middleware\\ValidatePathEncoding->handle()
#60 /mnt/Felo/Courses/learing/PHP/Laravel/Gorge/vendor/laravel/framework/src/Illuminate/Pipeline/Pipeline.php(137): Illuminate\\Pipeline\\Pipeline->{closure:{closure:Illuminate\\Pipeline\\Pipeline::carry():194}:195}()
#61 /mnt/Felo/Courses/learing/PHP/Laravel/Gorge/vendor/laravel/framework/src/Illuminate/Foundation/Http/Kernel.php(175): Illuminate\\Pipeline\\Pipeline->then()
#62 /mnt/Felo/Courses/learing/PHP/Laravel/Gorge/vendor/laravel/framework/src/Illuminate/Foundation/Http/Kernel.php(144): Illuminate\\Foundation\\Http\\Kernel->sendRequestThroughRouter()
#63 /mnt/Felo/Courses/learing/PHP/Laravel/Gorge/vendor/laravel/framework/src/Illuminate/Foundation/Application.php(1220): Illuminate\\Foundation\\Http\\Kernel->handle()
#64 /mnt/Felo/Courses/learing/PHP/Laravel/Gorge/public/index.php(20): Illuminate\\Foundation\\Application->handleRequest()
#65 /mnt/Felo/Courses/learing/PHP/Laravel/Gorge/vendor/laravel/framework/src/Illuminate/Foundation/resources/server.php(23): require_once('...')
#66 {main}
"} 
[2026-07-16 21:08:14] local.ERROR: Class "App\Http\Resources\SessionResource" not found {"userId":1,"exception":"[object] (Error(code: 0): Class \"App\\Http\\Resources\\SessionResource\" not found at /mnt/Felo/Courses/learing/PHP/Laravel/Gorge/app/Http/Controllers/Admin/AdminCourseController.php:63)
[stacktrace]
#0 /mnt/Felo/Courses/learing/PHP/Laravel/Gorge/vendor/laravel/framework/src/Illuminate/Routing/Controller.php(54): App\\Http\\Controllers\\Admin\\AdminCourseController->getSessions()
#1 /mnt/Felo/Courses/learing/PHP/Laravel/Gorge/vendor/laravel/framework/src/Illuminate/Routing/ControllerDispatcher.php(43): Illuminate\\Routing\\Controller->callAction()
#2 /mnt/Felo/Courses/learing/PHP/Laravel/Gorge/vendor/laravel/framework/src/Illuminate/Routing/Route.php(275): Illuminate\\Routing\\ControllerDispatcher->dispatch()
#3 /mnt/Felo/Courses/learing/PHP/Laravel/Gorge/vendor/laravel/framework/src/Illuminate/Routing/Route.php(215): Illuminate\\Routing\\Route->runController()
#4 /mnt/Felo/Courses/learing/PHP/Laravel/Gorge/vendor/laravel/framework/src/Illuminate/Routing/Router.php(822): Illuminate\\Routing\\Route->run()
#5 /mnt/Felo/Courses/learing/PHP/Laravel/Gorge/vendor/laravel/framework/src/Illuminate/Pipeline/Pipeline.php(180): Illuminate\\Routing\\Router->{closure:Illuminate\\Routing\\Router::runRouteWithinStack():821}()
#6 /mnt/Felo/Courses/learing/PHP/Laravel/Gorge/app/Http/Middleware/AdminMiddleware.php(22): Illuminate\\Pipeline\\Pipeline->{closure:Illuminate\\Pipeline\\Pipeline::prepareDestination():178}()
#7 /mnt/Felo/Courses/learing/PHP/Laravel/Gorge/vendor/laravel/framework/src/Illuminate/Pipeline/Pipeline.php(219): App\\Http\\Middleware\\AdminMiddleware->handle()
#8 /mnt/Felo/Courses/learing/PHP/Laravel/Gorge/app/Http/Middleware/SecurityHeadersMiddleware.php(17): Illuminate\\Pipeline\\Pipeline->{closure:{closure:Illuminate\\Pipeline\\Pipeline::carry():194}:195}()
#9 /mnt/Felo/Courses/learing/PHP/Laravel/Gorge/vendor/laravel/framework/src/Illuminate/Pipeline/Pipeline.php(219): App\\Http\\Middleware\\SecurityHeadersMiddleware->handle()
#10 /mnt/Felo/Courses/learing/PHP/Laravel/Gorge/vendor/laravel/framework/src/Illuminate/Routing/Middleware/SubstituteBindings.php(52): Illuminate\\Pipeline\\Pipeline->{closure:{closure:Illuminate\\Pipeline\\Pipeline::carry():194}:195}()
#11 /mnt/Felo/Courses/learing/PHP/Laravel/Gorge/vendor/laravel/framework/src/Illuminate/Pipeline/Pipeline.php(219): Illuminate\\Routing\\Middleware\\SubstituteBindings->handle()
#12 /mnt/Felo/Courses/learing/PHP/Laravel/Gorge/vendor/laravel/framework/src/Illuminate/Auth/Middleware/Authenticate.php(63): Illuminate\\Pipeline\\Pipeline->{closure:{closure:Illuminate\\Pipeline\\Pipeline::carry():194}:195}()
#13 /mnt/Felo/Courses/learing/PHP/Laravel/Gorge/vendor/laravel/framework/src/Illuminate/Pipeline/Pipeline.php(219): Illuminate\\Auth\\Middleware\\Authenticate->handle()
#14 /mnt/Felo/Courses/learing/PHP/Laravel/Gorge/vendor/laravel/framework/src/Illuminate/Foundation/Http/Middleware/PreventRequestForgery.php(104): Illuminate\\Pipeline\\Pipeline->{closure:{closure:Illuminate\\Pipeline\\Pipeline::carry():194}:195}()
#15 /mnt/Felo/Courses/learing/PHP/Laravel/Gorge/vendor/laravel/framework/src/Illuminate/Pipeline/Pipeline.php(219): Illuminate\\Foundation\\Http\\Middleware\\PreventRequestForgery->handle()
#16 /mnt/Felo/Courses/learing/PHP/Laravel/Gorge/vendor/laravel/framework/src/Illuminate/View/Middleware/ShareErrorsFromSession.php(48): Illuminate\\Pipeline\\Pipeline->{closure:{closure:Illuminate\\Pipeline\\Pipeline::carry():194}:195}()
#17 /mnt/Felo/Courses/learing/PHP/Laravel/Gorge/vendor/laravel/framework/src/Illuminate/Pipeline/Pipeline.php(219): Illuminate\\View\\Middleware\\ShareErrorsFromSession->handle()
#18 /mnt/Felo/Courses/learing/PHP/Laravel/Gorge/vendor/laravel/framework/src/Illuminate/Session/Middleware/StartSession.php(120): Illuminate\\Pipeline\\Pipeline->{closure:{closure:Illuminate\\Pipeline\\Pipeline::carry():194}:195}()
#19 /mnt/Felo/Courses/learing/PHP/Laravel/Gorge/vendor/laravel/framework/src/Illuminate/Session/Middleware/StartSession.php(63): Illuminate\\Session\\Middleware\\StartSession->handleStatefulRequest()
#20 /mnt/Felo/Courses/learing/PHP/Laravel/Gorge/vendor/laravel/framework/src/Illuminate/Pipeline/Pipeline.php(219): Illuminate\\Session\\Middleware\\StartSession->handle()
#21 /mnt/Felo/Courses/learing/PHP/Laravel/Gorge/vendor/laravel/framework/src/Illuminate/Cookie/Middleware/AddQueuedCookiesToResponse.php(36): Illuminate\\Pipeline\\Pipeline->{closure:{closure:Illuminate\\Pipeline\\Pipeline::carry():194}:195}()
#22 /mnt/Felo/Courses/learing/PHP/Laravel/Gorge/vendor/laravel/framework/src/Illuminate/Pipeline/Pipeline.php(219): Illuminate\\Cookie\\Middleware\\AddQueuedCookiesToResponse->handle()
#23 /mnt/Felo/Courses/learing/PHP/Laravel/Gorge/vendor/laravel/framework/src/Illuminate/Cookie/Middleware/EncryptCookies.php(74): Illuminate\\Pipeline\\Pipeline->{closure:{closure:Illuminate\\Pipeline\\Pipeline::carry():194}:195}()
#24 /mnt/Felo/Courses/learing/PHP/Laravel/Gorge/vendor/laravel/framework/src/Illuminate/Pipeline/Pipeline.php(219): Illuminate\\Cookie\\Middleware\\EncryptCookies->handle()
#25 /mnt/Felo/Courses/learing/PHP/Laravel/Gorge/vendor/laravel/framework/src/Illuminate/Pipeline/Pipeline.php(137): Illuminate\\Pipeline\\Pipeline->{closure:{closure:Illuminate\\Pipeline\\Pipeline::carry():194}:195}()
#26 /mnt/Felo/Courses/learing/PHP/Laravel/Gorge/vendor/laravel/framework/src/Illuminate/Routing/Router.php(821): Illuminate\\Pipeline\\Pipeline->then()
#27 /mnt/Felo/Courses/learing/PHP/Laravel/Gorge/vendor/laravel/framework/src/Illuminate/Routing/Router.php(800): Illuminate\\Routing\\Router->runRouteWithinStack()
#28 /mnt/Felo/Courses/learing/PHP/Laravel/Gorge/vendor/laravel/framework/src/Illuminate/Routing/Router.php(764): Illuminate\\Routing\\Router->runRoute()
#29 /mnt/Felo/Courses/learing/PHP/Laravel/Gorge/vendor/laravel/framework/src/Illuminate/Routing/Router.php(753): Illuminate\\Routing\\Router->dispatchToRoute()
#30 /mnt/Felo/Courses/learing/PHP/Laravel/Gorge/vendor/laravel/framework/src/Illuminate/Foundation/Http/Kernel.php(200): Illuminate\\Routing\\Router->dispatch()
#31 /mnt/Felo/Courses/learing/PHP/Laravel/Gorge/vendor/laravel/framework/src/Illuminate/Pipeline/Pipeline.php(180): Illuminate\\Foundation\\Http\\Kernel->{closure:Illuminate\\Foundation\\Http\\Kernel::dispatchToRouter():197}()
#32 /mnt/Felo/Courses/learing/PHP/Laravel/Gorge/vendor/laravel/framework/src/Illuminate/Foundation/Http/Middleware/TransformsRequest.php(21): Illuminate\\Pipeline\\Pipeline->{closure:Illuminate\\Pipeline\\Pipeline::prepareDestination():178}()
#33 /mnt/Felo/Courses/learing/PHP/Laravel/Gorge/vendor/laravel/framework/src/Illuminate/Foundation/Http/Middleware/ConvertEmptyStringsToNull.php(31): Illuminate\\Foundation\\Http\\Middleware\\TransformsRequest->handle()
#34 /mnt/Felo/Courses/learing/PHP/Laravel/Gorge/vendor/laravel/framework/src/Illuminate/Pipeline/Pipeline.php(219): Illuminate\\Foundation\\Http\\Middleware\\ConvertEmptyStringsToNull->handle()
#35 /mnt/Felo/Courses/learing/PHP/Laravel/Gorge/vendor/laravel/framework/src/Illuminate/Foundation/Http/Middleware/TransformsRequest.php(21): Illuminate\\Pipeline\\Pipeline->{closure:{closure:Illuminate\\Pipeline\\Pipeline::carry():194}:195}()
#36 /mnt/Felo/Courses/learing/PHP/Laravel/Gorge/vendor/laravel/framework/src/Illuminate/Foundation/Http/Middleware/TrimStrings.php(51): Illuminate\\Foundation\\Http\\Middleware\\TransformsRequest->handle()
#37 /mnt/Felo/Courses/learing/PHP/Laravel/Gorge/vendor/laravel/framework/src/Illuminate/Pipeline/Pipeline.php(219): Illuminate\\Foundation\\Http\\Middleware\\TrimStrings->handle()
#38 /mnt/Felo/Courses/learing/PHP/Laravel/Gorge/vendor/laravel/framework/src/Illuminate/Http/Middleware/ValidatePostSize.php(27): Illuminate\\Pipeline\\Pipeline->{closure:{closure:Illuminate\\Pipeline\\Pipeline::carry():194}:195}()
#39 /mnt/Felo/Courses/learing/PHP/Laravel/Gorge/vendor/laravel/framework/src/Illuminate/Pipeline/Pipeline.php(219): Illuminate\\Http\\Middleware\\ValidatePostSize->handle()
#40 /mnt/Felo/Courses/learing/PHP/Laravel/Gorge/vendor/laravel/framework/src/Illuminate/Foundation/Http/Middleware/PreventRequestsDuringMaintenance.php(109): Illuminate\\Pipeline\\Pipeline->{closure:{closure:Illuminate\\Pipeline\\Pipeline::carry():194}:195}()
#41 /mnt/Felo/Courses/learing/PHP/Laravel/Gorge/vendor/laravel/framework/src/Illuminate/Pipeline/Pipeline.php(219): Illuminate\\Foundation\\Http\\Middleware\\PreventRequestsDuringMaintenance->handle()
#42 /mnt/Felo/Courses/learing/PHP/Laravel/Gorge/vendor/laravel/framework/src/Illuminate/Http/Middleware/HandleCors.php(61): Illuminate\\Pipeline\\Pipeline->{closure:{closure:Illuminate\\Pipeline\\Pipeline::carry():194}:195}()
#43 /mnt/Felo/Courses/learing/PHP/Laravel/Gorge/vendor/laravel/framework/src/Illuminate/Pipeline/Pipeline.php(219): Illuminate\\Http\\Middleware\\HandleCors->handle()
#44 /mnt/Felo/Courses/learing/PHP/Laravel/Gorge/vendor/laravel/framework/src/Illuminate/Http/Middleware/TrustProxies.php(58): Illuminate\\Pipeline\\Pipeline->{closure:{closure:Illuminate\\Pipeline\\Pipeline::carry():194}:195}()
#45 /mnt/Felo/Courses/learing/PHP/Laravel/Gorge/vendor/laravel/framework/src/Illuminate/Pipeline/Pipeline.php(219): Illuminate\\Http\\Middleware\\TrustProxies->handle()
#46 /mnt/Felo/Courses/learing/PHP/Laravel/Gorge/vendor/laravel/framework/src/Illuminate/Foundation/Http/Middleware/InvokeDeferredCallbacks.php(22): Illuminate\\Pipeline\\Pipeline->{closure:{closure:Illuminate\\Pipeline\\Pipeline::carry():194}:195}()
#47 /mnt/Felo/Courses/learing/PHP/Laravel/Gorge/vendor/laravel/framework/src/Illuminate/Pipeline/Pipeline.php(219): Illuminate\\Foundation\\Http\\Middleware\\InvokeDeferredCallbacks->handle()
#48 /mnt/Felo/Courses/learing/PHP/Laravel/Gorge/vendor/laravel/framework/src/Illuminate/Http/Middleware/ValidatePathEncoding.php(28): Illuminate\\Pipeline\\Pipeline->{closure:{closure:Illuminate\\Pipeline\\Pipeline::carry():194}:195}()
#49 /mnt/Felo/Courses/learing/PHP/Laravel/Gorge/vendor/laravel/framework/src/Illuminate/Pipeline/Pipeline.php(219): Illuminate\\Http\\Middleware\\ValidatePathEncoding->handle()
#50 /mnt/Felo/Courses/learing/PHP/Laravel/Gorge/vendor/laravel/framework/src/Illuminate/Pipeline/Pipeline.php(137): Illuminate\\Pipeline\\Pipeline->{closure:{closure:Illuminate\\Pipeline\\Pipeline::carry():194}:195}()
#51 /mnt/Felo/Courses/learing/PHP/Laravel/Gorge/vendor/laravel/framework/src/Illuminate/Foundation/Http/Kernel.php(175): Illuminate\\Pipeline\\Pipeline->then()
#52 /mnt/Felo/Courses/learing/PHP/Laravel/Gorge/vendor/laravel/framework/src/Illuminate/Foundation/Http/Kernel.php(144): Illuminate\\Foundation\\Http\\Kernel->sendRequestThroughRouter()
#53 /mnt/Felo/Courses/learing/PHP/Laravel/Gorge/vendor/laravel/framework/src/Illuminate/Foundation/Application.php(1220): Illuminate\\Foundation\\Http\\Kernel->handle()
#54 /mnt/Felo/Courses/learing/PHP/Laravel/Gorge/public/index.php(20): Illuminate\\Foundation\\Application->handleRequest()
#55 /mnt/Felo/Courses/learing/PHP/Laravel/Gorge/vendor/laravel/framework/src/Illuminate/Foundation/resources/server.php(23): require_once('...')
#56 {main}
"} 
[2026-07-16 21:10:05] local.ERROR: Class "App\Http\Resources\SessionResource" not found {"userId":1,"exception":"[object] (Error(code: 0): Class \"App\\Http\\Resources\\SessionResource\" not found at /mnt/Felo/Courses/learing/PHP/Laravel/Gorge/app/Http/Controllers/Admin/AdminCourseController.php:63)
[stacktrace]
#0 /mnt/Felo/Courses/learing/PHP/Laravel/Gorge/vendor/laravel/framework/src/Illuminate/Routing/Controller.php(54): App\\Http\\Controllers\\Admin\\AdminCourseController->getSessions()
#1 /mnt/Felo/Courses/learing/PHP/Laravel/Gorge/vendor/laravel/framework/src/Illuminate/Routing/ControllerDispatcher.php(43): Illuminate\\Routing\\Controller->callAction()
#2 /mnt/Felo/Courses/learing/PHP/Laravel/Gorge/vendor/laravel/framework/src/Illuminate/Routing/Route.php(275): Illuminate\\Routing\\ControllerDispatcher->dispatch()
#3 /mnt/Felo/Courses/learing/PHP/Laravel/Gorge/vendor/laravel/framework/src/Illuminate/Routing/Route.php(215): Illuminate\\Routing\\Route->runController()
#4 /mnt/Felo/Courses/learing/PHP/Laravel/Gorge/vendor/laravel/framework/src/Illuminate/Routing/Router.php(822): Illuminate\\Routing\\Route->run()
#5 /mnt/Felo/Courses/learing/PHP/Laravel/Gorge/vendor/laravel/framework/src/Illuminate/Pipeline/Pipeline.php(180): Illuminate\\Routing\\Router->{closure:Illuminate\\Routing\\Router::runRouteWithinStack():821}()
#6 /mnt/Felo/Courses/learing/PHP/Laravel/Gorge/app/Http/Middleware/AdminMiddleware.php(22): Illuminate\\Pipeline\\Pipeline->{closure:Illuminate\\Pipeline\\Pipeline::prepareDestination():178}()
#7 /mnt/Felo/Courses/learing/PHP/Laravel/Gorge/vendor/laravel/framework/src/Illuminate/Pipeline/Pipeline.php(219): App\\Http\\Middleware\\AdminMiddleware->handle()
#8 /mnt/Felo/Courses/learing/PHP/Laravel/Gorge/app/Http/Middleware/SecurityHeadersMiddleware.php(17): Illuminate\\Pipeline\\Pipeline->{closure:{closure:Illuminate\\Pipeline\\Pipeline::carry():194}:195}()
#9 /mnt/Felo/Courses/learing/PHP/Laravel/Gorge/vendor/laravel/framework/src/Illuminate/Pipeline/Pipeline.php(219): App\\Http\\Middleware\\SecurityHeadersMiddleware->handle()
#10 /mnt/Felo/Courses/learing/PHP/Laravel/Gorge/vendor/laravel/framework/src/Illuminate/Routing/Middleware/SubstituteBindings.php(52): Illuminate\\Pipeline\\Pipeline->{closure:{closure:Illuminate\\Pipeline\\Pipeline::carry():194}:195}()
#11 /mnt/Felo/Courses/learing/PHP/Laravel/Gorge/vendor/laravel/framework/src/Illuminate/Pipeline/Pipeline.php(219): Illuminate\\Routing\\Middleware\\SubstituteBindings->handle()
#12 /mnt/Felo/Courses/learing/PHP/Laravel/Gorge/vendor/laravel/framework/src/Illuminate/Auth/Middleware/Authenticate.php(63): Illuminate\\Pipeline\\Pipeline->{closure:{closure:Illuminate\\Pipeline\\Pipeline::carry():194}:195}()
#13 /mnt/Felo/Courses/learing/PHP/Laravel/Gorge/vendor/laravel/framework/src/Illuminate/Pipeline/Pipeline.php(219): Illuminate\\Auth\\Middleware\\Authenticate->handle()
#14 /mnt/Felo/Courses/learing/PHP/Laravel/Gorge/vendor/laravel/framework/src/Illuminate/Foundation/Http/Middleware/PreventRequestForgery.php(104): Illuminate\\Pipeline\\Pipeline->{closure:{closure:Illuminate\\Pipeline\\Pipeline::carry():194}:195}()
#15 /mnt/Felo/Courses/learing/PHP/Laravel/Gorge/vendor/laravel/framework/src/Illuminate/Pipeline/Pipeline.php(219): Illuminate\\Foundation\\Http\\Middleware\\PreventRequestForgery->handle()
#16 /mnt/Felo/Courses/learing/PHP/Laravel/Gorge/vendor/laravel/framework/src/Illuminate/View/Middleware/ShareErrorsFromSession.php(48): Illuminate\\Pipeline\\Pipeline->{closure:{closure:Illuminate\\Pipeline\\Pipeline::carry():194}:195}()
#17 /mnt/Felo/Courses/learing/PHP/Laravel/Gorge/vendor/laravel/framework/src/Illuminate/Pipeline/Pipeline.php(219): Illuminate\\View\\Middleware\\ShareErrorsFromSession->handle()
#18 /mnt/Felo/Courses/learing/PHP/Laravel/Gorge/vendor/laravel/framework/src/Illuminate/Session/Middleware/StartSession.php(120): Illuminate\\Pipeline\\Pipeline->{closure:{closure:Illuminate\\Pipeline\\Pipeline::carry():194}:195}()
#19 /mnt/Felo/Courses/learing/PHP/Laravel/Gorge/vendor/laravel/framework/src/Illuminate/Session/Middleware/StartSession.php(63): Illuminate\\Session\\Middleware\\StartSession->handleStatefulRequest()
#20 /mnt/Felo/Courses/learing/PHP/Laravel/Gorge/vendor/laravel/framework/src/Illuminate/Pipeline/Pipeline.php(219): Illuminate\\Session\\Middleware\\StartSession->handle()
#21 /mnt/Felo/Courses/learing/PHP/Laravel/Gorge/vendor/laravel/framework/src/Illuminate/Cookie/Middleware/AddQueuedCookiesToResponse.php(36): Illuminate\\Pipeline\\Pipeline->{closure:{closure:Illuminate\\Pipeline\\Pipeline::carry():194}:195}()
#22 /mnt/Felo/Courses/learing/PHP/Laravel/Gorge/vendor/laravel/framework/src/Illuminate/Pipeline/Pipeline.php(219): Illuminate\\Cookie\\Middleware\\AddQueuedCookiesToResponse->handle()
#23 /mnt/Felo/Courses/learing/PHP/Laravel/Gorge/vendor/laravel/framework/src/Illuminate/Cookie/Middleware/EncryptCookies.php(74): Illuminate\\Pipeline\\Pipeline->{closure:{closure:Illuminate\\Pipeline\\Pipeline::carry():194}:195}()
#24 /mnt/Felo/Courses/learing/PHP/Laravel/Gorge/vendor/laravel/framework/src/Illuminate/Pipeline/Pipeline.php(219): Illuminate\\Cookie\\Middleware\\EncryptCookies->handle()
#25 /mnt/Felo/Courses/learing/PHP/Laravel/Gorge/vendor/laravel/framework/src/Illuminate/Pipeline/Pipeline.php(137): Illuminate\\Pipeline\\Pipeline->{closure:{closure:Illuminate\\Pipeline\\Pipeline::carry():194}:195}()
#26 /mnt/Felo/Courses/learing/PHP/Laravel/Gorge/vendor/laravel/framework/src/Illuminate/Routing/Router.php(821): Illuminate\\Pipeline\\Pipeline->then()
#27 /mnt/Felo/Courses/learing/PHP/Laravel/Gorge/vendor/laravel/framework/src/Illuminate/Routing/Router.php(800): Illuminate\\Routing\\Router->runRouteWithinStack()
#28 /mnt/Felo/Courses/learing/PHP/Laravel/Gorge/vendor/laravel/framework/src/Illuminate/Routing/Router.php(764): Illuminate\\Routing\\Router->runRoute()
#29 /mnt/Felo/Courses/learing/PHP/Laravel/Gorge/vendor/laravel/framework/src/Illuminate/Routing/Router.php(753): Illuminate\\Routing\\Router->dispatchToRoute()
#30 /mnt/Felo/Courses/learing/PHP/Laravel/Gorge/vendor/laravel/framework/src/Illuminate/Foundation/Http/Kernel.php(200): Illuminate\\Routing\\Router->dispatch()
#31 /mnt/Felo/Courses/learing/PHP/Laravel/Gorge/vendor/laravel/framework/src/Illuminate/Pipeline/Pipeline.php(180): Illuminate\\Foundation\\Http\\Kernel->{closure:Illuminate\\Foundation\\Http\\Kernel::dispatchToRouter():197}()
#32 /mnt/Felo/Courses/learing/PHP/Laravel/Gorge/vendor/laravel/framework/src/Illuminate/Foundation/Http/Middleware/TransformsRequest.php(21): Illuminate\\Pipeline\\Pipeline->{closure:Illuminate\\Pipeline\\Pipeline::prepareDestination():178}()
#33 /mnt/Felo/Courses/learing/PHP/Laravel/Gorge/vendor/laravel/framework/src/Illuminate/Foundation/Http/Middleware/ConvertEmptyStringsToNull.php(31): Illuminate\\Foundation\\Http\\Middleware\\TransformsRequest->handle()
#34 /mnt/Felo/Courses/learing/PHP/Laravel/Gorge/vendor/laravel/framework/src/Illuminate/Pipeline/Pipeline.php(219): Illuminate\\Foundation\\Http\\Middleware\\ConvertEmptyStringsToNull->handle()
#35 /mnt/Felo/Courses/learing/PHP/Laravel/Gorge/vendor/laravel/framework/src/Illuminate/Foundation/Http/Middleware/TransformsRequest.php(21): Illuminate\\Pipeline\\Pipeline->{closure:{closure:Illuminate\\Pipeline\\Pipeline::carry():194}:195}()
#36 /mnt/Felo/Courses/learing/PHP/Laravel/Gorge/vendor/laravel/framework/src/Illuminate/Foundation/Http/Middleware/TrimStrings.php(51): Illuminate\\Foundation\\Http\\Middleware\\TransformsRequest->handle()
#37 /mnt/Felo/Courses/learing/PHP/Laravel/Gorge/vendor/laravel/framework/src/Illuminate/Pipeline/Pipeline.php(219): Illuminate\\Foundation\\Http\\Middleware\\TrimStrings->handle()
#38 /mnt/Felo/Courses/learing/PHP/Laravel/Gorge/vendor/laravel/framework/src/Illuminate/Http/Middleware/ValidatePostSize.php(27): Illuminate\\Pipeline\\Pipeline->{closure:{closure:Illuminate\\Pipeline\\Pipeline::carry():194}:195}()
#39 /mnt/Felo/Courses/learing/PHP/Laravel/Gorge/vendor/laravel/framework/src/Illuminate/Pipeline/Pipeline.php(219): Illuminate\\Http\\Middleware\\ValidatePostSize->handle()
#40 /mnt/Felo/Courses/learing/PHP/Laravel/Gorge/vendor/laravel/framework/src/Illuminate/Foundation/Http/Middleware/PreventRequestsDuringMaintenance.php(109): Illuminate\\Pipeline\\Pipeline->{closure:{closure:Illuminate\\Pipeline\\Pipeline::carry():194}:195}()
#41 /mnt/Felo/Courses/learing/PHP/Laravel/Gorge/vendor/laravel/framework/src/Illuminate/Pipeline/Pipeline.php(219): Illuminate\\Foundation\\Http\\Middleware\\PreventRequestsDuringMaintenance->handle()
#42 /mnt/Felo/Courses/learing/PHP/Laravel/Gorge/vendor/laravel/framework/src/Illuminate/Http/Middleware/HandleCors.php(61): Illuminate\\Pipeline\\Pipeline->{closure:{closure:Illuminate\\Pipeline\\Pipeline::carry():194}:195}()
#43 /mnt/Felo/Courses/learing/PHP/Laravel/Gorge/vendor/laravel/framework/src/Illuminate/Pipeline/Pipeline.php(219): Illuminate\\Http\\Middleware\\HandleCors->handle()
#44 /mnt/Felo/Courses/learing/PHP/Laravel/Gorge/vendor/laravel/framework/src/Illuminate/Http/Middleware/TrustProxies.php(58): Illuminate\\Pipeline\\Pipeline->{closure:{closure:Illuminate\\Pipeline\\Pipeline::carry():194}:195}()
#45 /mnt/Felo/Courses/learing/PHP/Laravel/Gorge/vendor/laravel/framework/src/Illuminate/Pipeline/Pipeline.php(219): Illuminate\\Http\\Middleware\\TrustProxies->handle()
#46 /mnt/Felo/Courses/learing/PHP/Laravel/Gorge/vendor/laravel/framework/src/Illuminate/Foundation/Http/Middleware/InvokeDeferredCallbacks.php(22): Illuminate\\Pipeline\\Pipeline->{closure:{closure:Illuminate\\Pipeline\\Pipeline::carry():194}:195}()
#47 /mnt/Felo/Courses/learing/PHP/Laravel/Gorge/vendor/laravel/framework/src/Illuminate/Pipeline/Pipeline.php(219): Illuminate\\Foundation\\Http\\Middleware\\InvokeDeferredCallbacks->handle()
#48 /mnt/Felo/Courses/learing/PHP/Laravel/Gorge/vendor/laravel/framework/src/Illuminate/Http/Middleware/ValidatePathEncoding.php(28): Illuminate\\Pipeline\\Pipeline->{closure:{closure:Illuminate\\Pipeline\\Pipeline::carry():194}:195}()
#49 /mnt/Felo/Courses/learing/PHP/Laravel/Gorge/vendor/laravel/framework/src/Illuminate/Pipeline/Pipeline.php(219): Illuminate\\Http\\Middleware\\ValidatePathEncoding->handle()
#50 /mnt/Felo/Courses/learing/PHP/Laravel/Gorge/vendor/laravel/framework/src/Illuminate/Pipeline/Pipeline.php(137): Illuminate\\Pipeline\\Pipeline->{closure:{closure:Illuminate\\Pipeline\\Pipeline::carry():194}:195}()
#51 /mnt/Felo/Courses/learing/PHP/Laravel/Gorge/vendor/laravel/framework/src/Illuminate/Foundation/Http/Kernel.php(175): Illuminate\\Pipeline\\Pipeline->then()
#52 /mnt/Felo/Courses/learing/PHP/Laravel/Gorge/vendor/laravel/framework/src/Illuminate/Foundation/Http/Kernel.php(144): Illuminate\\Foundation\\Http\\Kernel->sendRequestThroughRouter()
#53 /mnt/Felo/Courses/learing/PHP/Laravel/Gorge/vendor/laravel/framework/src/Illuminate/Foundation/Application.php(1220): Illuminate\\Foundation\\Http\\Kernel->handle()
#54 /mnt/Felo/Courses/learing/PHP/Laravel/Gorge/public/index.php(20): Illuminate\\Foundation\\Application->handleRequest()
#55 /mnt/Felo/Courses/learing/PHP/Laravel/Gorge/vendor/laravel/framework/src/Illuminate/Foundation/resources/server.php(23): require_once('...')
#56 {main}
"} 
[2026-07-16 21:10:13] local.ERROR: Class "App\Http\Resources\SessionResource" not found {"userId":1,"exception":"[object] (Error(code: 0): Class \"App\\Http\\Resources\\SessionResource\" not found at /mnt/Felo/Courses/learing/PHP/Laravel/Gorge/app/Http/Controllers/Admin/AdminSessionController.php:25)
[stacktrace]
#0 /mnt/Felo/Courses/learing/PHP/Laravel/Gorge/vendor/laravel/framework/src/Illuminate/Routing/Controller.php(54): App\\Http\\Controllers\\Admin\\AdminSessionController->store()
#1 /mnt/Felo/Courses/learing/PHP/Laravel/Gorge/vendor/laravel/framework/src/Illuminate/Routing/ControllerDispatcher.php(43): Illuminate\\Routing\\Controller->callAction()
#2 /mnt/Felo/Courses/learing/PHP/Laravel/Gorge/vendor/laravel/framework/src/Illuminate/Routing/Route.php(275): Illuminate\\Routing\\ControllerDispatcher->dispatch()
#3 /mnt/Felo/Courses/learing/PHP/Laravel/Gorge/vendor/laravel/framework/src/Illuminate/Routing/Route.php(215): Illuminate\\Routing\\Route->runController()
#4 /mnt/Felo/Courses/learing/PHP/Laravel/Gorge/vendor/laravel/framework/src/Illuminate/Routing/Router.php(822): Illuminate\\Routing\\Route->run()
#5 /mnt/Felo/Courses/learing/PHP/Laravel/Gorge/vendor/laravel/framework/src/Illuminate/Pipeline/Pipeline.php(180): Illuminate\\Routing\\Router->{closure:Illuminate\\Routing\\Router::runRouteWithinStack():821}()
#6 /mnt/Felo/Courses/learing/PHP/Laravel/Gorge/app/Http/Middleware/AdminMiddleware.php(22): Illuminate\\Pipeline\\Pipeline->{closure:Illuminate\\Pipeline\\Pipeline::prepareDestination():178}()
#7 /mnt/Felo/Courses/learing/PHP/Laravel/Gorge/vendor/laravel/framework/src/Illuminate/Pipeline/Pipeline.php(219): App\\Http\\Middleware\\AdminMiddleware->handle()
#8 /mnt/Felo/Courses/learing/PHP/Laravel/Gorge/app/Http/Middleware/SecurityHeadersMiddleware.php(17): Illuminate\\Pipeline\\Pipeline->{closure:{closure:Illuminate\\Pipeline\\Pipeline::carry():194}:195}()
#9 /mnt/Felo/Courses/learing/PHP/Laravel/Gorge/vendor/laravel/framework/src/Illuminate/Pipeline/Pipeline.php(219): App\\Http\\Middleware\\SecurityHeadersMiddleware->handle()
#10 /mnt/Felo/Courses/learing/PHP/Laravel/Gorge/vendor/laravel/framework/src/Illuminate/Routing/Middleware/SubstituteBindings.php(52): Illuminate\\Pipeline\\Pipeline->{closure:{closure:Illuminate\\Pipeline\\Pipeline::carry():194}:195}()
#11 /mnt/Felo/Courses/learing/PHP/Laravel/Gorge/vendor/laravel/framework/src/Illuminate/Pipeline/Pipeline.php(219): Illuminate\\Routing\\Middleware\\SubstituteBindings->handle()
#12 /mnt/Felo/Courses/learing/PHP/Laravel/Gorge/vendor/laravel/framework/src/Illuminate/Auth/Middleware/Authenticate.php(63): Illuminate\\Pipeline\\Pipeline->{closure:{closure:Illuminate\\Pipeline\\Pipeline::carry():194}:195}()
#13 /mnt/Felo/Courses/learing/PHP/Laravel/Gorge/vendor/laravel/framework/src/Illuminate/Pipeline/Pipeline.php(219): Illuminate\\Auth\\Middleware\\Authenticate->handle()
#14 /mnt/Felo/Courses/learing/PHP/Laravel/Gorge/vendor/laravel/framework/src/Illuminate/Foundation/Http/Middleware/PreventRequestForgery.php(104): Illuminate\\Pipeline\\Pipeline->{closure:{closure:Illuminate\\Pipeline\\Pipeline::carry():194}:195}()
#15 /mnt/Felo/Courses/learing/PHP/Laravel/Gorge/vendor/laravel/framework/src/Illuminate/Pipeline/Pipeline.php(219): Illuminate\\Foundation\\Http\\Middleware\\PreventRequestForgery->handle()
#16 /mnt/Felo/Courses/learing/PHP/Laravel/Gorge/vendor/laravel/framework/src/Illuminate/View/Middleware/ShareErrorsFromSession.php(48): Illuminate\\Pipeline\\Pipeline->{closure:{closure:Illuminate\\Pipeline\\Pipeline::carry():194}:195}()
#17 /mnt/Felo/Courses/learing/PHP/Laravel/Gorge/vendor/laravel/framework/src/Illuminate/Pipeline/Pipeline.php(219): Illuminate\\View\\Middleware\\ShareErrorsFromSession->handle()
#18 /mnt/Felo/Courses/learing/PHP/Laravel/Gorge/vendor/laravel/framework/src/Illuminate/Session/Middleware/StartSession.php(120): Illuminate\\Pipeline\\Pipeline->{closure:{closure:Illuminate\\Pipeline\\Pipeline::carry():194}:195}()
#19 /mnt/Felo/Courses/learing/PHP/Laravel/Gorge/vendor/laravel/framework/src/Illuminate/Session/Middleware/StartSession.php(63): Illuminate\\Session\\Middleware\\StartSession->handleStatefulRequest()
#20 /mnt/Felo/Courses/learing/PHP/Laravel/Gorge/vendor/laravel/framework/src/Illuminate/Pipeline/Pipeline.php(219): Illuminate\\Session\\Middleware\\StartSession->handle()
#21 /mnt/Felo/Courses/learing/PHP/Laravel/Gorge/vendor/laravel/framework/src/Illuminate/Cookie/Middleware/AddQueuedCookiesToResponse.php(36): Illuminate\\Pipeline\\Pipeline->{closure:{closure:Illuminate\\Pipeline\\Pipeline::carry():194}:195}()
#22 /mnt/Felo/Courses/learing/PHP/Laravel/Gorge/vendor/laravel/framework/src/Illuminate/Pipeline/Pipeline.php(219): Illuminate\\Cookie\\Middleware\\AddQueuedCookiesToResponse->handle()
#23 /mnt/Felo/Courses/learing/PHP/Laravel/Gorge/vendor/laravel/framework/src/Illuminate/Cookie/Middleware/EncryptCookies.php(74): Illuminate\\Pipeline\\Pipeline->{closure:{closure:Illuminate\\Pipeline\\Pipeline::carry():194}:195}()
#24 /mnt/Felo/Courses/learing/PHP/Laravel/Gorge/vendor/laravel/framework/src/Illuminate/Pipeline/Pipeline.php(219): Illuminate\\Cookie\\Middleware\\EncryptCookies->handle()
#25 /mnt/Felo/Courses/learing/PHP/Laravel/Gorge/vendor/laravel/framework/src/Illuminate/Pipeline/Pipeline.php(137): Illuminate\\Pipeline\\Pipeline->{closure:{closure:Illuminate\\Pipeline\\Pipeline::carry():194}:195}()
#26 /mnt/Felo/Courses/learing/PHP/Laravel/Gorge/vendor/laravel/framework/src/Illuminate/Routing/Router.php(821): Illuminate\\Pipeline\\Pipeline->then()
#27 /mnt/Felo/Courses/learing/PHP/Laravel/Gorge/vendor/laravel/framework/src/Illuminate/Routing/Router.php(800): Illuminate\\Routing\\Router->runRouteWithinStack()
#28 /mnt/Felo/Courses/learing/PHP/Laravel/Gorge/vendor/laravel/framework/src/Illuminate/Routing/Router.php(764): Illuminate\\Routing\\Router->runRoute()
#29 /mnt/Felo/Courses/learing/PHP/Laravel/Gorge/vendor/laravel/framework/src/Illuminate/Routing/Router.php(753): Illuminate\\Routing\\Router->dispatchToRoute()
#30 /mnt/Felo/Courses/learing/PHP/Laravel/Gorge/vendor/laravel/framework/src/Illuminate/Foundation/Http/Kernel.php(200): Illuminate\\Routing\\Router->dispatch()
#31 /mnt/Felo/Courses/learing/PHP/Laravel/Gorge/vendor/laravel/framework/src/Illuminate/Pipeline/Pipeline.php(180): Illuminate\\Foundation\\Http\\Kernel->{closure:Illuminate\\Foundation\\Http\\Kernel::dispatchToRouter():197}()
#32 /mnt/Felo/Courses/learing/PHP/Laravel/Gorge/vendor/laravel/framework/src/Illuminate/Foundation/Http/Middleware/TransformsRequest.php(21): Illuminate\\Pipeline\\Pipeline->{closure:Illuminate\\Pipeline\\Pipeline::prepareDestination():178}()
#33 /mnt/Felo/Courses/learing/PHP/Laravel/Gorge/vendor/laravel/framework/src/Illuminate/Foundation/Http/Middleware/ConvertEmptyStringsToNull.php(31): Illuminate\\Foundation\\Http\\Middleware\\TransformsRequest->handle()
#34 /mnt/Felo/Courses/learing/PHP/Laravel/Gorge/vendor/laravel/framework/src/Illuminate/Pipeline/Pipeline.php(219): Illuminate\\Foundation\\Http\\Middleware\\ConvertEmptyStringsToNull->handle()
#35 /mnt/Felo/Courses/learing/PHP/Laravel/Gorge/vendor/laravel/framework/src/Illuminate/Foundation/Http/Middleware/TransformsRequest.php(21): Illuminate\\Pipeline\\Pipeline->{closure:{closure:Illuminate\\Pipeline\\Pipeline::carry():194}:195}()
#36 /mnt/Felo/Courses/learing/PHP/Laravel/Gorge/vendor/laravel/framework/src/Illuminate/Foundation/Http/Middleware/TrimStrings.php(51): Illuminate\\Foundation\\Http\\Middleware\\TransformsRequest->handle()
#37 /mnt/Felo/Courses/learing/PHP/Laravel/Gorge/vendor/laravel/framework/src/Illuminate/Pipeline/Pipeline.php(219): Illuminate\\Foundation\\Http\\Middleware\\TrimStrings->handle()
#38 /mnt/Felo/Courses/learing/PHP/Laravel/Gorge/vendor/laravel/framework/src/Illuminate/Http/Middleware/ValidatePostSize.php(27): Illuminate\\Pipeline\\Pipeline->{closure:{closure:Illuminate\\Pipeline\\Pipeline::carry():194}:195}()
#39 /mnt/Felo/Courses/learing/PHP/Laravel/Gorge/vendor/laravel/framework/src/Illuminate/Pipeline/Pipeline.php(219): Illuminate\\Http\\Middleware\\ValidatePostSize->handle()
#40 /mnt/Felo/Courses/learing/PHP/Laravel/Gorge/vendor/laravel/framework/src/Illuminate/Foundation/Http/Middleware/PreventRequestsDuringMaintenance.php(109): Illuminate\\Pipeline\\Pipeline->{closure:{closure:Illuminate\\Pipeline\\Pipeline::carry():194}:195}()
#41 /mnt/Felo/Courses/learing/PHP/Laravel/Gorge/vendor/laravel/framework/src/Illuminate/Pipeline/Pipeline.php(219): Illuminate\\Foundation\\Http\\Middleware\\PreventRequestsDuringMaintenance->handle()
#42 /mnt/Felo/Courses/learing/PHP/Laravel/Gorge/vendor/laravel/framework/src/Illuminate/Http/Middleware/HandleCors.php(61): Illuminate\\Pipeline\\Pipeline->{closure:{closure:Illuminate\\Pipeline\\Pipeline::carry():194}:195}()
#43 /mnt/Felo/Courses/learing/PHP/Laravel/Gorge/vendor/laravel/framework/src/Illuminate/Pipeline/Pipeline.php(219): Illuminate\\Http\\Middleware\\HandleCors->handle()
#44 /mnt/Felo/Courses/learing/PHP/Laravel/Gorge/vendor/laravel/framework/src/Illuminate/Http/Middleware/TrustProxies.php(58): Illuminate\\Pipeline\\Pipeline->{closure:{closure:Illuminate\\Pipeline\\Pipeline::carry():194}:195}()
#45 /mnt/Felo/Courses/learing/PHP/Laravel/Gorge/vendor/laravel/framework/src/Illuminate/Pipeline/Pipeline.php(219): Illuminate\\Http\\Middleware\\TrustProxies->handle()
#46 /mnt/Felo/Courses/learing/PHP/Laravel/Gorge/vendor/laravel/framework/src/Illuminate/Foundation/Http/Middleware/InvokeDeferredCallbacks.php(22): Illuminate\\Pipeline\\Pipeline->{closure:{closure:Illuminate\\Pipeline\\Pipeline::carry():194}:195}()
#47 /mnt/Felo/Courses/learing/PHP/Laravel/Gorge/vendor/laravel/framework/src/Illuminate/Pipeline/Pipeline.php(219): Illuminate\\Foundation\\Http\\Middleware\\InvokeDeferredCallbacks->handle()
#48 /mnt/Felo/Courses/learing/PHP/Laravel/Gorge/vendor/laravel/framework/src/Illuminate/Http/Middleware/ValidatePathEncoding.php(28): Illuminate\\Pipeline\\Pipeline->{closure:{closure:Illuminate\\Pipeline\\Pipeline::carry():194}:195}()
#49 /mnt/Felo/Courses/learing/PHP/Laravel/Gorge/vendor/laravel/framework/src/Illuminate/Pipeline/Pipeline.php(219): Illuminate\\Http\\Middleware\\ValidatePathEncoding->handle()
#50 /mnt/Felo/Courses/learing/PHP/Laravel/Gorge/vendor/laravel/framework/src/Illuminate/Pipeline/Pipeline.php(137): Illuminate\\Pipeline\\Pipeline->{closure:{closure:Illuminate\\Pipeline\\Pipeline::carry():194}:195}()
#51 /mnt/Felo/Courses/learing/PHP/Laravel/Gorge/vendor/laravel/framework/src/Illuminate/Foundation/Http/Kernel.php(175): Illuminate\\Pipeline\\Pipeline->then()
#52 /mnt/Felo/Courses/learing/PHP/Laravel/Gorge/vendor/laravel/framework/src/Illuminate/Foundation/Http/Kernel.php(144): Illuminate\\Foundation\\Http\\Kernel->sendRequestThroughRouter()
#53 /mnt/Felo/Courses/learing/PHP/Laravel/Gorge/vendor/laravel/framework/src/Illuminate/Foundation/Application.php(1220): Illuminate\\Foundation\\Http\\Kernel->handle()
#54 /mnt/Felo/Courses/learing/PHP/Laravel/Gorge/public/index.php(20): Illuminate\\Foundation\\Application->handleRequest()
#55 /mnt/Felo/Courses/learing/PHP/Laravel/Gorge/vendor/laravel/framework/src/Illuminate/Foundation/resources/server.php(23): require_once('...')
#56 {main}
"} 
